# Blender 4.1.1
# www.blender.org
mtllib ScytheV2.mtl
o Scythe
v -2.486759 -0.198734 5.921799
v -2.123878 -0.379921 5.716110
v -3.054993 0.073956 5.924454
v -3.034972 -0.051570 5.523239
v -2.619554 -0.169670 5.514572
v -2.121522 -0.314422 6.131317
v -2.403827 -0.057140 6.318054
v -2.876224 0.102002 6.284088
v -2.782085 0.313019 6.615265
v -3.041639 0.485962 6.347260
v -3.245882 0.425103 6.003891
v -1.688557 -0.694530 6.159348
v -2.312925 0.151963 6.652100
v -2.829149 0.751400 6.609726
v -3.272187 0.310093 5.619797
v -3.294315 0.116105 5.267410
v -2.817442 -0.133426 5.147461
v -2.210086 -0.321388 5.290695
v -1.755874 -0.751449 5.762726
v -1.374827 -0.916336 6.306335
v -2.559358 0.556115 6.868790
v -3.080587 0.901238 6.294296
v -3.211648 -0.046920 4.911148
v -1.892451 -0.292526 4.996994
v -1.482388 -1.048263 5.854935
v -3.399833 0.581993 4.966782
v -2.275751 -0.198509 4.905075
v -1.552811 -0.615493 5.175476
v -1.538447 -0.488060 6.486038
v -2.103203 -0.182041 6.550629
v -2.314125 0.902840 6.990219
v -2.645181 1.068818 6.795776
v -3.367857 0.702755 5.579727
v -1.936243 -0.339550 4.593338
v -1.249912 -1.330463 6.233734
v -1.113094 -0.787494 6.604858
v -2.257283 0.296174 7.028259
v -2.133184 0.570855 7.306732
v -3.373392 0.296448 4.685272
v -1.309626 -0.934974 5.153015
v -1.363504 -1.212799 5.490799
v -0.960986 -1.455383 6.485291
v -3.305755 0.876973 5.946274
v -3.146831 -0.037162 4.471176
v -2.632348 -0.112026 4.622787
v -1.329136 -1.616725 5.550415
v -1.411180 -1.556327 5.939606
v -1.151750 -1.751770 6.213684
v -1.069493 -1.156242 6.764404
v -1.755505 -0.021316 7.093826
v -2.035510 1.175206 7.182098
v -2.365228 1.410393 6.924744
v -2.688979 1.443703 6.661224
v -3.409573 1.197934 5.527969
v -3.350980 1.608956 5.447601
v -3.416622 1.203213 4.959305
v -1.600899 -0.607372 4.763336
v -0.810370 -1.989486 6.161942
v -0.842315 -1.858959 6.558273
v -1.203725 -0.558372 6.934830
v -1.837176 0.293873 7.375977
v -3.005487 1.226517 6.531387
v -3.492021 1.722618 5.075729
v -3.460071 0.256565 4.294754
v -2.124207 -0.259761 4.171829
v -1.554272 -0.607891 4.352814
v -1.039961 -1.577693 6.921188
v -1.049855 -1.309284 7.255905
v -1.153812 -0.247165 7.186432
v -1.786437 0.506322 7.713531
v -1.854461 0.854405 7.519531
v -2.176432 1.568703 7.259796
v -2.656609 1.715027 6.970352
v -3.385595 1.418866 5.865921
v -3.452769 0.635670 4.436768
v -3.291284 -0.048080 4.080276
v -3.928682 0.067051 3.464493
v -2.484599 -0.149330 3.998703
v -1.336840 -1.226303 4.860519
v -1.135760 -1.720501 5.170563
v -0.425876 -2.105083 6.524582
v -0.849413 -1.878291 7.126541
v -0.821193 -1.590114 7.434448
v -0.997015 -0.906784 7.098633
v -0.993728 -0.167655 7.555634
v -1.505490 0.036721 7.404465
v -3.270861 1.738480 6.091583
v -3.638941 0.220700 3.922836
v -4.249118 0.095108 3.136261
v -3.427192 -0.196438 3.344162
v -2.183694 -0.260292 3.738754
v -1.483627 -1.070507 4.491196
v -1.169405 -1.876007 5.825500
v -0.795570 -2.035003 5.728790
v -0.352428 -2.334156 6.190231
v -0.051926 -2.119522 6.378830
v -0.469020 -2.097305 6.932953
v -0.412398 -1.375697 7.761551
v -1.713691 1.272515 7.417984
v -2.531415 2.049424 7.171524
v -3.522708 2.053322 5.371094
v -3.608375 1.834343 4.689362
v -3.861553 0.423836 3.658707
v -4.148713 0.448281 3.353149
v -4.558290 0.191475 2.650253
v -4.015488 -0.177013 2.929268
v -3.208078 -0.209949 3.693588
v -0.537678 -2.490497 5.867340
v -0.769053 -1.223354 7.602036
v -0.807418 -0.676139 7.373718
v -1.169804 0.161992 7.805740
v -1.436604 0.423546 7.952820
v -1.574730 1.078847 7.753540
v -1.867435 1.672181 7.504608
v -3.024706 2.050118 6.726212
v -3.168181 1.736287 6.507965
v -3.479255 1.183682 4.553421
v -3.657258 0.620537 3.970657
v -4.546021 0.497437 2.967598
v -4.379144 0.165684 2.213745
v -3.607300 -0.171097 2.894287
v -2.892964 -0.147270 3.954727
v -2.453386 -0.254127 3.434280
v -1.622632 -0.742912 3.961929
v -1.427146 -1.471611 4.532410
v -0.991352 -2.057037 5.343735
v -0.471880 -2.489070 5.390030
v -0.165891 -2.873268 5.781326
v -0.093040 -2.640434 6.117828
v -0.287215 -1.984004 7.279922
v -0.271786 -1.742221 7.681198
v -0.343039 -0.966510 7.744995
v -2.157509 1.974560 7.377594
v -4.752240 0.487591 2.374008
v -4.178816 -0.062843 2.480629
v -3.167672 -0.208881 3.014442
v -2.944053 -0.210991 3.375931
v -1.468215 -1.154110 4.091644
v 0.290098 -3.038890 6.051437
v -0.084687 -2.245964 6.819351
v -0.006320 -1.592292 7.942642
v -0.354861 -0.542495 7.876190
v -0.639053 -0.201198 7.776672
v -1.314659 0.736542 8.189209
v -1.538208 1.489995 7.736130
v -3.470912 2.207909 6.162292
v -3.496243 2.132672 5.768829
v -3.544817 2.162190 4.975311
v -4.958259 0.824341 2.306648
v -3.075950 -0.276520 2.615822
v -2.674629 -0.302200 3.059402
v -1.154901 -1.853588 4.535751
v -0.640069 -2.190002 5.156906
v -0.129100 -2.528049 5.174850
v -0.093452 -2.872825 5.374619
v 0.108848 -3.156002 5.644547
v 0.299541 -2.667655 6.253418
v 0.080357 -2.165164 7.185593
v -3.084825 2.417065 6.913727
v -3.678210 2.499192 5.782257
v -3.594919 2.441956 5.270691
v -3.757938 2.132179 4.362930
v -3.701646 1.697338 4.315872
v -3.595399 0.950623 4.214294
v -4.467875 0.874848 3.107903
v -4.954900 0.988442 2.671646
v -4.551350 0.499211 2.013145
v -2.133532 -0.557819 3.267105
v -1.630914 -0.874778 3.566498
v -1.398135 -1.548721 4.112061
v -1.159726 -1.933857 4.107147
v -0.934859 -1.975212 4.911270
v 0.431182 -3.407176 5.834885
v 0.658097 -3.186115 6.144364
v 0.711005 -2.783878 6.284790
v 0.558000 -2.218997 6.223480
v 0.356138 -1.952903 7.868866
v -0.054371 -1.180740 7.969482
v -0.036809 -0.773330 7.993332
v -1.000332 0.405209 8.091400
v -2.265719 2.370472 7.380219
v -2.731475 2.404519 7.106064
v -3.762309 2.840420 5.565887
v -3.893934 0.835350 3.705093
v -4.157152 0.847142 3.397583
v -5.128500 1.193531 2.308846
v -4.912488 1.057968 1.967987
v -4.298162 0.485367 1.697647
v 0.929381 -2.202671 6.371384
v 0.489677 -2.511371 6.770996
v 0.092597 -1.958545 7.564484
v 0.230923 -0.717517 8.322418
v -0.341577 -0.172172 8.046921
v -1.336714 1.249779 8.064636
v -1.487085 1.856187 7.911118
v -3.421895 2.436680 6.488159
v -3.613564 2.744442 4.891663
v -3.687442 2.451691 4.595535
v -3.814890 2.505306 4.219788
v -3.928254 1.982647 4.023224
v -3.779322 1.176098 3.902771
v -5.039372 1.489983 2.620956
v -3.904134 0.359356 1.801346
v -3.757705 -0.034416 2.429367
v -3.349672 -0.091961 2.239670
v -3.039494 -0.204567 2.001869
v -2.267810 -0.561455 2.887093
v -1.775174 -0.791519 3.184372
v -1.431485 -1.212223 3.673309
v -0.803399 -2.191810 4.177017
v -0.749155 -2.186558 4.606140
v -0.382188 -2.370433 4.893509
v -0.063847 -2.981273 4.981567
v 0.312673 -3.121273 5.091232
v 0.694348 -3.611507 5.585221
v 0.955546 -3.777133 5.921433
v 1.015912 -3.398643 6.192215
v 1.011887 -2.554122 6.145386
v 0.382297 -2.445789 7.175415
v 0.332326 -1.675136 8.204758
v -0.039010 -0.417602 8.184570
v -0.742716 0.093041 8.060822
v -0.614237 1.253457 8.471710
v -0.202838 1.231129 8.403656
v -1.882341 2.063427 7.658325
v -2.867254 2.784489 7.089203
v -3.874268 1.580353 3.955795
v -4.715946 1.209824 2.937263
v -4.683672 0.777084 1.751854
v -3.611962 0.137928 2.015511
v -2.825500 -0.403328 2.327156
v -0.472000 -2.710834 4.684174
v 0.444429 -3.332157 5.416901
v 1.328376 -3.723590 6.149842
v 0.477369 -1.961879 7.356766
v 0.799022 -1.959693 7.767303
v 0.671262 -1.892875 8.155914
v 0.191840 -1.303409 8.269531
v 0.462050 -1.054233 8.443176
v -0.946192 0.763367 8.382233
v -1.006637 1.170365 8.357986
v -0.249513 1.652119 8.236374
v -0.710737 1.593640 8.243332
v -2.493755 2.691674 7.308777
v -3.667450 2.764817 6.106812
v -3.873315 3.139870 5.835800
v -4.029694 1.213547 3.583450
v -4.296194 1.210991 3.283646
v -5.289490 1.631039 2.287895
v -3.282187 0.051357 1.747002
v -2.287354 -0.788208 2.416977
v -1.203287 -1.549389 3.538727
v -0.695149 -2.516845 4.385239
v -0.212068 -3.174251 4.633271
v 1.229550 -3.998973 5.697068
v 1.552491 -4.077152 5.994874
v 1.461415 -3.269916 6.138855
v 1.230686 -2.942024 6.151352
v 0.914706 -2.488883 6.712555
v 0.749788 -2.424430 7.369629
v 0.278485 -0.284976 8.408936
v -0.552680 0.671658 8.453400
v -0.985611 1.822007 8.051102
v -1.769081 2.476635 7.670731
v -3.899394 3.422780 5.531066
v -4.088259 1.742611 3.654419
v -4.564402 1.592232 3.021362
v -4.838444 1.799298 2.783012
v -5.225631 1.752468 1.889473
v -4.990008 1.453079 1.728676
v -1.973325 -0.872734 2.833115
v -0.417428 -2.914890 4.266083
v -0.138445 -3.271660 4.249741
v 0.119238 -3.546215 4.576249
v 0.793803 -3.203113 5.252488
v 1.138947 -3.736446 5.382935
v 1.034300 -2.740566 7.312073
v 0.573258 -1.502895 8.479340
v 1.179156 -0.750690 8.557373
v -0.073527 -0.030998 8.334412
v -0.479631 0.272153 8.334396
v 0.075013 0.672864 8.427429
v -0.955286 2.129651 7.648193
v -1.370184 2.410595 7.635574
v -1.987131 2.819897 7.535858
v -2.295114 3.048516 7.398529
v -3.082395 3.093010 6.939270
v -3.625883 3.023552 4.583878
v -3.740690 2.951897 4.198944
v -3.998055 2.746868 3.944198
v -4.107925 2.164528 3.686477
v -4.314111 1.606961 3.348785
v -3.568225 0.231106 1.522011
v -3.235721 0.114430 1.314606
v -2.839190 -0.229954 1.640724
v -1.378259 -1.170486 3.174500
v -1.139606 -1.955154 3.683136
v -0.950396 -2.330639 3.766983
v -0.598560 -2.470302 3.949188
v 0.399565 -3.823776 4.750977
v 0.458287 -3.529377 5.042374
v 1.702236 -4.310703 5.649552
v 1.820561 -3.245433 6.373414
v 1.296099 -2.142349 8.154953
v 1.079833 -1.787380 8.252701
v 0.839985 -1.085975 8.588867
v 0.707464 -0.512676 8.448959
v 0.157407 0.276242 8.454437
v -3.755251 3.393467 6.132797
v -3.862234 3.761166 5.262146
v -4.182206 2.588627 3.620514
v -4.810412 1.136040 1.533935
v -2.664949 -0.563724 1.997673
v 0.359113 -3.814152 4.314789
v 0.868394 -3.545768 5.057404
v 1.574418 -4.023746 5.350403
v 1.636605 -2.911880 6.225555
v 0.991465 -2.096817 7.241837
v 1.210707 -2.258762 7.748444
v 1.012505 -1.477813 8.504196
v 1.069533 -0.357730 8.525543
v 0.094736 1.330430 8.126938
v 0.311538 0.960557 8.085007
v 0.110233 1.701855 7.978897
v -0.647346 1.942097 7.870026
v -1.501733 2.708500 7.385971
v -1.878105 3.077519 7.244278
v -3.433266 3.111920 6.736511
v -3.672640 3.145127 4.965622
v -4.780162 2.192868 2.726249
v -5.111767 1.977299 2.407501
v -5.261651 2.157173 1.947449
v -3.899648 0.419594 1.370987
v -1.854184 -1.097027 2.009201
v -1.938356 -0.992332 2.447227
v 0.505062 -3.593582 3.942902
v 0.635885 -4.168495 4.337586
v 0.690254 -4.158538 4.740448
v 1.946078 -4.188636 5.948441
v 1.794301 -3.462192 6.000092
v 1.379364 -1.993938 7.138214
v 1.568558 -2.459003 7.948807
v 1.590299 -0.767776 8.543686
v -0.249167 1.987340 7.920303
v -1.043715 2.462414 7.402786
v -2.682519 3.109444 7.266800
v -3.642962 3.061959 6.374817
v -3.816854 3.782971 5.711074
v -3.786008 3.532975 4.942550
v -3.955327 3.055683 3.685379
v -4.593975 2.001312 3.047943
v -5.134701 2.166737 1.550362
v -4.264078 0.681252 1.238304
v -3.492856 0.303658 1.036331
v -2.490867 -0.594417 1.621941
v -2.281197 -0.801899 2.006195
v -1.600760 -1.204963 2.406738
v -1.400300 -1.254333 2.774376
v 0.204054 -3.309044 3.922394
v 0.938365 -3.894260 3.943192
v 1.939047 -4.271480 3.946274
v 1.484510 -4.146194 3.960846
v 1.231378 -4.590503 4.564652
v 1.383604 -3.501476 4.954499
v 1.915706 -4.225753 5.265671
v 2.107057 -4.489051 5.619126
v 2.062201 -3.755630 5.932435
v 1.536781 -2.698711 7.100052
v 1.364818 -1.482589 8.241348
v 0.713100 0.223233 8.299454
v 0.486249 0.557568 8.286331
v 0.625126 1.076348 7.811600
v -0.622688 2.159779 7.412048
v -2.586850 3.596295 7.114440
v -2.921240 3.858090 6.887725
v -2.973162 3.476368 7.076232
v -3.695277 3.794171 6.095230
v -3.801791 4.155449 5.295990
v -4.363333 2.164658 3.359573
v -5.054061 1.772164 1.478859
v -4.542525 1.084068 1.232452
v -2.836092 -0.123554 1.192444
v -2.184731 -0.901737 1.627030
v -0.632729 -2.538845 3.545044
v -0.185904 -2.673397 3.712799
v 0.846431 -3.214451 3.848664
v 1.374002 -3.755127 3.918579
v 1.828094 -3.881862 3.903504
v 1.085903 -4.312389 4.061722
v 1.355062 -4.687374 4.193223
v 1.095182 -4.280197 4.844742
v 1.053770 -3.907306 4.989167
v 2.307921 -4.044143 5.168595
v 2.030455 -3.205711 6.946061
v 1.618921 -1.866630 8.113052
v 1.608720 -1.140190 8.272476
v 1.483372 -0.379394 8.499252
v 0.819296 0.508843 7.947525
v -2.238019 3.388291 7.138183
v -2.703791 4.097859 6.570968
v -3.080821 4.250576 6.305862
v -3.483639 4.220212 5.898925
v -3.466573 4.007462 6.449768
v -3.568363 3.509743 6.481018
v -3.333825 3.611748 6.796676
v -3.387156 4.403126 5.537750
v -3.814312 3.944890 4.907653
v -3.788799 3.408085 3.884002
v -4.153074 2.889641 3.357712
v -4.772773 2.539593 2.483413
v -2.533354 -0.421848 1.167908
v -1.723557 -0.968342 1.599800
v -1.419991 -1.051868 1.998978
v -1.170741 -1.278194 2.442795
v -0.927662 -1.657245 3.024742
v -0.724015 -2.193901 3.346222
v 0.104980 -2.961803 3.749192
v 0.909578 -2.812382 3.817826
v 1.257626 -3.339382 3.881943
v 1.676433 -4.600040 3.919403
v 1.709170 -4.855217 4.438111
v 1.599222 -4.438720 4.772950
v 1.752372 -3.347614 4.879303
v 2.350655 -4.533123 5.302292
v 2.692337 -3.234180 6.762894
v 1.845475 -2.167209 7.888077
v 1.162879 -0.020797 8.318115
v 0.827436 1.088650 7.450928
v -0.239091 2.224167 7.555435
v -4.468809 2.444794 2.859260
v -4.545902 2.830673 2.671234
v -5.080747 2.504780 1.778625
v -4.948153 2.430660 1.175606
v -3.907291 0.489540 0.875732
v 0.516799 -2.968815 3.751267
v 1.301181 -2.832729 3.918045
v 1.649691 -3.435093 3.925476
v 2.201306 -4.858314 4.328843
v 1.975961 -4.535663 4.618226
v 1.467170 -3.975669 4.915040
v 2.098456 -3.634044 5.117768
v 2.714726 -4.207839 5.121674
v 2.425039 -4.201019 5.527298
v 2.388474 -3.461277 6.618195
v 3.238054 -3.303371 6.527192
v 3.004259 -2.971912 6.819870
v 1.665730 -2.309303 7.131546
v 1.757479 -2.533111 7.551392
v 1.647933 -1.525661 7.896637
v 2.014166 -1.187808 8.211517
v 1.162666 0.301770 8.031235
v 0.117523 2.072449 7.753235
v -0.743955 2.415810 7.116409
v -1.137300 2.787629 7.179794
v -1.841558 3.410122 7.021972
v -2.198071 4.079278 6.550323
v -3.112519 4.417096 5.836029
v -3.736432 3.619019 4.294647
v -5.020326 2.341881 2.218498
v -4.947032 2.029739 1.156486
v -4.513069 1.431675 0.825310
v -3.609931 0.333405 0.626038
v -3.038967 0.058167 0.878113
v -2.635229 -0.215164 0.826454
v -0.675536 -1.077404 1.875519
v -0.778022 -1.264007 2.578568
v 1.627386 -3.024910 4.048569
v 2.064569 -3.620670 4.108307
v 2.319551 -4.176906 4.077302
v 2.086184 -4.751579 3.873200
v 2.227979 -5.130123 3.982773
v 1.799164 -5.016582 4.063904
v 1.984287 -4.143909 4.716416
v 2.145404 -3.536968 4.702775
v 1.914736 -0.812583 8.312164
v 0.485398 1.395173 7.551392
v -0.291764 2.457234 7.219345
v -2.454782 3.871064 6.790069
v -3.746968 4.321717 4.723281
v -3.775217 3.960144 4.500167
v -4.007368 3.444371 3.537094
v -4.209180 3.289078 3.216186
v -4.551780 3.191143 2.484039
v -4.637901 2.860577 2.266243
v -4.888770 2.698112 1.476166
v -4.761362 1.672135 1.028511
v -3.884357 0.508232 0.386909
v -1.431910 -0.815769 1.074860
v -1.295331 -0.989799 1.451622
v -0.408941 -1.120170 2.267715
v -0.424987 -1.384708 2.815895
v -0.537830 -1.755172 2.973793
v 0.119060 -2.512130 3.506684
v 0.512944 -2.463081 3.590225
v 0.890548 -2.370258 3.812348
v 2.020921 -2.933548 4.099060
v 2.443928 -4.555755 4.173325
v 2.504133 -4.832496 3.890030
v 1.810997 -3.740787 4.830048
v 3.419660 -3.662834 6.223618
v 3.040362 -4.254127 5.797181
v 3.583007 -3.137264 6.369125
v 3.290515 -2.699493 6.731857
v 2.991230 -2.553161 6.997955
v 2.487184 -2.495853 7.336212
v 2.326695 -2.827613 7.155151
v 2.046526 -1.558967 7.886627
v 1.569972 -0.017803 8.291046
v 1.285346 0.927338 7.434296
v 0.380514 1.857232 7.451935
v -0.748221 2.779080 6.857544
v -2.052255 3.758198 6.837844
v -2.690663 4.307755 6.185577
v -3.273456 4.431798 4.882415
v -3.771740 3.809551 3.916275
v -4.387609 2.964897 3.021103
v -4.815946 2.807087 1.902542
v -2.078177 -0.731144 1.052582
v -1.488892 -0.600361 0.714813
v -0.416593 -0.766525 1.965378
v -0.110002 -0.755623 2.297882
v 0.269164 -0.998436 2.835213
v -0.127654 -1.108745 2.675133
v -0.123172 -1.841839 3.037842
v -0.243834 -2.358497 3.316574
v 1.337872 -2.336193 3.918854
v 2.572689 -3.776496 4.818863
v 2.958889 -3.687343 6.345505
v 2.902754 -3.988792 6.084412
v 3.467905 -4.291137 5.646286
v 3.606757 -3.939754 5.917252
v 2.428193 -1.121478 8.088394
v 2.070877 -0.435619 8.311783
v 1.338943 0.508473 7.713943
v -1.344547 3.111550 7.052307
v -2.236151 4.235142 6.171127
v -2.614582 4.484253 5.784194
v -2.722788 4.482113 5.388595
v -3.108979 4.463162 5.251358
v -3.295934 4.368554 4.459655
v -3.669418 4.306321 4.315368
v -4.729181 2.126945 0.798126
v -4.269326 0.963249 0.500595
v -1.831639 -0.473217 0.543984
v -1.092038 -0.599834 0.834915
v -0.889156 -0.987125 1.544876
v -0.664555 -0.628540 1.503708
v 0.275728 -0.697567 2.501305
v -0.008554 -1.448864 3.030952
v 0.224651 -1.777302 3.233002
v 0.329194 -2.150795 3.395493
v 2.354539 -3.837688 4.466599
v 3.785810 -3.431934 6.096833
v 2.989776 -2.165199 7.133804
v 2.455341 -1.609382 7.978638
v 2.546661 -1.111839 7.649628
v 2.252225 -0.787708 7.557648
v 2.235354 -0.752689 8.023102
v 1.938415 0.034718 8.114548
v 1.635518 0.236272 7.913666
v -0.404775 3.026860 6.688126
v -4.351592 3.369450 2.819175
v -4.673470 2.526569 0.780296
v -4.553916 1.796993 0.654274
v -3.054171 0.140389 0.473389
v -1.601583 -0.319569 0.136520
v -1.251225 -0.415878 0.363380
v -0.813811 -0.513027 1.123650
v -0.368025 -0.448891 1.708092
v 0.021749 -0.445377 1.463600
v 0.445489 -0.183548 1.511444
v 0.307699 -0.473305 1.778099
v -0.037078 -0.466469 2.002007
v 0.545566 -1.497867 3.318314
v 1.099633 -2.037769 3.706391
v 3.167115 -4.776313 5.002411
v 2.938236 -4.504959 5.485032
v 3.358045 -4.564453 5.360520
v 3.566911 -2.459911 6.522964
v 3.325151 -2.160289 6.861832
v 2.701008 -2.159126 7.418915
v 2.226058 -0.033126 7.809036
v 2.004277 0.308034 7.747589
v 2.058875 0.796815 7.483215
v 1.619479 0.778004 7.607941
v 1.460371 1.162972 7.088593
v 0.109982 2.474205 7.262085
v -0.274481 2.705739 6.904419
v -0.807514 3.102578 6.597305
v -1.767480 3.917458 6.588989
v -3.983656 3.893440 3.568756
v -4.598720 3.145031 1.899658
v -4.612784 2.996246 1.419494
v -4.651379 2.910572 0.987709
v -2.607855 -0.111675 0.431915
v -2.196839 -0.545074 0.690674
v -1.329341 -0.232208 -0.175987
v -0.504197 0.003468 -0.095558
v -0.874128 -0.194393 0.416618
v -0.587977 -0.204071 0.712425
v 0.438703 -0.553982 2.153275
v 0.657475 -0.848438 2.764900
v 0.578271 -1.128826 3.146118
v 2.685049 -3.074383 3.179306
v 3.190897 -3.938072 4.130982
v 3.809798 -2.827526 6.225586
v 1.787942 1.085896 7.383347
v -0.852442 3.411583 6.345794
v -2.868825 4.377575 4.925399
v -2.888519 4.241009 4.462020
v -4.163007 3.686318 3.179153
v -3.492104 0.294918 0.093796
v -0.907139 -0.093506 -0.059143
v -0.247282 -0.357311 1.137985
v 0.390902 0.221573 1.051048
v 0.535626 0.139675 1.809547
v 0.593326 -0.200332 2.017532
v 0.723547 -0.518875 2.441345
v 0.955283 -0.491932 2.783691
v 1.012530 -0.953842 3.063904
v 0.945024 -1.263016 3.322601
v 1.782060 -2.299553 3.492707
v 2.163825 -2.637993 3.345246
v 3.058968 -3.225891 3.418503
v 2.828451 -3.421505 3.686829
v 3.620372 -4.148887 3.763794
v 3.452318 -4.284519 4.131592
v 3.396192 -5.029319 4.277390
v 3.136573 -1.760627 7.046860
v 2.769097 -1.488258 7.606644
v 2.265934 -0.435798 7.753281
v 2.219746 0.706673 7.086380
v 2.010017 1.160107 6.964371
v 0.601231 2.182106 6.851776
v -1.462929 3.756855 6.350555
v -2.100542 4.186020 5.327087
v -2.435111 4.316983 5.150634
v -3.683941 4.208348 3.895050
v -4.488284 3.503025 2.064232
v -4.302552 1.739437 0.217796
v -4.278868 1.329391 0.320412
v -3.851590 0.417061 -0.044785
v -2.142621 -0.389763 0.251862
v -1.997848 -0.320351 -0.117790
v -0.733071 -0.019932 -0.846413
v -0.440566 0.051117 -0.523232
v -0.449298 -0.076366 0.319588
v 0.116103 -0.168861 1.109695
v 0.177271 0.189499 0.708076
v 1.082972 -0.089039 2.605087
v 1.279739 -0.408153 3.049416
v 2.396272 -2.516170 2.990570
v 2.781161 -2.598564 3.204270
v 3.089031 -2.816910 3.441696
v 3.698258 -3.743625 3.828140
v 3.779958 -4.556121 3.715393
v 3.211044 -4.616893 4.102829
v 3.753910 -4.862514 4.427735
v 4.017746 -4.611412 4.634186
v 4.199289 -4.282066 4.984772
v 4.294993 -3.601535 5.509659
v 4.081279 -3.123310 5.899017
v 3.706004 -2.430812 6.137924
v 2.738981 -1.677562 7.215302
v 1.703674 1.253579 6.684525
v -1.863049 4.105004 6.050628
v -2.118959 4.306099 5.763275
v -2.553102 4.151814 4.717712
v -2.792063 4.246445 4.068389
v -3.194966 4.251236 3.985473
v -4.376805 3.583950 2.452392
v -4.430923 3.451885 1.670082
v -4.397089 3.198799 0.813537
v -4.491340 2.848705 0.611206
v -3.147444 0.120914 -0.151505
v -2.599191 -0.057175 0.034050
v -0.060169 0.118156 0.390724
v -0.161389 -0.112110 0.710175
v 0.267066 0.715153 0.494530
v 0.638313 0.496300 1.612511
v 1.387717 0.260334 2.698364
v 1.530846 -0.086506 2.970795
v 1.554604 -1.911964 3.470597
v 3.218203 -3.551159 3.784989
v 4.069787 -4.168968 3.704529
v 3.416617 -2.148700 6.012619
v 2.122734 -0.825660 7.069214
v 2.367265 -0.296058 7.288849
v 2.377985 0.170136 7.147552
v 1.240470 1.284192 6.624878
v 0.700836 1.705243 6.902176
v 0.349452 2.523106 6.839996
v -4.132206 4.108399 3.253525
v -4.297217 3.809513 2.804352
v -4.291104 3.079868 0.300476
v -4.416657 2.125111 0.321442
v -4.098603 0.507629 -0.356987
v -1.934265 -0.260788 -0.513206
v -0.356514 0.172970 -0.984413
v -0.113373 0.229202 -0.015915
v 0.109371 0.535172 0.157272
v 0.744175 0.915676 0.928368
v 0.990386 0.357887 1.982674
v 0.819701 0.040779 2.314392
v 1.706749 -0.389461 3.211746
v 1.791089 -1.886871 3.090515
v 2.555302 -2.270740 3.316941
v 2.761435 -2.141319 3.863831
v 2.878782 -2.440426 3.565811
v 4.134141 -4.507297 4.095109
v 3.496551 -4.816734 3.840897
v 3.842692 -4.782550 4.040070
v 4.463575 -3.822834 5.154038
v 4.528450 -3.388393 5.255860
v 4.334208 -3.185127 5.586335
v 3.144544 -1.755931 6.147827
v 3.066751 -1.416503 6.680038
v 2.204690 -1.233592 7.112869
v 1.985970 1.063553 6.452423
v 1.586563 1.239838 6.296799
v -0.005844 3.026978 6.644821
v -0.270090 3.270863 6.377044
v -0.677841 3.573193 6.002960
v -3.853243 4.301411 3.490265
v -4.324612 3.933197 2.252311
v -4.301012 3.810787 1.839088
v -4.489817 3.337967 1.239036
v -4.087648 1.396549 -0.052582
v -4.137772 1.043980 -0.263077
v -3.518582 0.246311 -0.326996
v -3.059832 0.106960 -0.563766
v -1.589987 -0.183933 -0.864037
v -0.589334 0.037334 -1.285980
v -0.130278 0.328155 -0.632095
v 0.541719 1.029751 0.517906
v 0.850291 1.232357 0.702141
v 1.225531 0.214245 2.274681
v 1.843579 0.194561 2.836044
v 2.021548 -0.121238 3.046341
v 1.458783 -1.561020 3.257431
v 2.176580 -1.934822 3.212219
v 3.737323 -3.517414 4.195160
v 4.416086 -4.210132 3.915726
v 4.423556 -4.292240 4.423676
v 4.605022 -3.941223 4.767746
v 4.709840 -3.546661 4.851166
v 3.978160 -2.737258 5.858887
v 2.565269 -1.361877 6.990326
v 2.302135 -1.629867 7.157532
v 2.767013 -0.593872 7.229767
v 2.793419 -0.258331 6.980759
v 2.506304 0.344338 6.738770
v 2.426266 0.722870 6.605865
v 1.953591 1.352269 6.150558
v 0.816608 2.058579 6.458649
v -1.770320 4.176400 5.597335
v -2.189993 4.109135 4.910797
v -4.199544 4.208134 2.865280
v -4.195426 4.052292 1.455581
v -4.364013 3.704952 1.348045
v -4.238635 0.542564 -0.792503
v -3.930340 0.349064 -1.056633
v -3.720750 0.310287 -0.672028
v -2.717034 -0.014614 -0.356102
v -1.868505 -0.112125 -1.231888
v -0.288155 0.329677 -1.419914
v -0.025350 0.463863 -1.077835
v 0.649027 1.505814 0.415542
v 1.074390 1.027538 1.159416
v 1.139012 0.627354 1.678192
v 1.404082 0.637634 2.445244
v 1.670051 1.028527 2.551666
v 1.759636 0.561573 2.676498
v 2.126230 -0.481601 3.329514
v 3.123228 -2.410095 3.959824
v 3.341985 -2.755966 3.775528
v 3.335636 -3.151672 3.712097
v 4.097528 -3.789409 3.827744
v 4.619135 -3.879143 3.753754
v 4.856755 -3.560592 4.025025
v 4.739787 -3.967785 4.127442
v 4.821050 -3.722091 4.447388
v 3.575216 -2.349720 5.703247
v 3.207999 -1.897182 5.763092
v 2.874754 -1.395729 6.114059
v 2.484894 -0.918548 7.232300
v 0.989789 1.694924 6.451202
v 0.543532 2.566258 6.452393
v 0.378635 2.893574 6.616562
v 0.456653 3.146306 6.245041
v -1.128131 3.713349 6.104766
v -1.478110 3.998078 6.000152
v -3.509881 4.477246 3.646347
v -3.937927 4.544006 2.779251
v -3.935283 4.475098 2.076507
v -3.963483 4.475418 1.518699
v -4.162447 4.190895 1.829353
v -4.157682 3.938511 1.056251
v -4.310349 3.566238 0.948486
v -4.241621 3.473797 0.201698
v -4.046136 1.782417 -0.266625
v -4.153008 0.936771 -0.656265
v -2.124432 -0.126843 -0.909149
v -1.628947 -0.131649 -2.261086
v -1.347041 0.000984 -2.604019
v -0.750647 0.243656 -2.240486
v 0.459435 1.209713 0.111137
v 0.821997 1.740032 0.732971
v 1.006943 1.480686 1.038658
v 1.319376 0.772442 2.046875
v 1.462876 1.182591 2.211304
v 2.251472 0.238858 3.083939
v 2.391825 -0.170284 3.196289
v 2.513575 -0.642795 3.512589
v 2.131380 -1.668567 3.521378
v 2.403043 -1.864353 3.754746
v 3.220489 -1.999870 4.049469
v 4.098909 -3.380352 4.329270
v 4.392468 -3.547100 4.043061
v 4.398141 -2.971679 5.074738
v 3.886878 -2.642066 5.478226
v 2.735682 -1.196964 6.463287
v 2.968091 -1.312305 7.183762
v 2.723780 -0.398128 6.577484
v 1.352505 1.567910 6.231567
v -2.325941 4.111283 4.388763
v -2.968242 4.398240 3.677109
v -3.734649 4.552505 3.151382
v -3.756098 4.680988 2.369621
v -4.214454 4.256847 2.465164
v -3.589561 4.668621 1.636703
v -3.658936 4.523529 1.222206
v -4.225969 2.136536 -0.129990
v -2.724375 0.033031 -0.785690
v -2.132490 -0.009335 -1.527443
v -1.687113 -0.085972 -1.618561
v -1.989761 -0.033470 -1.988998
v -2.127728 -0.022129 -2.465202
v -2.291290 -0.103119 -2.862114
v -0.637405 0.286171 -2.630974
v -0.350104 0.588020 -2.704475
v -0.383536 0.476005 -2.275208
v -0.354332 0.409782 -1.818306
v 0.033024 1.106674 -0.872955
v 0.416670 1.471165 -0.339668
v 0.679609 1.893379 0.311325
v 1.160255 1.367081 1.394340
v 2.012570 0.573300 2.994934
v 2.492641 0.569084 3.205063
v 1.787816 -1.414036 3.447220
v 2.777671 -1.431755 3.875381
v 3.698329 -3.085533 3.937973
v 4.346146 -3.183910 4.725312
v 2.900935 -0.958366 6.118408
v 2.938905 -0.669433 6.838150
v 2.442034 0.389439 6.284073
v 2.323495 0.967751 6.096603
v 1.758956 1.537377 5.792450
v 0.493792 3.426117 5.622558
v 0.117629 3.466664 6.071975
v -0.259744 3.582474 5.973831
v -0.372995 3.659276 5.587646
v -0.885441 3.769028 5.630065
v -2.374846 4.282597 4.006683
v -2.557137 4.422337 3.667755
v -3.294457 4.703995 1.218444
v -3.907321 4.174938 0.218925
v -3.986999 4.389587 -0.494004
v -3.922819 4.664631 -0.996384
v -3.630466 4.646626 -1.504815
v -4.047760 4.355656 -1.668061
v -4.325028 4.579010 -1.355614
v -4.294560 4.330276 -0.977845
v -4.131076 3.906139 -0.015419
v -4.184657 3.682079 0.561340
v -4.274310 2.567509 -0.323586
v -4.307921 0.505096 -1.238121
v -3.398662 0.148224 -0.902641
v -2.317352 -0.114750 -0.530998
v -1.520977 -0.055657 -2.992119
v -0.322539 0.769226 -3.094444
v -0.216599 0.912563 -1.620667
v -0.092471 0.933327 -1.233162
v 0.481118 1.606750 0.061287
v 1.056433 1.884743 1.067383
v 1.234501 1.213795 1.805992
v 2.648746 0.179482 3.241470
v 2.937580 -1.050155 3.723389
v 2.507984 -1.079376 3.769165
v 4.234184 -2.547798 5.056488
v 3.992114 -2.334579 5.755096
v 3.537994 -1.747627 5.962769
v 3.276595 -1.376941 6.057709
v 2.453185 -0.203743 6.219330
v 2.627192 0.015786 6.535858
v 2.163306 1.342774 5.752563
v 0.836756 2.370820 6.184753
v 0.671764 2.750226 5.932404
v 0.035428 3.613167 5.625473
v -0.763757 3.675408 5.237396
v -1.285224 3.775776 5.708816
v -1.738278 4.042675 4.925445
v -3.030812 4.552472 3.311188
v -3.572791 4.776291 2.784484
v -3.510931 4.733486 2.033066
v -3.992800 4.027222 0.677887
v -3.471044 4.581455 -0.290429
v -3.306031 4.669140 -0.658234
v -3.395925 4.695366 -1.160584
v -3.951374 4.217876 -2.489571
v -4.380590 3.868439 -1.017647
v -4.258692 4.041325 -0.536049
v -4.176995 2.229710 -0.536110
v -3.931392 1.301716 -0.577690
v -4.224366 0.869457 -1.053055
v -3.976065 0.369240 -1.506996
v -3.612749 0.244949 -1.292290
v -2.591232 0.013805 -3.161621
v -1.242147 0.203079 -3.156708
v -0.839449 0.236618 -2.994576
v 0.359114 1.573624 -0.741234
v 0.799271 2.166695 0.581466
v 1.312269 1.641079 1.688545
v 1.380486 1.634945 2.614387
v 2.135000 0.880108 3.235733
v 2.713318 -0.281769 3.435181
v 3.178992 -1.465709 3.791153
v 3.758246 -2.038990 3.811371
v 4.116599 -1.788425 3.831406
v 4.524367 -1.945141 3.785675
v 4.130411 -2.206318 3.831085
v 3.836946 -2.711403 4.068970
v 3.825701 -2.583202 5.023911
v 3.859711 -1.993175 5.953033
v 3.315832 -0.984146 6.128693
v 2.490754 -0.983226 6.165161
v 1.405852 1.775353 5.721512
v 1.038280 2.006691 6.067413
v -1.342446 3.936135 5.341217
v -1.868966 4.164971 4.311309
v -3.346228 4.709846 3.118515
v -3.187589 4.786961 1.801979
v -3.873148 4.245903 1.007019
v -3.672106 4.336349 0.651146
v -3.599354 4.566753 -1.962822
v -3.461071 4.464733 -2.333771
v -3.567392 4.268784 -2.671746
v -3.790232 4.009068 -2.897156
v -4.250397 3.561218 -0.211571
v -4.116351 0.379013 -1.916847
v -3.614507 0.249168 -1.862457
v -2.848170 0.105652 -1.191353
v -2.443417 0.058430 -1.075638
v -2.854224 0.034614 -2.333412
v -2.947426 0.025581 -2.803085
v -3.142162 0.127586 -3.171707
v -2.053354 0.003807 -3.472984
v -1.635234 0.001205 -3.395462
v -0.904905 0.284446 -3.409561
v -0.559939 0.450619 -3.197289
v -0.305115 1.095749 -3.370399
v -0.174195 1.133034 -2.992622
v 0.463727 2.126259 -0.163346
v 0.784119 2.367016 0.937210
v 1.217277 2.080044 1.441658
v 2.780806 0.584641 3.489731
v 2.945632 -0.627849 3.587311
v 3.395427 -0.858600 3.695984
v 3.577915 -1.640899 3.787079
v 4.609253 -2.350792 3.763016
v 4.218837 -2.616943 3.973694
v 3.619947 -2.847923 4.387054
v 4.525126 -2.361187 5.278641
v 4.127971 -1.678783 5.925354
v 2.970639 -0.423477 6.138535
v 2.607604 -0.596782 6.171387
v 2.512196 0.696370 5.862152
v 0.857164 2.374970 5.756409
v 0.737656 2.838902 5.518372
v 0.689991 3.147839 5.233856
v 0.517137 3.516556 5.232376
v -0.194879 3.710694 5.224868
v -0.381844 3.676453 4.859237
v -2.088359 4.478322 3.777435
v -2.594052 4.627991 3.299652
v -3.383435 4.834286 2.426338
v -2.978634 4.805134 1.460334
v -3.355484 4.588474 0.822471
v -3.384665 4.491798 0.413879
v -3.218306 4.564873 0.039039
v -2.978926 4.586754 -0.306847
v -3.570376 3.764900 -3.393105
v -4.196904 3.898441 -2.274239
v -4.336061 3.907589 -1.767365
v -4.355827 3.502945 -0.594124
v -4.308877 3.185684 -0.353646
v -4.067144 1.237366 -0.953537
v -3.871567 0.390354 -2.295975
v -3.162928 0.370830 -3.557739
v -1.711826 0.189937 -3.749573
v -1.345169 0.278507 -3.549660
v 0.157145 1.441864 -2.298622
v 0.449126 1.888233 -0.501801
v 0.274794 2.588753 -0.330475
v 0.943464 2.371231 1.318092
v 1.191061 2.096272 2.560951
v 1.823135 1.001496 3.009010
v 2.863470 0.151779 3.584305
v 3.122385 -0.251640 3.602631
v 3.563603 -1.229965 3.760864
v 3.971740 -1.308872 3.791367
v 4.374109 -1.466026 3.854507
v 3.751724 -2.176979 5.088638
v 3.800900 -1.769718 5.108902
v 4.207166 -2.139438 5.095978
v 4.355755 -1.793705 5.596817
v 4.444616 -2.239742 5.661270
v 3.969200 -1.222904 5.909790
v 3.731032 -0.893360 5.939957
v -1.338547 3.937123 4.882476
v -1.476358 4.035195 4.420303
v -2.777125 4.682076 2.941536
v -3.128074 4.814816 2.745994
v -3.004948 4.633270 0.586029
v -2.826904 4.585529 0.228691
v -2.900589 4.634258 -0.972428
v -3.323989 4.135586 -3.003006
v -3.191030 3.972988 -3.373886
v -3.286475 3.676460 -3.903717
v -4.386545 3.696251 -1.380921
v -4.409792 3.458187 -1.022187
v -4.316376 3.144043 -0.775681
v -4.395692 0.442039 -1.626915
v -4.342508 0.504131 -2.227425
v -3.269162 0.240631 -1.506874
v -2.545448 0.063373 -1.468819
v -2.693954 0.046348 -1.910378
v -2.093526 0.101608 -3.891159
v -2.545935 0.153602 -3.603928
v -0.907110 0.422035 -3.797485
v -0.533304 0.677833 -3.652336
v 0.005986 1.374103 -3.304596
v 0.102647 1.333004 -2.784111
v 0.103757 1.896984 -2.207505
v 0.188916 1.835914 -1.434883
v 0.295401 1.850796 -1.047722
v 0.354649 2.560989 0.083206
v 0.549953 2.518963 0.437393
v 1.343933 1.916016 2.170631
v 2.390541 0.995831 3.533585
v 2.566058 0.716503 3.815918
v 4.183124 -2.560108 4.381897
v 3.795395 -2.490322 4.452072
v 3.807606 -2.871227 4.740753
v 3.441803 -0.568187 5.934540
v 2.760789 0.089848 6.132324
v 2.797918 0.417401 5.895645
v 2.779471 0.636765 5.556000
v 2.330420 0.923802 5.532547
v 2.018677 1.426735 5.384674
v 1.152991 2.072468 5.580170
v 0.098005 3.624238 4.934814
v -2.975542 4.760262 0.973930
v -2.917728 4.590603 -1.377900
v -3.107306 4.498596 -2.143921
v -3.167752 4.338734 -2.687302
v -3.233180 3.557255 -4.290894
v -3.527575 3.320503 -4.128800
v -3.680401 3.337055 -3.729676
v -4.021501 3.630546 -2.785271
v -4.360262 0.880043 -1.531365
v -3.559324 0.236343 -2.524094
v -3.280613 0.136257 -2.235542
v -3.561420 0.460720 -3.356941
v -3.411104 0.620079 -3.812431
v -2.866570 0.477314 -4.105438
v -1.212454 0.359791 -4.067863
v -0.709146 0.713840 -4.017067
v -0.406108 1.051006 -3.778954
v 0.178163 1.687172 -3.008476
v 0.040108 2.164001 -2.573342
v 0.117861 2.200104 -1.925934
v 0.279839 2.940498 0.296852
v 0.767942 2.733440 1.537636
v 1.022115 2.431584 1.726722
v 0.958093 2.434063 2.552200
v 1.125336 1.833267 3.035560
v 1.385479 1.446190 3.104385
v 1.677078 1.287354 3.328049
v 3.525960 -0.439193 3.771225
v 3.807309 -0.833400 3.790329
v 4.260288 -1.055053 3.952087
v 4.710711 -1.532829 4.144440
v 5.011197 -2.287826 3.805664
v 3.442272 -2.415897 4.657211
v 3.429895 -1.681171 4.894287
v 4.112263 -1.610828 5.310364
v 3.900625 -0.937465 5.536850
v 3.622489 -0.771644 5.223267
v 3.695579 -0.569885 5.566223
v 3.422753 -0.239532 5.698669
v 1.597252 1.530415 5.406113
v -2.407884 4.817619 2.803771
v -3.014962 4.818993 2.263137
v -2.538921 4.532223 -0.698746
v -3.144947 4.594292 -1.711090
v -2.767066 4.291546 -2.646469
v -2.899357 4.151157 -3.029557
v -3.844277 3.323833 -3.356735
v -4.295092 3.522442 -2.173699
v -4.354568 3.268097 -1.381790
v -4.280798 2.701138 -0.770027
v -4.049872 1.808456 -0.998284
v -4.092428 1.500690 -1.253906
v -4.432119 0.748814 -1.903999
v -3.560509 0.290355 -2.964798
v -2.510021 0.393299 -4.309296
v -2.115083 0.346271 -4.265503
v -1.595963 0.419387 -4.197838
v -0.172379 1.470028 -3.698883
v 0.012055 1.839462 -3.594185
v 0.118170 2.180343 -3.290840
v 0.115833 2.443195 -2.257706
v 0.228013 2.537106 -0.734490
v 0.225872 2.951969 -0.116318
v 1.067058 2.479794 2.157440
v 0.951615 2.174702 2.900070
v 2.038552 1.190476 3.479660
v 3.201099 0.063149 3.846603
v 4.355793 -0.893978 4.324509
v 4.565425 -1.240524 4.396957
v 4.852695 -1.943061 4.271851
v 4.597851 -2.770618 4.031906
v 3.144743 0.122323 5.733307
v 2.812226 0.397416 5.166550
v 1.031373 1.985688 5.202682
v 0.872609 2.378312 5.302414
v 0.654175 3.323456 4.847381
v 0.100935 3.673931 4.506820
v -0.810996 3.776219 4.526321
v -1.701793 4.300320 3.951904
v -1.139570 4.631634 3.213455
v -2.186015 4.623791 3.212036
v -2.591140 4.769901 0.729202
v -2.442625 4.655602 0.350700
v -2.572248 4.540436 -0.106598
v -4.002109 3.262535 -2.989533
v -4.329726 3.504215 -1.768204
v -4.192525 2.356289 -1.055802
v -4.243338 1.352444 -1.613632
v -4.313700 0.913975 -2.292366
v -3.950946 0.635315 -2.970078
v -3.695565 0.786075 -3.556992
v -3.198366 0.800602 -4.228378
v -2.821419 0.637626 -4.478348
v -2.041952 0.642280 -4.582069
v -1.691255 0.652187 -4.807228
v -0.544764 1.030651 -4.215309
v -0.440874 1.406536 -4.055946
v -0.056634 2.264293 -3.646149
v -0.071546 2.636249 -3.459717
v -0.016725 3.083305 -3.313484
v 0.058020 2.532898 -3.092385
v 0.110826 2.557186 -2.678635
v 0.170709 2.276245 -1.056557
v 2.689015 0.510811 4.614532
v 2.665960 0.702824 4.242676
v 2.884511 0.420494 3.916367
v 4.064041 -0.648155 4.114838
v 4.106252 -0.836383 4.733414
v 4.312697 -1.180771 4.715530
v 4.457736 -1.849373 4.637344
v 4.895511 -2.488743 4.169434
v 4.900195 -2.714237 3.772797
v 4.558351 -2.406780 4.392609
v 3.748786 -1.436927 4.846207
v 3.358471 -1.119186 4.988525
v 3.848315 -1.269577 5.223373
v 0.672736 2.690423 5.107346
v 0.576416 3.327832 4.297668
v -1.647510 4.729702 3.216324
v -1.971982 4.767006 2.873741
v -2.765062 4.886780 2.574905
v -2.649562 4.880070 2.089241
v -2.579263 4.866795 1.136970
v -2.087564 4.781612 0.493904
v -2.443284 4.507874 -1.538086
v -2.716640 4.425610 -2.250862
v -2.929130 3.876961 -3.701073
v -3.809139 2.936107 -3.839836
v -3.936417 2.919918 -3.287697
v -4.333719 2.933025 -1.612404
v -3.672500 1.062576 -3.876656
v -1.362564 0.605758 -4.511833
v -0.999237 0.705349 -4.323723
v -0.568051 1.467430 -4.441917
v -0.352214 1.797763 -4.240753
v -0.345400 2.162742 -4.429008
v 0.023686 2.706589 -1.825608
v 0.071385 2.446320 -1.422096
v 0.097055 3.341053 -0.093224
v 0.516427 2.894264 1.249908
v 3.018442 0.447377 4.338287
v 3.719629 -0.261310 4.193253
v 3.684605 -2.054851 4.710098
v 3.314647 -0.635948 4.980972
v 3.403529 -0.316673 5.247528
v 3.112563 0.086010 5.212082
v 2.473197 0.327473 4.905121
v 2.117714 1.204640 5.052856
v 1.462360 1.370755 5.021667
v 0.582744 2.924134 4.759872
v -0.552355 3.844292 4.134613
v -1.076596 4.026181 4.273818
v -1.409382 4.496018 3.477783
v -2.194662 4.537014 0.058204
v -2.254096 4.463573 -0.359925
v -2.426677 4.393269 -1.936570
v -2.717828 4.031246 -3.377907
v -4.334943 2.928642 -1.124802
v -4.172675 2.411934 -1.503594
v -4.175487 2.008194 -1.497963
v -4.249201 1.110981 -1.934586
v -3.304503 1.134018 -4.766228
v -2.603550 0.775756 -4.788170
v -2.211305 0.753910 -4.928398
v -1.870710 0.839008 -5.161888
v -0.896525 1.042205 -4.576317
v -0.242542 3.125782 -3.655861
v -0.294723 3.470493 -3.439507
v -0.308958 3.759094 -3.146736
v -0.037817 3.385593 -2.866829
v 0.185931 2.956085 -0.545014
v 0.026630 3.736282 0.279342
v 0.113147 3.336933 0.322845
v 0.142629 3.371704 0.748718
v 0.322011 3.006462 0.713653
v 0.565897 3.068432 1.632080
v 0.805706 2.964962 2.346588
v 0.750154 2.824799 2.747772
v 0.850544 2.274895 3.276520
v 1.106791 1.836643 3.461059
v 1.394592 1.546261 3.530670
v 1.768680 1.372986 3.727844
v 2.153376 1.207794 3.869141
v 2.213295 1.008988 4.235168
v 3.462948 0.073773 4.359375
v 3.807947 -0.511104 4.735611
v 4.098053 -2.167892 4.625793
v 4.017812 -1.775177 4.766174
v 2.435361 0.725697 4.864487
v 1.808478 1.300393 4.802078
v 1.101810 1.655434 4.988235
v 0.698503 3.374615 3.736038
v 0.704471 3.654492 3.368774
v 0.476109 3.717423 3.737991
v 0.317602 3.645806 4.141891
v -2.250088 5.125240 1.664848
v -1.677655 4.870270 0.543220
v -2.086709 4.318386 -1.625206
v -2.393922 4.293129 -2.495064
v -2.482379 4.164318 -3.035774
v -2.429373 3.938896 -3.759461
v -3.081698 3.245220 -4.697274
v -3.833235 2.580753 -4.063057
v -3.928052 2.624573 -3.573441
v -4.288308 3.008911 -2.009606
v -4.168866 1.278717 -2.493095
v -3.907453 1.081089 -3.368683
v -3.923049 1.474365 -3.455345
v -3.575775 1.031810 -4.269958
v -2.932632 1.004860 -4.913963
v -0.766203 1.375457 -4.778381
v -0.751450 1.773513 -4.950005
v -0.625329 1.870315 -4.550041
v -0.343184 2.496013 -4.162537
v -0.338274 2.800789 -3.882523
v 0.086779 3.031601 -2.583191
v 0.151621 2.892170 -0.967469
v 0.222261 3.467079 1.148575
v 0.603773 3.260945 2.017532
v 2.232903 1.072071 4.632690
v 0.744606 2.292527 4.888885
v 0.599383 2.845482 4.343369
v 0.665356 3.988190 3.128235
v -0.080007 3.736325 4.147125
v -0.574840 4.124669 3.639084
v -1.193164 4.911823 2.752426
v -1.637859 4.899216 2.690597
v -2.149898 4.967922 2.533699
v -2.268138 5.013100 2.119430
v -2.230618 5.092701 1.234268
v -2.272261 5.004196 0.838623
v -2.317343 4.072391 -3.392273
v -2.525088 3.805710 -4.133866
v -2.751745 3.436752 -4.821099
v -4.045485 2.849884 -2.902962
v -4.155633 3.119110 -2.552315
v -4.217637 1.678936 -1.872154
v -4.102703 1.345878 -2.920456
v -3.184815 1.325573 -5.186951
v -2.239910 0.893550 -5.394135
v -1.902659 1.214756 -5.357491
v -1.490129 1.163036 -5.109772
v -1.260262 0.961868 -4.831528
v -1.062522 1.492565 -5.047470
v -0.691031 2.207519 -4.764854
v -0.607599 3.510128 -3.837326
v -0.628706 3.971908 -2.998398
v -0.131516 3.681701 -2.590241
v 0.043506 2.986000 -2.142525
v 0.052809 2.947258 -1.397843
v -0.011591 3.797180 -0.114815
v 0.708322 3.238892 2.797264
v 0.976564 1.879692 3.906875
v 1.755915 1.492073 4.173904
v 0.609288 2.394104 4.506958
v 0.728282 4.086285 2.690918
v 0.221214 4.565792 2.831054
v 0.298563 3.985749 3.488159
v -1.256411 4.297520 3.832184
v -0.812264 4.382340 3.395462
v -1.892993 5.323864 1.724266
v -2.122640 4.413029 -0.857811
v -1.676668 4.207825 -1.308106
v -1.963452 4.086998 -3.157257
v -3.313812 2.917743 -4.766815
v -3.870617 2.433502 -4.439110
v -4.220128 2.577614 -1.950348
v -4.183499 2.185787 -1.864433
v -3.630930 1.284195 -4.577972
v -3.595969 1.440937 -4.953682
v -2.888434 1.513736 -5.412659
v -0.884855 2.177566 -5.119522
v -0.577777 2.949497 -4.217438
v -0.785369 3.451187 -4.197892
v -0.959975 3.956444 -3.253128
v -0.010255 3.128036 -1.759079
v 0.117650 3.422642 -0.615502
v 0.018672 3.775311 0.709869
v 0.347541 3.410603 1.548599
v 0.645418 3.340065 2.415054
v 0.712251 3.649136 2.737449
v 0.650879 4.258579 2.328239
v 0.411418 4.649494 2.392532
v 0.068068 4.299752 3.188446
v -1.868673 5.297916 1.197715
v -1.850248 5.093414 0.839935
v -1.315621 4.988899 0.798103
v -1.785348 4.619644 0.163475
v -1.183005 4.095100 -1.215699
v -1.759949 4.263794 -1.969803
v -2.099141 4.314705 -2.187973
v -3.570843 2.838665 -5.129913
v -3.924390 2.188400 -4.083885
v -4.145521 2.706707 -2.521324
v -4.170009 1.618126 -2.278229
v -3.797851 1.430893 -4.110092
v -2.620977 1.046741 -5.488518
v -2.353774 1.220500 -5.759003
v -1.433456 1.553276 -5.282654
v -0.387525 4.094185 -2.697418
v 0.010055 3.475338 -2.273140
v 0.114064 3.419846 -1.053734
v 0.085991 3.870476 1.540947
v 0.327669 3.709725 1.821876
v 0.005028 4.851879 2.609359
v -0.246710 4.194928 3.420883
v -0.604340 4.696594 2.943199
v -1.904787 5.176250 2.200958
v -1.475894 5.422653 1.443740
v -1.296950 4.717770 0.470451
v -1.818382 4.346851 -0.600632
v -1.413663 4.072243 -0.882172
v -2.142203 4.191387 -2.789856
v -1.601176 3.992115 -3.333260
v -1.951747 3.951240 -3.540703
v -2.376889 3.521278 -5.166550
v -3.258073 3.312572 -5.064019
v -4.086525 2.423076 -2.829933
v -4.009491 1.797130 -3.233467
v -3.828729 1.633232 -4.456810
v -3.500005 1.555336 -5.338806
v -2.770590 1.326080 -5.789604
v -2.388756 1.608341 -5.906837
v -1.331965 1.909946 -5.645950
v -1.022811 1.802948 -5.399086
v -1.031317 2.218730 -5.575264
v -1.194905 2.597633 -5.383232
v -0.883106 2.625469 -4.926010
v -0.673209 2.801658 -4.612289
v -0.972385 3.340160 -4.550705
v -0.729461 3.692722 -3.492623
v -0.078523 3.933895 -2.227211
v -0.005825 3.870365 -0.652024
v -0.195342 4.152958 -0.130616
v -0.179872 4.116524 0.286934
v 0.074979 3.873646 1.109085
v -0.203420 5.139610 2.314140
v -0.202759 4.632011 2.915695
v -1.474911 5.230160 1.092186
v -1.864708 4.459854 -0.211975
v -1.379855 4.138786 -1.576378
v -1.742406 4.134495 -2.817108
v -1.345041 4.041142 -3.027657
v -2.056390 3.963604 -3.934044
v -4.171916 2.342388 -2.284798
v -4.071615 1.746456 -2.830704
v -4.112622 2.088566 -2.606446
v -3.898070 1.712120 -3.798569
v -2.946404 1.846603 -5.695259
v -1.237713 3.573379 -4.311837
v -1.069366 3.705951 -3.948380
v -1.160365 3.843586 -3.581017
v -1.519889 3.921871 -3.781319
v -2.082081 3.900215 -4.328545
v -2.959276 3.489757 -5.348221
v -3.129189 3.253299 -5.670670
v -3.390127 3.108707 -5.400360
v -3.811169 2.035686 -4.543091
v -3.977537 2.096706 -3.690377
v -1.385512 2.545276 -5.919662
v -1.598643 2.725517 -5.569069
v -2.975477 2.947464 -6.196762
v -3.046926 2.556030 -6.315819
v -3.495953 2.506103 -5.920494
v -3.323979 2.887104 -5.864449
v -3.607869 2.686874 -5.516632
v -3.792624 2.236274 -4.901794
v -3.784758 1.794963 -4.885620
v -3.745605 2.024425 -5.245728
v -2.797578 1.653041 -6.033386
v -2.016894 2.117721 -6.110382
v -1.167555 3.059051 -5.163719
v -0.954324 3.036026 -4.824471
v -1.549670 3.770317 -4.155213
v -1.611696 3.804672 -4.552117
v -2.732611 3.442359 -5.770722
v -2.587781 3.268066 -6.111374
v -2.533498 2.889575 -6.380806
v -3.640965 2.276371 -5.620972
v -3.451566 1.905708 -5.580864
v -1.882624 2.557674 -6.232918
v -1.869903 2.784507 -5.871414
v -1.375519 3.509460 -4.701584
v -1.984056 3.774418 -4.695946
v -1.995728 3.470603 -5.510361
v -2.246455 2.608089 -6.460426
v -2.636497 2.461067 -6.472313
v -2.774950 2.082794 -6.407784
v -2.333075 2.110286 -6.409973
v -2.205411 3.140399 -6.259323
v -1.741074 3.127170 -5.688957
v -1.340069 3.432373 -5.095246
v -2.364498 3.565303 -5.642487
v -2.041744 3.358745 -5.962616
v -3.192213 2.094699 -6.207588
v -2.200441 1.918354 -5.734146
v -3.585950 2.395759 -5.219299
v -0.416140 4.292442 -2.345902
v 0.000124 3.599819 -1.883675
v 0.025691 3.584377 -1.460854
v -0.150042 4.173313 0.714348
v 0.422982 4.449936 1.980056
v 0.114978 4.741798 1.892036
v -1.565586 5.197956 2.427970
v -1.095860 5.415379 1.580497
v -0.959871 4.748009 0.700592
v -1.308927 4.096535 -0.466126
v -0.984019 4.025513 -0.875252
v -1.213289 4.216103 -2.179215
v -1.135573 4.099697 -2.666916
v -0.043735 4.267456 -1.941658
v 0.003722 3.805283 -1.111634
v -0.274102 4.211887 -0.533638
v -0.140160 4.218502 1.336471
v 0.315145 4.159424 1.707306
v 0.627578 3.742401 2.329315
v 0.504078 3.998280 2.038917
v -0.391473 4.947186 2.670578
v -0.750576 5.119831 2.597496
v -1.155878 5.232121 2.500091
v -1.604134 5.400368 1.991508
v -1.107346 5.533108 1.972953
v -1.095053 5.143356 1.202667
v -1.192024 4.476051 0.148780
v -0.966729 4.222668 -1.541748
v -0.750581 4.210796 -2.568924
v -0.042201 3.946899 -1.667458
v 0.083949 4.506252 1.548538
v -0.262673 5.020679 1.884224
v -0.634007 5.216690 1.759346
v -0.789693 4.886372 1.048599
v -0.840292 4.533356 0.377456
v -1.451763 4.358601 -0.162590
v -0.884739 4.082634 -0.477921
v -1.492312 4.181965 -2.491524
v -0.581720 4.269352 -0.281540
v -0.543726 4.575687 0.660202
v -0.642613 5.061501 1.385498
v -0.274755 4.476643 0.976089
v -0.485075 4.667995 1.273948
v -0.184868 4.809956 1.542160
v -1.065119 4.221977 -0.143936
v -0.714843 4.122467 -1.171677
v -0.796655 4.218349 -2.146454
v -0.207603 4.308731 -1.570534
v -0.628656 4.277981 -1.770539
v -0.314897 4.221340 -1.171410
v -0.603983 4.155628 -0.788422
v -0.546474 4.337135 0.142524
v -0.688825 5.391651 2.233406
v 0.009333 3.862015 3.762237
v -4.013456 2.237629 -3.250481
v -0.851995 4.083203 3.947387
v 0.630270 2.533795 3.527771
v 1.383742 1.608693 4.058701
v 1.267207 1.481564 4.651398
v 0.868186 1.912972 4.755600
v 0.621886 3.031861 3.957443
v 0.654684 2.909996 3.378830
v 0.677110 2.240540 3.807464
v 0.796035 2.112263 4.280441
v 0.986901 1.709679 4.375046
v 0.616357 2.627968 3.979110
v -3.721692 2.940563 -4.259224
v 2.812626 0.082226 4.880234
v 3.163374 0.197235 4.618286
v 3.474897 -0.246589 4.810394
v 3.087708 -0.261676 4.958817
v 3.746006 -1.026130 4.912048
v 0.839680 2.740742 1.947311
v -0.161936 2.079796 -3.995453
v -4.134154 0.967502 -2.776657
v -2.934757 3.746151 -4.083687
v -2.443336 4.524906 -1.116166
v -4.145187 0.575321 -2.618332
v -2.597040 4.945801 1.548965
v 0.515564 2.683617 0.865677
v -3.101153 0.169216 -1.877480
v -1.939407 -0.115143 -3.052528
v 4.659931 -3.337581 4.311951
v -1.725546 -0.173836 -2.663101
v -4.287816 2.893070 -0.070191
v 0.890497 0.730778 1.362259
v -4.377785 2.527889 0.397346
v -1.241679 3.491604 6.617477
v 3.390260 -1.807296 6.624741
v -4.217376 0.785328 0.139687
v 3.935326 -3.698032 5.834733
v 3.925966 -4.070022 5.579163
v 3.780785 -4.425254 5.288666
v 3.639911 -4.688060 5.010468
v 2.299762 -4.312141 4.485184
v -4.350753 0.915299 0.914436
v -4.373091 2.569371 3.257889
v 1.264363 -1.143203 8.492493
v -3.299826 2.730710 6.751022
v 0.756560 -2.717506 7.015594
v -2.617975 -0.465816 2.683426
v -1.932046 -0.577270 3.669022
v -1.730568 -0.217712 6.738815
v -3.428139 0.893753 5.224869
v 6.105265 -7.563023 -0.586273
v 5.937506 -7.412170 -0.255371
v 6.121223 -7.443165 -1.037940
v 5.649253 -7.010571 -0.029052
v 5.887005 -7.077114 -0.955940
v 6.148100 -7.830482 -0.090873
v 5.634171 -6.859718 -0.428642
v 5.674376 -6.749546 -0.838058
v 6.120519 -7.074383 -1.614059
v 6.488231 -7.240490 -1.995124
v 6.690216 -7.635605 -2.300979
v 6.550149 -8.013573 -1.443878
v 6.324414 -7.685486 -1.361755
v 6.401452 -7.991123 -0.844344
v 6.570493 -8.320057 -0.667342
v 6.347140 -8.036781 -0.431968
v 6.407234 -8.281265 -0.067260
v 5.880176 -7.533352 0.180626
v 5.446531 -6.641136 -0.133422
v 5.893578 -6.618206 -1.350158
v 7.078907 -7.600143 -2.200912
v 6.945079 -7.832039 -2.563865
v 6.451322 -7.639065 -1.846160
v 6.630924 -8.272614 -1.131988
v 6.247396 -8.199352 0.335351
v 5.211269 -6.246738 -0.246467
v 5.102632 -5.883698 -0.386154
v 5.337781 -6.004051 -0.725738
v 6.859303 -7.262566 -1.784660
v 7.498707 -8.192348 -2.859962
v 7.818619 -8.441380 -2.967521
v 6.651968 -8.031204 -1.879516
v 6.828424 -8.491032 -1.429534
v 6.818667 -8.669262 -0.850654
v 6.019486 -7.894936 0.474465
v 5.482400 -6.894028 0.364747
v 5.270927 -6.546501 0.425004
v 5.540095 -6.257874 -0.960479
v 6.760081 -7.029896 -1.402030
v 7.427219 -7.763111 -2.046859
v 7.740551 -8.048611 -2.133537
v 7.513099 -8.004337 -2.482978
v 7.917862 -8.665169 -3.294990
v 7.102005 -8.228493 -2.775962
v 6.942237 -8.281815 -2.334548
v 6.794967 -8.810341 -0.443527
v 6.475142 -8.519279 0.428689
v 5.786670 -7.724537 0.777764
v 5.068350 -6.192745 0.311974
v 4.926347 -5.896770 0.022469
v 4.915365 -5.556095 -0.217857
v 6.206375 -6.563454 -1.090683
v 6.559512 -6.751968 -0.980735
v 7.046851 -7.168007 -1.147392
v 7.218912 -7.499256 -1.791877
v 8.229598 -8.661057 -2.759506
v 8.286638 -8.835735 -3.124999
v 7.167321 -8.630299 -2.361678
v 6.898242 -8.396713 -1.934173
v 7.118911 -9.096684 -1.026771
v 6.625001 -8.645683 -0.094650
v 6.205348 -8.221363 0.784135
v 5.627263 -7.474163 0.502869
v 5.309509 -6.771698 0.754326
v 4.715734 -5.744606 0.375794
v 4.486794 -5.399220 0.421738
v 4.720214 -5.267265 -0.005859
v 5.673025 -5.937088 -0.482498
v 6.176597 -6.368900 -0.727333
v 6.863335 -6.886925 -0.692642
v 7.942173 -8.034782 -1.749442
v 8.266387 -8.351078 -1.932380
v 8.150824 -8.437527 -2.342948
v 7.794670 -8.269600 -2.596168
v 8.455864 -8.695816 -2.410911
v 7.794682 -8.960133 -3.590667
v 7.099639 -8.764339 -1.816070
v 6.960838 -9.169220 -0.536956
v 6.738915 -8.822254 0.301499
v 5.855230 -7.853199 1.161683
v 5.469270 -7.517944 0.966981
v 5.537913 -7.129471 0.691819
v 4.925356 -6.405869 1.273171
v 4.772763 -6.092369 1.060372
v 4.093005 -5.004864 0.797341
v 4.358144 -5.009705 0.353455
v 5.127145 -5.296028 0.100960
v 5.845864 -5.930573 -0.107505
v 6.044436 -6.158676 -0.392822
v 7.288893 -7.415485 -1.362480
v 7.552127 -7.704166 -1.637267
v 8.556358 -9.097523 -3.291595
v 7.262496 -9.192902 -1.389205
v 6.912352 -9.151131 0.109147
v 6.155737 -8.210674 1.260354
v 5.186416 -6.744598 1.149880
v 4.999537 -6.250778 0.707093
v 4.619397 -5.737858 0.779747
v 4.359137 -5.404366 0.807488
v 4.146942 -4.693394 0.507050
v 5.476817 -5.484158 0.298455
v 6.519290 -6.602932 -0.584793
v 6.902203 -6.773579 -0.285606
v 7.194771 -7.126740 -0.724647
v 8.060049 -7.962658 -1.293159
v 8.933144 -9.156742 -2.567092
v 8.765548 -9.141617 -2.946212
v 8.048784 -9.164738 -3.833297
v 7.656772 -9.270203 -2.708633
v 7.436342 -9.092319 -2.282050
v 7.428581 -9.257904 -1.896209
v 7.503302 -9.490005 -1.561462
v 6.902505 -9.578430 -0.485313
v 6.967843 -9.541645 0.180833
v 5.396923 -7.576412 1.431725
v 4.820630 -6.379498 1.673844
v 4.612587 -6.023537 1.497597
v 4.513824 -5.765415 1.184067
v 3.877867 -4.604519 0.808884
v 4.210253 -4.292892 0.784249
v 4.903154 -5.031036 0.325844
v 5.539497 -5.392342 0.692566
v 6.015111 -5.900539 0.379227
v 6.176064 -6.135895 0.055001
v 7.314207 -7.081177 -0.303260
v 8.561954 -8.481133 -1.613616
v 8.889837 -8.952847 -2.198875
v 9.001709 -9.523037 -3.380752
v 8.604258 -9.294727 -3.666007
v 7.889765 -9.348225 -3.451667
v 8.070433 -9.851433 -2.854644
v 7.696313 -9.474766 -2.358787
v 7.246029 -9.694660 -0.854697
v 6.781039 -9.474693 0.542619
v 6.631974 -9.107353 0.604546
v 6.446798 -8.894669 0.988061
v 4.195286 -5.358639 1.216286
v 3.620927 -4.367294 1.021706
v 3.110858 -3.730160 1.342224
v 3.477047 -3.961983 1.009949
v 2.871547 -3.422054 1.510689
v 2.542470 -3.010383 1.764038
v 4.734306 -4.526901 1.019738
v 4.687981 -4.686451 0.642990
v 5.155499 -5.061321 0.661927
v 5.914890 -5.675167 0.714386
v 6.394324 -6.386532 -0.223770
v 7.520463 -7.321621 -0.563743
v 7.454307 -7.405411 -0.985488
v 7.790797 -7.696011 -1.096099
v 8.508837 -8.110451 -0.948585
v 8.609506 -8.660065 -2.005340
v 8.448544 -9.408310 -4.103782
v 8.059745 -9.702244 -3.273338
v 7.501467 -9.919861 -1.525848
v 6.399669 -8.488487 1.088524
v 5.923228 -7.938057 1.607857
v 5.616041 -7.616631 1.779931
v 5.386398 -7.210785 1.210450
v 4.490155 -5.919384 1.888924
v 3.410514 -4.334572 1.438271
v 3.091226 -3.988910 1.781777
v 2.614220 -3.370174 2.115502
v 2.207161 -2.735916 2.246330
v 2.279452 -2.468971 1.941643
v 2.922017 -2.938602 1.583466
v 3.270729 -3.326023 1.328133
v 3.600806 -3.542217 1.252121
v 4.002565 -3.981522 1.018593
v 5.688565 -5.320667 1.097474
v 6.072159 -5.645836 1.084862
v 7.001798 -6.651245 0.112053
v 7.318898 -6.939465 0.078354
v 7.894725 -7.477116 -0.273544
v 7.901058 -7.631165 -0.687614
v 8.660679 -8.339249 -1.241111
v 8.601600 -9.802650 -4.513717
v 7.990682 -9.871082 -2.427024
v 7.787036 -9.729939 -2.022979
v 7.249652 -9.918468 -0.502967
v 7.105212 -9.509922 0.857529
v 6.347609 -8.433926 1.549554
v 5.563032 -7.555988 2.190781
v 5.128617 -7.381119 1.772462
v 4.090570 -5.580582 1.627953
v 3.566596 -4.629124 1.719963
v 2.845901 -3.664123 1.924011
v 2.066577 -1.981865 2.340508
v 2.518808 -2.277996 2.243500
v 4.547799 -4.260006 1.307145
v 5.063137 -4.826950 1.021996
v 5.386677 -5.059494 1.129815
v 5.658193 -5.154121 1.506920
v 6.453494 -6.196766 0.399437
v 6.651073 -6.450855 0.107407
v 7.895871 -7.369148 0.113534
v 8.180683 -7.910477 -0.831451
v 8.994947 -8.389030 -1.583969
v 9.198158 -9.446884 -2.660026
v 8.953384 -9.604980 -3.776641
v 8.386602 -9.819080 -4.156936
v 8.159347 -9.636368 -3.759193
v 7.548285 -10.325485 -1.348876
v 7.339860 -10.079876 -1.072318
v 7.148809 -9.899391 -0.113792
v 7.217965 -9.868435 0.316651
v 6.725946 -9.406876 0.940369
v 4.883412 -7.053555 2.078743
v 5.157674 -6.811314 1.547432
v 4.904791 -6.621338 2.023003
v 4.012828 -5.173138 1.575379
v 3.777336 -4.745888 1.175728
v 2.779260 -3.654468 2.390396
v 2.391932 -3.127483 2.476334
v 1.971073 -2.389755 2.410027
v 1.752487 -2.084381 2.588227
v 2.937169 -2.630401 2.099556
v 3.434915 -3.091106 1.872818
v 3.766966 -3.415115 1.715271
v 4.261277 -3.951694 1.423218
v 6.380679 -5.920151 1.179947
v 6.316064 -5.976238 0.734246
v 7.355391 -6.803467 0.469842
v 8.916164 -8.033997 -0.750190
v 8.967670 -8.741962 -1.825370
v 9.270377 -8.914738 -2.041946
v 9.282248 -9.169811 -2.371459
v 9.230846 -9.627644 -3.032050
v 8.878983 -10.023396 -4.835662
v 7.886031 -10.570263 -1.441115
v 7.389087 -9.731472 0.670846
v 6.466008 -9.223461 1.227280
v 5.132695 -7.359554 2.227242
v 4.079383 -5.792645 1.990578
v 3.789078 -5.003716 1.869416
v 3.405359 -4.514671 2.085221
v 3.161310 -4.216812 2.305146
v 2.143095 -2.860340 2.656876
v 2.348682 -2.054115 2.620346
v 2.774657 -2.094475 2.656731
v 2.852303 -2.444832 2.445267
v 3.719014 -3.261657 2.155884
v 4.458983 -3.976536 1.872498
v 4.845711 -4.378151 1.662468
v 4.968186 -4.634487 1.368576
v 5.283911 -4.837387 1.538018
v 5.851912 -5.206100 1.854325
v 6.109229 -5.529606 1.487862
v 7.039854 -6.467690 0.518609
v 8.272074 -7.792606 -0.352477
v 8.570663 -7.807995 -0.684905
v 9.327877 -9.860123 -3.715553
v 8.928428 -10.368740 -5.082915
v 8.827430 -10.443485 -4.648116
v 8.650558 -10.223686 -4.346076
v 8.588065 -10.288063 -3.944724
v 8.428987 -10.284046 -3.061042
v 8.203802 -10.265877 -2.453841
v 7.545814 -10.080387 -0.727370
v 7.451112 -10.142830 0.124009
v 6.984001 -9.419346 1.264939
v 6.615708 -9.272270 1.627457
v 6.391586 -8.938728 1.505814
v 6.070328 -8.214893 1.967164
v 5.126959 -7.333183 2.676392
v 4.770298 -7.043617 2.496720
v 4.496897 -6.018871 2.285813
v 4.032450 -5.349995 1.962937
v 3.307648 -4.537003 2.537277
v 1.867006 -1.680603 2.636917
v 3.178465 -2.655136 2.597176
v 3.361798 -2.912590 2.341812
v 4.039351 -3.575321 1.998429
v 4.390412 -3.776066 2.229141
v 4.969049 -4.392662 2.068543
v 5.450466 -4.913284 1.895798
v 6.734107 -6.212704 0.685448
v 7.136109 -6.441391 0.907341
v 7.600154 -6.950294 0.805970
v 7.821914 -7.226883 0.573121
v 8.234513 -7.729996 0.072373
v 9.115102 -7.961296 -0.393485
v 9.488901 -9.807087 -3.338058
v 9.155897 -9.855251 -4.079986
v 9.300974 -10.194664 -4.871108
v 9.670895 -10.481339 -4.894141
v 8.836877 -10.552090 -4.161109
v 7.814166 -10.199463 -1.856101
v 7.695117 -10.580124 -1.074004
v 7.459020 -10.202877 -0.306655
v 7.680061 -10.101131 0.590371
v 7.413539 -9.699230 1.080155
v 7.237306 -9.503937 1.565278
v 6.142040 -8.656208 2.019418
v 5.947887 -8.139378 2.371522
v 5.568688 -7.544006 2.625702
v 3.745178 -5.074394 2.261643
v 3.390277 -4.719471 3.014237
v 3.119808 -4.354382 3.030236
v 2.753325 -3.758293 2.776673
v 2.515054 -3.406757 2.739220
v 1.748081 -2.719616 2.808716
v 1.514203 -1.771343 2.809494
v 5.401967 -4.513721 1.764840
v 6.564592 -5.728497 1.514405
v 7.118299 -6.274204 1.301774
v 8.220495 -7.492077 0.397790
v 9.241344 -8.309715 -0.595809
v 9.025240 -8.360229 -0.957801
v 9.345107 -8.422379 -1.232292
v 9.618250 -9.416157 -2.599578
v 9.680457 -9.625160 -2.990646
v 9.303014 -10.145187 -4.373267
v 9.659870 -10.377270 -4.472770
v 9.683113 -10.574070 -5.321036
v 9.317997 -10.344780 -5.277442
v 9.146392 -10.939243 -4.698874
v 8.599200 -10.823849 -3.319900
v 7.680436 -10.053593 0.997193
v 7.511235 -9.810211 1.465203
v 7.820028 -10.129940 1.469094
v 7.153254 -9.537865 1.958070
v 5.789287 -7.891155 2.644478
v 4.741635 -6.625294 2.560181
v 4.154030 -5.857719 2.423577
v 3.768588 -5.805599 2.632561
v 3.810194 -5.587208 2.213257
v 3.858733 -5.345467 2.550683
v 1.526872 -2.380916 2.967224
v 1.617285 -1.382774 2.932396
v 2.041303 -1.544307 2.971497
v 2.398094 -1.711597 2.840637
v 2.547360 -1.792660 3.345078
v 3.721556 -3.137817 2.576424
v 4.154948 -3.510830 2.440178
v 4.710447 -3.942474 2.647911
v 4.718756 -4.076508 2.181237
v 5.363621 -4.138153 2.469788
v 5.529879 -4.435230 2.190201
v 6.067256 -5.280602 2.268479
v 6.159451 -5.478798 1.890061
v 7.398684 -6.691353 1.098794
v 7.871932 -7.216328 0.989052
v 8.591969 -7.655708 0.244019
v 8.674970 -7.817703 -0.268890
v 9.344553 -8.709827 -1.690025
v 9.648420 -9.250561 -2.173805
v 9.892315 -9.874599 -3.275131
v 9.973557 -10.672474 -4.683555
v 9.256724 -10.579075 -5.744750
v 9.067010 -10.661613 -5.324088
v 8.248456 -10.689342 -2.404044
v 8.002103 -10.556263 -1.889861
v 8.275414 -10.720482 -1.316459
v 7.825910 -10.288441 -0.527389
v 7.635850 -9.883194 1.849557
v 6.316693 -9.065308 1.907479
v 6.330914 -8.922592 2.291009
v 6.128502 -8.556797 2.497437
v 4.675933 -6.898178 3.091523
v 4.534809 -6.183472 2.675950
v 3.010657 -4.247833 3.411133
v 2.710621 -3.755432 3.236359
v 2.136942 -3.261093 2.813217
v 1.881878 -3.035362 3.030663
v 1.691454 -2.672657 3.207154
v 2.322137 -1.399727 3.279709
v 2.823543 -2.015583 3.160401
v 3.488068 -2.864383 2.796509
v 4.958460 -4.225609 2.498566
v 6.606977 -5.518059 1.856102
v 6.875875 -6.054012 1.037751
v 6.989881 -5.920094 1.446503
v 7.702414 -6.964935 1.280938
v 8.966900 -7.956783 0.032761
v 9.227463 -8.263554 0.114998
v 9.469271 -8.574921 -0.360717
v 9.648812 -8.867256 -1.434417
v 9.721216 -9.136154 -1.751220
v 9.592714 -10.245884 -4.097259
v 9.966877 -10.538857 -4.252585
v 10.002386 -10.786991 -5.108939
v 9.692433 -10.659851 -5.748008
v 9.630541 -10.739773 -6.258674
v 9.234429 -11.008743 -5.151832
v 9.309961 -11.247982 -4.457961
v 8.702932 -10.786572 -3.718543
v 8.431422 -10.865868 -2.043685
v 8.007320 -10.575249 -0.812209
v 7.961695 -10.402882 0.260308
v 7.938326 -10.429638 0.699319
v 7.939585 -10.089363 2.018121
v 6.712471 -9.351723 2.012452
v 4.480479 -6.534351 3.114502
v 4.318902 -5.892017 2.896439
v 3.581528 -5.503963 2.989312
v 3.486028 -5.161716 3.195405
v 3.659028 -5.034935 2.707177
v 3.265947 -4.593891 3.416077
v 2.447478 -3.410702 3.139252
v 3.064958 -2.338146 3.093567
v 3.748494 -3.050586 3.095658
v 4.163856 -3.390793 2.915810
v 5.568145 -4.554348 2.619332
v 5.537450 -4.818203 2.318665
v 6.032914 -5.215157 2.677895
v 8.192878 -7.295567 0.763810
v 8.618624 -7.460369 0.786805
v 8.817822 -7.740238 0.570298
v 9.346249 -8.765965 0.096474
v 9.301975 -8.627728 -0.847007
v 9.992462 -10.175995 -2.927055
v 9.777431 -10.050297 -3.775459
v 9.965081 -10.398876 -3.862914
v 10.255065 -10.657848 -3.993217
v 9.988224 -10.842682 -5.538184
v 9.295289 -10.916870 -6.066527
v 9.261930 -10.993378 -5.606521
v 9.103244 -10.991287 -4.187728
v 9.093020 -11.115604 -3.789519
v 8.929813 -11.135162 -2.872268
v 8.412931 -10.764271 -2.770782
v 8.563745 -10.958946 -2.429343
v 8.405785 -10.841721 -0.897964
v 8.008431 -10.417835 -0.176009
v 8.178919 -10.417595 1.451302
v 8.214834 -10.337784 1.855111
v 7.578744 -9.763004 2.258584
v 5.927595 -8.342445 2.805497
v 5.680648 -7.802467 3.263062
v 5.234239 -7.266475 3.482697
v 4.733712 -6.785762 3.509659
v 3.909454 -5.840042 3.015175
v 3.451903 -5.471599 3.495057
v 2.466081 -3.546795 3.519791
v 1.218412 -1.299583 2.985260
v 1.509633 -1.162887 3.292877
v 4.267791 -3.404110 3.341126
v 4.558447 -3.696445 3.394715
v 4.675367 -3.864036 3.044045
v 5.071854 -3.992851 2.823029
v 7.211312 -6.401852 1.700905
v 7.554347 -6.769669 1.609864
v 7.811876 -7.096558 1.646874
v 8.142932 -7.205368 1.290619
v 8.690040 -7.543282 1.175500
v 9.508758 -9.018475 -0.195846
v 9.922520 -9.985161 -2.563514
v 10.713243 -11.107914 -4.344573
v 10.389933 -10.907246 -4.479232
v 10.310570 -11.042038 -5.275428
v 9.973808 -10.906734 -6.106688
v 9.600055 -10.960916 -6.898017
v 9.501473 -11.398651 -5.477202
v 9.477581 -11.405445 -4.980941
v 9.238230 -11.439053 -3.535438
v 8.543342 -10.930042 -1.549247
v 8.146724 -10.835457 0.404183
v 7.983036 -10.355305 1.105294
v 8.285523 -10.263710 2.278298
v 7.162296 -9.546631 2.359620
v 6.782665 -9.389568 2.413926
v 6.217499 -8.874702 2.755105
v 3.291232 -5.109527 3.624817
v 3.021722 -4.812137 3.776307
v 2.857814 -4.156879 3.937668
v 2.753934 -3.933754 3.619385
v 2.250461 -3.302349 3.811188
v 2.238789 -3.170074 3.413864
v 1.369336 -2.302128 3.395569
v 1.228228 -1.954319 3.238343
v 2.083172 -1.089317 3.403809
v 3.401839 -2.734249 3.189148
v 6.860023 -5.575531 2.200905
v 6.991688 -6.097008 1.909867
v 9.039669 -8.412579 0.456200
v 9.448568 -8.934933 -0.602325
v 9.670027 -8.750092 -0.983627
v 9.680721 -9.260098 -1.315902
v 9.802584 -9.670841 -1.884887
v 10.790026 -10.914169 -3.512801
v 10.689747 -10.969460 -3.940765
v 10.781889 -11.265224 -4.724441
v 10.417966 -11.040047 -4.877105
v 10.297836 -11.109497 -5.813231
v 9.971711 -10.962571 -6.545356
v 9.792450 -11.020494 -7.376670
v 9.386344 -11.052770 -6.494559
v 9.543747 -11.432556 -6.167441
v 9.732513 -11.811451 -5.112197
v 9.698902 -11.844124 -4.639121
v 9.502164 -11.611485 -4.336913
v 9.327497 -11.446815 -3.955581
v 9.561414 -11.838734 -3.888511
v 9.012551 -11.338848 -2.534965
v 8.872507 -11.268021 -1.666083
v 8.764101 -11.323395 -0.794006
v 8.245600 -10.681633 -0.446586
v 7.807971 -9.765114 2.651055
v 6.571395 -9.042973 2.597855
v 5.829315 -8.175972 3.262604
v 5.503693 -7.490650 3.686493
v 4.007509 -5.685607 3.431641
v 3.013034 -5.188739 4.057023
v 2.678720 -3.999145 4.277390
v 2.477127 -3.621151 3.916031
v 2.028665 -2.961441 3.696564
v 3.711805 -2.860214 3.476120
v 5.037824 -3.744816 3.236237
v 5.547678 -4.545551 3.192734
v 5.797297 -4.942886 2.860299
v 6.480812 -5.257164 2.577614
v 6.914021 -5.977955 2.836228
v 7.724718 -6.822437 1.974175
v 8.193869 -6.978607 1.802010
v 8.733507 -8.106476 1.060662
v 8.829180 -8.136166 0.668297
v 9.891729 -9.603119 -1.497306
v 9.995571 -9.919514 -2.148628
v 10.271935 -10.272526 -2.633506
v 9.960667 -10.270035 -3.408279
v 10.274133 -10.525429 -3.539069
v 10.608070 -10.676353 -3.213516
v 10.270484 -11.152462 -6.281066
v 10.005201 -11.030667 -6.990310
v 10.152297 -11.208356 -7.611548
v 9.762884 -11.162282 -7.755088
v 9.783077 -11.854256 -5.589271
v 9.959394 -12.163055 -5.396728
v 9.556227 -11.956310 -3.486014
v 9.521742 -11.998135 -3.080115
v 8.886288 -11.243786 -2.078261
v 8.436520 -11.024536 -0.339584
v 8.221082 -10.846153 0.009065
v 8.129116 -10.866623 1.172089
v 8.142347 -10.087715 2.619965
v 5.741238 -7.987476 3.638291
v 4.288465 -5.982173 3.285859
v 2.935441 -4.358577 4.319169
v 2.179116 -3.287063 4.342743
v 1.705769 -2.536503 3.839737
v 1.228506 -0.852932 3.386566
v 1.651552 -0.821640 3.490158
v 1.732286 -0.684135 3.919647
v 2.244536 -1.437168 3.866928
v 3.288412 -2.465030 3.503113
v 4.512266 -3.387798 3.671295
v 5.341710 -4.030712 3.130417
v 5.968636 -5.003421 3.228119
v 6.633234 -5.260151 2.993248
v 6.856977 -5.514313 2.610314
v 7.223701 -6.293919 2.659432
v 6.992269 -6.072392 2.388833
v 8.689803 -7.647495 1.572083
v 9.129150 -8.496456 0.856988
v 9.342444 -8.673481 0.557503
v 9.588773 -8.996178 0.390038
v 9.837923 -9.100796 0.094033
v 10.386312 -10.291451 -2.242957
v 10.274033 -10.398178 -3.143096
v 10.956684 -10.929066 -2.793647
v 11.043694 -11.190918 -3.690864
v 11.078952 -11.340145 -4.169517
v 10.804135 -11.373150 -5.164710
v 10.603938 -11.407631 -6.175338
v 10.283459 -11.201825 -6.697120
v 10.391956 -11.351472 -7.319213
v 10.311945 -11.375623 -8.058196
v 9.938712 -11.200276 -8.237113
v 9.806301 -11.451642 -9.350265
v 9.725902 -11.455049 -8.549964
v 9.639942 -11.462609 -8.036208
v 9.580660 -11.378980 -7.417609
v 9.564149 -11.457543 -6.603087
v 9.992427 -12.154999 -5.836547
v 9.901143 -12.125908 -4.919524
v 9.884594 -12.235584 -4.377143
v 9.192264 -11.641682 -2.334762
v 7.984812 -10.821857 0.789101
v 7.461847 -9.512032 2.656983
v 7.328019 -9.256664 3.020112
v 6.996583 -9.257401 2.732423
v 5.858798 -8.593529 3.143327
v 5.720373 -7.853630 4.015900
v 5.103973 -7.242729 3.940537
v 4.633045 -6.913734 3.897355
v 4.457307 -6.572296 3.720017
v 3.721733 -5.675495 3.717911
v 3.463933 -5.523445 4.107987
v 2.861807 -4.861000 4.231171
v 2.743346 -4.134750 4.691407
v 1.583784 -2.488548 4.328110
v 2.066432 -0.979561 3.865158
v 2.537306 -1.605453 4.183548
v 2.838036 -1.863083 4.315765
v 5.079358 -3.660038 3.673218
v 6.320774 -5.190586 3.305665
v 7.214643 -6.352570 2.152955
v 8.050042 -6.995167 2.229569
v 8.611327 -7.308102 1.796464
v 9.693808 -9.289467 -0.844680
v 9.959854 -9.586548 -0.881850
v 10.768007 -10.689014 -2.489532
v 11.245051 -11.210083 -2.692733
v 11.089612 -11.125172 -3.148963
v 11.355204 -11.712982 -4.828635
v 10.806928 -11.457195 -5.636992
v 10.880477 -11.652650 -6.425818
v 10.773932 -11.626893 -6.841506
v 10.768707 -11.671475 -7.239371
v 11.104099 -11.939122 -7.188743
v 10.205005 -11.367158 -8.541869
v 10.216722 -11.415296 -8.956267
v 10.208963 -11.419179 -9.413543
v 9.981406 -11.436917 -10.094047
v 9.840620 -11.869718 -7.752784
v 9.560184 -11.419980 -7.017737
v 9.776360 -11.788349 -6.303206
v 10.147017 -12.467777 -5.584517
v 10.076905 -12.503868 -4.618567
v 9.869376 -12.324024 -3.857039
v 10.117715 -12.626671 -3.455916
v 9.838287 -12.363045 -3.232680
v 9.344287 -11.815380 -2.682067
v 8.802275 -11.721222 -0.928618
v 8.307550 -11.208656 0.282716
v 8.190592 -11.183868 0.723504
v 8.285795 -10.889797 1.574601
v 8.516315 -10.671486 2.145219
v 8.609950 -10.533165 2.508866
v 6.103702 -8.987537 3.141267
v 5.839041 -8.488537 3.542847
v 5.584957 -7.513023 4.210145
v 4.916795 -7.046978 4.245835
v 1.803097 -2.803047 4.508835
v 0.957498 -1.735924 3.461060
v 0.803560 -0.873623 3.421463
v 1.229011 -0.605728 3.731094
v 2.664165 -1.627674 4.589951
v 3.419701 -2.397678 4.252365
v 4.121297 -3.195518 3.653427
v 5.393889 -3.936699 3.527863
v 5.479955 -4.330925 3.535065
v 6.654875 -5.425693 3.394410
v 6.926032 -5.539577 3.039597
v 8.951365 -8.283417 1.385384
v 9.271286 -8.630741 1.267060
v 9.970246 -9.005028 0.596619
v 9.834972 -9.356033 -0.443191
v 10.290779 -10.068813 -1.477172
v 10.214240 -10.157024 -1.880912
v 10.736506 -10.605549 -2.099334
v 11.100557 -10.997242 -2.352866
v 11.346800 -11.620907 -4.280593
v 11.589726 -11.925255 -4.471557
v 11.145569 -11.636810 -5.336738
v 10.948337 -11.628498 -6.018806
v 11.176222 -11.929074 -6.764487
v 10.749605 -11.721543 -7.759330
v 10.597075 -11.639516 -8.248038
v 10.597631 -11.679105 -8.735999
v 10.367239 -11.605123 -9.855758
v 9.816958 -11.802369 -10.163505
v 9.809126 -11.815190 -9.763122
v 9.816167 -11.827626 -8.728065
v 9.805965 -11.815278 -8.173202
v 10.012224 -12.138229 -6.260421
v 10.130269 -12.504124 -5.162177
v 10.388496 -12.898281 -4.690101
v 10.303069 -12.775112 -3.878234
v 9.188270 -11.666672 -1.895011
v 8.879778 -11.565853 -1.365089
v 8.725386 -11.610405 -0.398612
v 8.506791 -11.377686 -0.157027
v 8.452153 -11.214661 1.125657
v 8.527414 -11.217670 1.539552
v 8.589976 -10.932579 1.848649
v 8.438709 -10.313419 2.813576
v 7.896759 -9.900932 3.031426
v 6.669414 -9.203640 2.973763
v 6.184314 -8.960701 3.555451
v 3.848991 -5.429737 4.177475
v 3.426422 -5.448024 4.506943
v 0.848055 -0.476009 3.601593
v 1.397041 -0.364162 4.034653
v 1.851684 -0.629615 4.576828
v 1.997404 -0.863342 4.245956
v 2.231627 -1.257309 4.258057
v 2.193548 -1.170593 4.700790
v 2.353865 -1.168831 5.092163
v 2.604575 -1.446178 4.944199
v 3.164537 -2.123806 4.452560
v 5.785938 -4.720832 3.477402
v 7.608207 -6.533730 2.769402
v 7.766893 -6.758553 2.385544
v 8.413898 -7.292919 2.341660
v 8.719249 -7.504070 2.158562
v 10.215988 -9.644798 -0.426337
v 10.165436 -9.843140 -1.168060
v 10.564756 -10.269814 -1.721076
v 11.456922 -11.609032 -2.736594
v 11.476937 -11.615383 -3.166183
v 11.560174 -11.897625 -4.051696
v 11.465859 -11.680809 -3.654235
v 11.508633 -11.936607 -5.165252
v 11.330984 -11.841301 -5.628181
v 11.066209 -11.969747 -7.621222
v 10.330674 -11.639634 -10.255935
v 10.533500 -11.846089 -10.532386
v 9.921740 -11.490434 -10.657622
v 9.868437 -11.884934 -10.720428
v 9.799302 -11.839463 -9.212470
v 10.190920 -12.356496 -8.307570
v 9.807073 -11.836553 -7.350730
v 9.779667 -11.801869 -6.821311
v 10.180035 -12.447575 -6.045371
v 10.435314 -12.867451 -5.623878
v 10.789694 -13.045349 -5.406028
v 10.399137 -12.868610 -5.186019
v 10.134501 -12.619186 -4.235610
v 10.542209 -12.757343 -3.468101
v 9.796926 -12.357712 -2.598296
v 9.480575 -12.013184 -2.140517
v 9.013746 -11.847614 -0.588080
v 8.234459 -10.115307 3.096535
v 7.323823 -9.324028 3.435700
v 5.330718 -7.196929 4.283234
v 4.555552 -6.326950 4.024369
v 4.235846 -5.975818 3.691453
v 4.111289 -5.773902 4.018799
v 3.082729 -5.197681 4.464158
v 0.800882 -1.732261 3.844971
v 0.979286 -0.257225 3.946991
v 2.361537 -1.043304 5.478073
v 7.058679 -6.052558 3.875275
v 7.292306 -6.204429 3.556992
v 7.223551 -6.223911 3.098977
v 8.285032 -6.931877 2.560189
v 9.557775 -9.023300 1.046181
v 10.138151 -9.307697 0.332391
v 10.118287 -9.359505 -0.109870
v 10.285692 -9.887177 -0.785148
v 10.831532 -10.613144 -1.674140
v 11.084467 -10.917309 -1.506057
v 11.082877 -10.921776 -1.929984
v 11.388930 -11.542789 -2.296058
v 11.467022 -12.016716 -3.394469
v 11.485231 -12.198616 -3.753814
v 11.685072 -12.167423 -4.800918
v 11.596180 -12.155025 -5.509574
v 11.244630 -11.889427 -6.251266
v 11.430567 -12.263360 -7.241897
v 11.053448 -12.014653 -8.034789
v 10.890421 -11.925237 -8.494834
v 10.879008 -11.965756 -8.921439
v 10.805820 -11.946130 -9.327079
v 9.868431 -11.553670 -11.390037
v 9.878074 -11.897923 -11.139144
v 10.037199 -12.128057 -10.445281
v 9.996849 -12.107720 -8.964873
v 10.208216 -12.385049 -8.754325
v 10.448494 -12.687924 -8.919112
v 10.769115 -12.980130 -8.507682
v 10.535408 -12.813275 -8.218696
v 10.033128 -12.133145 -7.985824
v 10.206737 -12.401402 -7.163238
v 10.196888 -12.416699 -6.581733
v 10.480667 -12.837892 -6.507003
v 10.484770 -12.873047 -6.105292
v 10.778877 -13.029053 -5.814826
v 11.124640 -12.994999 -5.185065
v 10.962418 -13.024570 -4.646834
v 10.400070 -12.698154 -3.056418
v 10.043694 -12.577717 -2.890349
v 10.085029 -12.548244 -2.381049
v 9.301084 -11.881866 -1.490867
v 9.118874 -11.884571 -1.123374
v 8.550323 -11.391472 0.722985
v 8.819692 -11.057011 1.298211
v 8.999300 -10.541855 2.394250
v 6.985194 -9.155525 3.259476
v 6.487495 -9.110451 3.318467
v 5.846296 -8.489754 3.951401
v 5.758175 -8.207577 4.361023
v 5.602130 -7.450058 4.627579
v 4.624122 -6.811824 4.410523
v 3.086985 -5.260013 4.870759
v 3.000341 -4.814315 4.638611
v 1.961157 -3.263824 5.483979
v 1.634608 -2.769279 5.123032
v 1.307367 -2.149139 4.509171
v 1.063500 -1.949035 4.238464
v 0.694159 -1.717582 4.412338
v 0.472309 -0.578273 3.717102
v 0.501447 -0.158199 3.800827
v 1.197391 -0.060424 4.305893
v 1.631441 -0.288795 4.455292
v 2.810098 -1.511459 5.361496
v 3.292855 -2.090202 4.854782
v 5.361840 -4.120578 3.938629
v 5.809515 -4.734516 3.917908
v 6.293328 -4.945518 3.912110
v 6.735684 -5.239452 3.886597
v 6.803534 -5.776203 3.567322
v 7.687798 -6.461929 3.181855
v 8.932704 -7.986134 2.155755
v 8.870677 -8.198463 1.819108
v 9.139977 -8.510689 1.677819
v 9.378448 -8.833469 1.636994
v 9.579733 -9.164215 1.502305
v 11.404564 -11.964321 -2.961097
v 11.544435 -12.343933 -4.135825
v 11.574739 -12.576595 -4.712691
v 11.537171 -12.299306 -6.741950
v 11.347737 -12.261178 -7.744277
v 11.408508 -12.521844 -8.081634
v 10.858009 -12.060334 -9.746451
v 10.828815 -12.092580 -10.205443
v 10.606490 -11.953141 -10.913444
v 10.202114 -11.616559 -11.047675
v 10.197168 -12.327123 -10.129012
v 10.477749 -12.648549 -10.119147
v 10.192930 -12.344903 -9.646018
v 10.197596 -12.366296 -9.222671
v 10.853765 -12.995019 -7.986106
v 10.189164 -12.358087 -7.651855
v 10.022347 -12.142140 -6.861136
v 11.320850 -12.882950 -4.802955
v 10.439322 -12.908710 -4.260154
v 10.490723 -12.600052 -2.674712
v 9.090452 -11.652641 -0.188781
v 8.569364 -11.507763 0.230325
v 8.971000 -10.871090 1.624642
v 8.903183 -10.681992 2.027917
v 8.057356 -9.712959 3.381272
v 7.648986 -9.738140 3.304322
v 5.226424 -7.045639 4.696244
v 4.354821 -6.077579 4.286683
v 4.111324 -5.787769 4.427872
v 2.975228 -4.452075 4.839524
v 2.245240 -3.632892 5.531754
v 0.880823 -1.730533 4.841324
v 1.824980 -0.687431 5.044586
v 2.274871 -0.837490 5.845078
v 2.600233 -1.181175 5.822830
v 3.263156 -1.938583 5.301132
v 4.113956 -2.955974 4.480453
v 5.287730 -4.149864 4.356308
v 8.581443 -7.623726 2.520501
v 9.277746 -8.768772 2.031647
v 10.567038 -9.975689 -1.188163
v 10.879478 -10.538319 -1.282981
v 10.947316 -10.808720 -0.995978
v 11.091131 -11.176598 -1.141166
v 11.197981 -11.385124 -1.517577
v 11.261143 -11.965912 -2.313354
v 11.193056 -12.380711 -3.494567
v 11.263426 -12.524986 -3.887870
v 11.363293 -12.664940 -4.326774
v 10.999947 -12.876202 -4.219832
v 10.705122 -12.872768 -3.915893
v 10.778973 -12.567322 -3.194594
v 10.901207 -12.463001 -2.791976
v 9.796954 -12.359398 -2.115859
v 9.661796 -12.217499 -1.635200
v 9.462991 -11.976196 -0.938689
v 9.416299 -11.787819 -0.408576
v 8.970945 -11.480358 0.198335
v 9.549507 -10.492699 2.227227
v 8.633083 -10.020676 3.166276
v 7.587489 -9.543133 3.653153
v 7.304539 -9.208870 3.832185
v 7.611797 -9.028362 4.015168
v 6.582739 -8.811417 3.604066
v 6.831134 -8.726662 3.911515
v 6.514617 -8.537964 4.098160
v 6.214172 -8.753361 3.928956
v 5.744121 -7.949165 4.710770
v 5.015140 -6.798946 5.081192
v 4.673698 -6.744770 4.839997
v 3.821079 -5.494571 4.986252
v 3.850351 -5.463233 4.582078
v 2.909122 -5.109344 5.207947
v 1.792251 -3.056194 5.786652
v 1.472363 -2.612789 5.472351
v 1.410160 -2.410755 4.994446
v 1.092732 -2.004459 5.073090
v 0.413619 -1.175216 4.098251
v 0.659633 -1.044468 3.798538
v 0.300085 -0.760379 4.147858
v 0.055804 -0.148067 4.099503
v -0.129687 0.133988 4.345184
v 0.735991 -0.010082 4.155365
v 0.856292 0.182660 4.703140
v 1.328378 0.146202 4.632034
v 1.454636 0.355549 5.063766
v 1.623646 -0.369671 4.861801
v 1.978956 -0.620658 5.655609
v 2.969659 -1.559600 5.731766
v 5.112078 -3.383251 4.282105
v 5.559554 -4.467605 4.087769
v 6.847072 -5.754207 4.191529
v 7.560158 -6.347324 3.866929
v 7.812330 -6.487728 3.566559
v 8.012623 -6.617905 2.691910
v 8.368926 -6.753521 2.915703
v 8.604036 -7.305466 2.769639
v 9.045559 -8.413494 2.115006
v 9.369038 -9.074596 2.311372
v 9.573252 -9.279190 1.916085
v 10.288730 -9.290760 0.924973
v 10.614500 -9.854137 -0.545074
v 11.265303 -11.614525 -1.889335
v 11.177162 -12.226559 -2.605712
v 10.914066 -12.657242 -3.636092
v 10.654406 -12.476509 -2.302314
v 10.233562 -12.469082 -1.992095
v 10.043850 -12.361099 -1.637382
v 8.867666 -11.211460 0.900399
v 9.211161 -11.095016 1.197457
v 9.356528 -11.128822 1.593057
v 9.855997 -10.231331 2.129945
v 9.256054 -10.229221 2.326745
v 8.842690 -10.283569 2.945451
v 8.454961 -9.745239 3.437119
v 7.126508 -8.985619 4.121781
v 6.978719 -8.957542 3.611481
v 5.995818 -8.554806 4.342453
v 4.430873 -6.464592 4.564621
v 3.464445 -5.119472 4.995560
v 2.641378 -4.801918 5.511353
v 2.713096 -4.758312 5.097184
v 2.502862 -4.292980 5.914628
v 1.472208 -2.750526 5.891556
v 0.544649 -1.393863 5.027267
v 0.408850 -1.432075 4.630859
v 0.336168 0.223286 4.141754
v 1.087408 0.701519 5.617249
v 5.306420 -3.740982 4.467164
v 5.341923 -3.620884 4.002335
v 5.819261 -4.727161 4.362412
v 6.345167 -4.930950 4.393586
v 8.903808 -8.265697 2.461068
v 10.065504 -9.186737 1.245667
v 10.491014 -9.551575 -0.027068
v 10.861231 -10.421898 -0.896156
v 11.077270 -11.657013 -1.097167
v 11.208286 -12.324738 -2.131240
v 11.157532 -12.284149 -3.104331
v 9.931475 -12.117065 -0.831458
v 9.619139 -10.815243 1.680085
v 9.170403 -10.308826 2.711251
v 9.020289 -9.911476 2.965630
v 7.873138 -9.282139 3.771500
v 6.866874 -8.599113 4.330781
v 5.650988 -7.716442 5.039063
v 4.122469 -5.821708 4.838913
v 3.439089 -5.041183 5.449097
v 1.127035 -2.258892 5.855423
v 1.196814 -2.255825 5.449310
v 0.166473 -1.134948 4.427872
v 0.093266 -0.488918 4.380707
v -0.219493 -0.178627 4.633362
v -0.498219 0.263848 4.858521
v -0.191471 0.463864 4.588394
v -0.236302 0.781025 4.892654
v -0.400884 1.008988 5.260895
v 0.166168 0.637932 4.644531
v 0.525888 0.379677 4.560883
v 1.467883 0.489262 5.492249
v 1.560487 -0.123306 5.193146
v 1.724959 -0.454147 5.359100
v 2.052454 -0.520671 6.116089
v 4.844562 -3.170234 4.648453
v 4.958191 -3.007484 5.000717
v 5.112957 -3.811904 4.811203
v 7.509098 -6.344715 4.302689
v 8.166243 -6.558647 3.373642
v 8.667429 -7.796661 2.883240
v 8.963314 -8.611588 2.705384
v 9.921885 -9.486691 1.984261
v 9.937697 -9.296852 1.627030
v 10.472259 -9.570526 0.422936
v 10.704258 -10.495972 -0.486838
v 11.126431 -11.784111 -1.480514
v 11.102457 -11.986557 -1.845992
v 10.459320 -12.335339 -1.517379
v 9.983179 -12.256054 -1.232474
v 9.061081 -11.259079 0.533517
v 9.970472 -10.875500 1.440812
v 9.326440 -10.779655 2.059350
v 9.775698 -10.457207 1.778718
v 9.686380 -9.938686 2.381440
v 8.676061 -9.393932 3.393189
v 7.393078 -8.738544 4.330170
v 6.385352 -8.408760 4.489808
v 5.983279 -8.302738 4.695862
v 5.450769 -7.359863 5.151825
v 4.665489 -6.710781 5.421448
v 4.404782 -6.552063 5.121933
v 3.966133 -5.803131 5.251496
v 2.443565 -3.875942 5.780289
v 0.659231 -1.590343 5.467636
v 0.371428 -1.299541 5.450882
v -0.022758 -0.552871 4.802475
v -0.828239 0.766419 5.599777
v -0.512723 1.355504 6.117096
v 0.403069 0.668122 4.967209
v 0.719157 0.436074 5.071228
v 1.149336 0.650994 6.056381
v 2.334894 -0.475124 6.494446
v 4.755740 -2.835258 5.307709
v 5.188943 -3.369133 4.740937
v 5.707627 -4.525211 4.703324
v 6.533929 -5.438446 4.560044
v 6.963495 -5.989688 4.493485
v 7.236754 -6.226997 4.673691
v 7.898734 -6.382869 4.087922
v 8.570186 -7.113876 3.282242
v 9.690573 -9.348133 2.307511
v 10.344872 -9.766632 1.287270
v 10.848952 -10.858299 -0.597098
v 11.295399 -12.467194 -1.157111
v 11.299795 -12.709881 -2.020492
v 11.030714 -12.587273 -2.416671
v 10.625478 -12.384106 -1.905425
v 9.853758 -11.954796 -0.466971
v 9.715451 -11.784531 -0.127387
v 9.343201 -11.220432 0.828538
v 9.891125 -9.923523 1.835999
v 9.476282 -10.042671 2.724450
v 8.867743 -9.747330 3.433396
v 8.407824 -9.199287 3.771577
v 7.810870 -8.856659 4.321076
v 5.960475 -8.022488 5.058808
v 0.908024 -1.930542 5.607941
v 0.110309 -1.271568 5.077789
v -0.050812 -1.065170 4.773148
v -0.351230 1.269600 5.718613
v 0.725725 0.618210 5.452744
v 0.836423 0.905804 6.110184
v 1.501535 0.402085 5.905548
v 1.704197 -0.255321 6.002731
v 1.928208 -0.229080 6.398270
v 6.107845 -4.517810 4.953522
v 7.788044 -6.405853 4.594285
v 8.196467 -6.610458 3.859192
v 8.774054 -8.262672 2.856202
v 9.414043 -9.026825 2.706490
v 11.072257 -11.613800 -0.675605
v 11.245572 -12.254154 -1.581092
v 10.928425 -12.574413 -1.277457
v 9.613458 -11.610798 0.237100
v 9.663639 -11.215042 1.297707
v 10.217991 -10.587250 1.573197
v 10.069901 -10.198631 1.565224
v 10.123877 -10.080170 1.157365
v 10.373368 -9.933853 0.871171
v 10.439576 -9.983589 0.450883
v 10.591757 -10.177948 0.036370
v 10.633128 -10.562824 -0.097701
v 10.801904 -11.195004 -0.311805
v 11.034634 -12.613094 -0.863624
v 10.378253 -12.318951 -0.743415
v 9.656673 -11.405033 0.619210
v 10.707234 -10.961025 0.015900
v 11.338246 -11.936836 -0.650825
v 11.265335 -12.071789 -1.062186
v 10.667423 -12.492218 -0.968322
v 10.485314 -10.525349 0.282777
v 11.047890 -11.962383 -0.312247
v 10.319592 -11.895218 0.106095
v 9.977789 -11.812443 0.303483
v 9.800268 -11.462170 0.990029
v 10.051520 -11.155106 1.152291
v 10.284222 -10.275795 0.681008
v 10.356245 -10.754215 0.614327
v 11.006839 -12.351154 -0.432334
v 11.333943 -12.350266 -0.719169
v 10.621305 -12.476482 -0.442046
v 10.378982 -10.933113 1.062440
v 10.227558 -10.551170 0.996590
v 11.057053 -11.713593 0.006623
v 10.354523 -12.217121 -0.137687
v 10.631333 -11.648823 0.025849
v 10.061480 -11.435127 0.565118
v 10.389055 -11.164719 0.589021
v 10.779092 -11.322369 0.225282
v 10.738246 -12.081863 -0.047904
v 10.289015 -11.385303 0.909783
v 10.408526 -11.614769 0.398805
v 6.868455 -8.476681 4.745820
v 6.360801 -8.165722 4.838593
v 5.729616 -7.588123 5.420716
v 4.797343 -6.677066 5.885132
v 3.777129 -5.442981 5.393952
v 3.058303 -4.903781 5.548615
v 2.775569 -4.879238 5.920914
v 2.573080 -4.589107 6.201478
v 2.517525 -4.067501 6.260010
v 0.735613 -1.851554 6.117538
v 0.405401 -1.371200 6.005371
v -0.271713 -0.988563 5.122452
v -0.225444 -0.511261 5.191711
v -0.485698 -0.030052 5.192398
v -1.032161 0.753220 6.163620
v -0.409903 1.492119 6.578583
v 0.116997 1.627964 6.505615
v 0.066791 1.348240 5.764099
v 0.106667 0.929562 5.100006
v 0.368539 0.898625 5.442566
v 0.587022 1.016186 5.779587
v 1.411764 0.416321 6.328705
v 1.565022 -0.171344 5.627396
v 2.266063 -0.413387 6.909668
v 2.501063 -0.894977 6.641983
v 4.297581 -2.707679 5.448303
v 4.988419 -3.162853 5.377594
v 5.033367 -3.474929 5.108887
v 6.324734 -4.819644 4.778855
v 6.470074 -5.272293 4.920289
v 8.484090 -7.963432 3.327683
v 9.240540 -9.637135 3.182145
v 9.072578 -9.366573 3.470551
v 8.059116 -8.976269 3.985993
v 6.129464 -7.593994 5.322541
v 5.991139 -7.324516 5.592652
v 4.087144 -6.181446 5.021882
v 3.355646 -4.853527 5.820145
v 2.828055 -4.862934 6.349534
v 2.059564 -3.631961 6.413575
v -0.165020 -1.215442 5.529373
v -0.380205 -0.324600 5.510330
v -0.705342 0.117295 5.539886
v -1.108955 1.112225 6.502502
v -0.852874 1.413548 6.415604
v 1.667083 0.079991 6.349487
v 2.024087 -0.102500 6.803345
v 4.155157 -2.600643 6.271622
v 5.193701 -3.909317 5.208069
v 5.557734 -4.293079 5.012955
v 6.605494 -5.612972 5.091889
v 6.999429 -5.994735 4.960663
v 8.901518 -8.218098 3.324174
v 9.040404 -8.557247 3.104119
v 9.510035 -9.644058 2.708375
v 8.916238 -9.008419 3.376359
v 7.846859 -8.447998 4.276337
v 6.720578 -8.047379 5.026658
v 5.458117 -7.287448 5.586808
v 4.409794 -6.435482 5.561646
v 4.018714 -6.145786 5.470139
v 3.500516 -5.195701 6.044907
v 2.331059 -3.878269 6.592759
v 0.597510 -2.043628 6.588623
v 0.330423 -1.703487 6.788010
v -0.455208 -0.946891 5.646210
v 1.133067 0.937966 6.848907
v 1.351204 0.544732 6.744095
v 1.705399 0.212616 6.777191
v 1.987175 -0.457694 7.254868
v 2.833149 -1.061141 6.902206
v 4.365322 -2.625568 5.882126
v 4.773506 -2.831317 5.716843
v 4.931429 -3.226737 5.784775
v 6.573937 -5.434303 5.480881
v 7.538909 -6.353141 4.916199
v 7.747964 -6.700504 4.903992
v 8.182218 -6.701232 4.269547
v 8.180832 -7.043552 4.048295
v 8.463033 -7.551914 3.337937
v 9.020333 -8.574238 3.536607
v 9.307151 -8.991913 3.124650
v 9.419490 -9.345894 2.967187
v 8.783138 -9.041111 3.763535
v 8.455324 -8.819405 3.907243
v 8.377339 -8.338123 4.175614
v 7.662627 -8.354263 4.630417
v 7.270431 -8.511559 4.687317
v 7.084876 -8.166935 4.881623
v 6.357051 -7.424366 5.760010
v 5.184293 -6.916313 5.842057
v 4.939123 -6.649719 6.266098
v 4.025507 -5.782699 5.729340
v 3.112663 -5.113601 6.188782
v 2.755018 -4.393779 6.506974
v 0.424555 -1.543033 6.366592
v -1.209788 0.345997 6.437271
v -1.056655 0.693940 6.811188
v -1.028739 1.074849 6.958282
v -0.751821 1.370263 6.810486
v -0.354196 1.415844 6.983887
v 0.286465 1.437973 6.849396
v 0.679642 1.293160 6.669312
v 0.944327 0.802708 6.515793
v 1.814963 0.030278 7.209991
v 3.837721 -2.170482 6.464035
v 4.809044 -3.510883 5.513550
v 5.489873 -4.280998 5.489060
v 5.880808 -4.270065 5.389908
v 8.169192 -7.422031 3.875779
v 8.332477 -7.757270 3.682557
v 8.725210 -8.271042 3.729539
v 8.069892 -8.158260 4.540986
v 6.340621 -7.813274 5.049668
v 6.606902 -7.602756 5.279450
v 5.685600 -7.061492 5.863526
v 4.505998 -6.305435 6.128693
v 4.323503 -6.101989 5.792069
v 3.814029 -5.539882 5.997529
v 2.608513 -4.113712 6.797608
v 1.789331 -3.471748 6.725251
v 1.427847 -3.012825 6.691452
v 1.143344 -2.784271 6.525085
v 0.664672 -2.023185 7.003769
v 0.300544 -1.605770 7.214813
v -0.073721 -1.264133 6.904724
v -0.148125 -1.128391 6.326950
v -0.147299 -1.218124 5.936295
v -1.187212 0.282624 6.837082
v -0.792976 1.283196 7.236893
v 0.402971 1.063183 7.083344
v 0.933042 1.267464 6.989868
v 1.544726 0.495122 7.091171
v 1.606883 -0.342529 7.386383
v 1.753179 -0.713951 7.464142
v 1.961502 -1.057075 7.503433
v 2.230359 -1.353271 7.517578
v 4.273405 -2.845146 6.575287
v 5.203217 -3.907039 5.617066
v 6.360934 -4.813068 5.310715
v 6.350255 -5.117145 5.622986
v 7.961808 -7.066665 4.396592
v 6.971683 -7.851566 5.275483
v 5.309430 -6.498325 6.204560
v 4.806991 -6.265377 6.426514
v 3.130199 -4.616226 6.478119
v 2.071396 -3.602523 7.020264
v -0.049558 -1.185180 7.359604
v -0.420083 -0.792827 6.070709
v -0.795094 -0.371173 6.639389
v -1.081926 -0.021759 6.557831
v -0.833811 0.007279 7.056015
v -0.665408 0.418953 7.299103
v -0.934278 0.811635 7.261795
v 1.062753 0.563149 7.417114
v 1.469508 -0.450382 7.754959
v 4.081931 -2.541526 6.804672
v 4.746511 -2.891574 6.173538
v 4.942523 -3.655078 5.882203
v 6.903242 -5.753635 5.319397
v 7.335224 -6.296825 5.279343
v 7.321547 -6.850864 5.062989
v 7.786432 -7.150260 4.906388
v 8.410180 -7.930744 4.175293
v 7.686213 -7.966541 4.745774
v 7.282810 -7.872070 4.643052
v 5.630186 -6.680908 6.010895
v 3.767156 -5.460933 6.401947
v 3.493903 -5.093551 6.436463
v 2.993826 -4.329486 6.852768
v 1.620574 -3.232246 7.001465
v -0.568890 -0.493804 6.322510
v -0.367203 1.357167 7.407867
v 0.019965 1.071782 7.356171
v 0.550424 0.754544 7.402954
v 1.472057 0.040955 7.422806
v 1.122306 -0.145702 7.640228
v 1.731910 -1.115741 7.879730
v 3.785661 -2.037086 6.865494
v 4.422824 -3.171478 6.760117
v 6.061641 -4.814594 5.657120
v 7.774540 -7.573169 4.912110
v 7.970156 -7.444862 4.240281
v 8.021244 -7.759010 4.656067
v 7.425588 -7.763484 5.010865
v 6.360661 -6.891742 5.822373
v 4.408936 -5.859710 6.129044
v 4.089641 -5.232456 6.530549
v 2.872748 -3.859413 6.984559
v 2.567669 -3.600543 6.978257
v 1.174981 -2.771114 6.928802
v 1.239287 -2.343536 6.999649
v 0.699279 -1.583328 7.330109
v 0.429683 -1.252334 7.418747
v 0.007885 -0.783435 7.485519
v -0.394844 -0.666954 7.467682
v -0.460934 -0.920513 7.161865
v -0.744842 -0.626850 6.951294
v -0.642726 -0.290737 7.323318
v -0.523613 0.137639 7.559555
v -0.411710 0.598260 7.771194
v -0.776328 0.693654 7.615631
v -0.487744 0.955990 7.516342
v 1.147340 -0.393569 8.020950
v 1.427801 -0.795020 8.004456
v 5.049951 -3.233890 6.289811
v 5.355258 -3.948974 6.001755
v 6.292054 -4.941654 5.978165
v 6.527846 -5.268135 5.955369
v 6.722494 -5.804622 5.875458
v 7.335389 -7.251338 5.226929
v 6.837353 -7.263042 5.249527
v 6.143571 -6.533302 5.840790
v 5.184973 -6.121471 6.417496
v 4.150730 -5.571941 6.295899
v 3.419327 -4.743995 6.732941
v 3.324989 -4.159328 7.013260
v 2.416725 -3.228637 7.102753
v 1.616371 -2.078971 7.461426
v 1.113399 -1.729385 7.363907
v 0.416883 -0.801360 7.581375
v -0.263786 -0.251689 7.457855
v -0.273975 0.223973 7.978577
v 0.466845 0.696412 7.822479
v 2.425693 -1.744201 7.569733
v 4.065717 -3.101829 6.940613
v 4.086788 -3.467224 7.109040
v 4.644283 -3.275634 6.428803
v 5.615066 -4.325504 5.920228
v 6.345782 -5.561428 6.215302
v 7.001218 -6.008361 5.635758
v 6.882375 -6.445400 5.621644
v 7.063207 -6.819355 5.407654
v 6.991550 -7.188224 5.633393
v 5.532751 -5.886665 6.297806
v 4.755364 -5.817974 6.380433
v 3.731252 -4.112976 7.056351
v 0.673728 -1.106796 7.706436
v 0.353759 -0.531852 7.871658
v 0.059535 -0.304038 7.709061
v 0.087083 0.129365 7.832932
v -0.014844 0.680161 7.878021
v 0.756584 0.310258 7.558441
v 0.809617 -0.114982 7.987732
v 2.057845 -1.908256 7.652237
v 2.453802 -2.163692 7.751602
v 4.365268 -3.679077 6.887085
v 4.719425 -3.603496 6.702195
v 6.167561 -5.109870 6.333893
v 6.357364 -5.971256 6.014191
v 6.761000 -6.936599 5.863251
v 5.992881 -6.658794 6.198716
v 4.465011 -5.296791 6.811707
v 3.776855 -4.979862 6.714234
v 1.901066 -2.919658 7.204300
v 0.956457 -1.405712 7.597839
v 3.061693 -2.403221 7.460098
v 3.341328 -2.423790 7.167648
v 3.658070 -2.516693 6.929382
v 3.727453 -3.309707 7.293641
v 4.083941 -3.920257 7.094605
v 2.649404 -3.252513 7.464188
v 2.118788 -2.745002 7.495102
v 3.598042 -2.923225 7.127228
v 3.223917 -3.262355 7.283417
v 2.929513 -2.972393 7.534561
v 3.322477 -2.903488 7.446823
v 2.159903 -2.456195 7.783920
v 3.730343 -3.719985 7.159714
v 3.155249 -3.714939 7.296906
v 1.364296 -1.788051 7.728836
v 5.049259 -3.653934 6.276352
v 5.822694 -4.804401 6.020417
v 5.656350 -5.172313 6.460465
v 5.963568 -5.487155 6.336945
v 6.312583 -6.405044 6.203644
v 4.535536 -5.466201 6.448288
v 3.683944 -4.590503 7.002015
v 4.405707 -4.199539 7.007920
v 5.388598 -4.441612 6.287110
v 5.470687 -4.845680 6.275544
v 6.087600 -5.867565 6.303895
v 5.045506 -5.878734 6.742524
v 4.929369 -5.196693 6.540360
v 5.109868 -5.482875 6.775147
v 4.177751 -4.883853 6.822266
v 4.092270 -4.454475 7.021576
v 4.642299 -4.590358 6.899186
v 4.828650 -4.270534 6.735672
v 5.189942 -4.177776 6.517151
v 5.751596 -5.491149 6.697052
v 5.421573 -5.728065 6.665513
v 5.283079 -5.108108 6.734223
v 4.726262 -4.992275 6.845994
v 5.208630 -4.651630 6.697663
v 4.302201 -4.512596 6.681244
v 6.559208 -6.382728 5.874070
v 1.089989 -1.196952 7.944885
v 0.459205 0.291432 7.828033
v 0.673542 -0.821262 7.999725
v 0.389841 -0.126968 7.941650
v -0.386937 -0.785903 6.764725
v 5.631442 -6.322574 6.398850
v 8.336337 -7.144870 3.612763
v 5.183632 -6.974140 5.423234
v 10.218967 -9.747898 1.676980
v 11.044593 -12.596409 -1.684348
v -0.045681 1.133355 5.441177
v 8.192292 -9.542622 3.733369
v 11.574744 -12.532429 -5.709197
v 11.584748 -12.282459 -6.169265
v 11.539803 -12.622205 -7.003051
v 11.230437 -12.307553 -8.976394
v 11.040860 -12.436719 -10.444945
v 10.873928 -12.184075 -10.718902
v 10.211557 -12.358945 -10.870879
v 10.855626 -12.808194 -10.066962
v 10.714939 -12.955239 -9.226653
v 11.156306 -12.821561 -8.214026
v 10.520277 -12.824082 -7.346107
v 10.512857 -12.843255 -6.940734
v 11.180259 -12.921478 -5.851531
v 11.564363 -12.615479 -5.175651
v 11.459930 -12.642140 -7.444129
v 11.353405 -12.419183 -8.499129
v 11.211788 -12.392011 -9.507407
v 10.800377 -12.766625 -10.470595
v 10.712367 -12.134236 -11.390235
v 10.435599 -11.856400 -11.275641
v 9.892692 -11.891549 -12.183654
v 10.221091 -12.329377 -11.860885
v 9.880719 -11.890328 -11.679267
v 10.218555 -12.334847 -11.311339
v 10.470605 -12.660039 -10.698028
v 10.235147 -12.323384 -12.272986
v 10.503696 -12.618867 -11.137954
v 10.482404 -11.951089 -11.729606
v 10.108459 -11.635751 -11.964019
v 10.512979 -12.528283 -11.672324
v 10.844497 -12.643987 -10.929465
v 9.873648 -11.653024 -12.549781
v 10.118654 -12.164453 -12.634208
v 10.606254 -12.144307 -12.110175
v 10.266507 -11.837464 -12.391959
v 9.893879 -11.861829 -12.890975
v 10.169846 -12.118459 -13.156631
v 9.915973 -11.838643 -13.522147
v 10.461965 -12.684564 -9.428054
v 10.945157 -12.980783 -8.897353
v 11.219074 -12.787206 -8.662223
v 11.295940 -12.672296 -9.140128
v 11.137575 -12.662332 -9.816398
v 10.732982 -12.906709 -9.639213
v 11.076957 -12.888078 -9.418204
v 10.921422 -13.008332 -7.581748
v 10.508756 -12.789971 -7.814261
v 10.823883 -13.040101 -6.428412
v 11.367656 -12.831142 -5.480643
v 11.456999 -12.704449 -6.090583
v 11.207985 -12.939317 -6.361373
v 11.239481 -12.945146 -6.814124
v 11.493706 -12.718976 -6.569617
v 11.191898 -12.914647 -7.263602
v 11.228551 -12.803437 -7.766891
v 10.871286 -13.063539 -6.933295
v 10.731123 -13.060120 -4.974746
v 4.101171 -3.042965 4.041672
v 2.955099 -1.778991 4.864227
v 10.515286 -11.676492 -9.401618
v 4.895537 -3.278129 3.737122
v 9.159867 -11.472301 -3.013167
v 8.642996 -11.091412 -1.119674
v 9.004520 -11.148682 -3.323722
v 6.461231 -5.318283 2.174172
v 5.510213 -7.468178 3.031968
v 4.999173 -7.299461 3.143357
v 8.483286 -10.222160 -3.556342
v 8.796923 -9.643810 -4.179084
v 7.684648 -9.134262 -3.151344
v 7.354441 -8.764458 -2.746742
v 5.510693 -5.666462 -0.130226
v 7.507605 -8.651470 -3.263015
v 5.443748 -6.517368 -0.539863
v 0.359354 0.720501 6.767578
v 0.489425 1.122693 6.350525
v 0.055881 0.898362 6.959152
v -0.129260 1.212082 6.709122
v -0.516597 0.945366 6.932266
v -0.614853 1.037018 6.550507
v 0.034463 0.423173 6.784317
v 0.459591 0.088990 6.358063
v 0.680707 0.516278 6.390488
v -0.090238 1.380227 6.238632
v -0.787624 0.404355 6.913620
v -0.288301 0.570389 6.971039
v -0.252887 0.126927 6.782745
v 0.116588 -0.086887 6.510956
v -0.077492 -0.369640 6.232117
v 0.016942 -0.619972 5.719086
v 0.314147 -0.265094 6.018997
v 0.660923 -0.089836 5.848358
v 0.774613 0.254879 6.101425
v -0.846544 1.116112 5.949722
v -0.710261 1.264344 5.525360
v -0.881971 1.017376 5.231186
v -1.176706 0.865139 5.796860
v -0.414305 -0.216709 6.617264
v -0.627003 -0.534496 5.844711
v 0.166119 -0.597248 5.337540
v 0.568851 -0.370636 5.382431
v 0.425250 -0.581863 5.004120
v 0.829234 -0.193721 5.016586
v 0.957187 0.187767 5.472610
v 1.071954 0.614430 4.936295
v 0.850823 1.029045 5.453796
v 0.683447 1.344113 5.041321
v 0.242816 1.594365 5.049240
v -0.109131 1.564854 5.275238
v -0.395304 1.718010 4.851685
v -0.716460 1.886544 4.289337
v -1.054659 1.564038 4.659943
v -1.258440 1.176415 4.874069
v -0.963735 0.586281 5.264908
v -1.211302 0.369244 5.978806
v -0.571241 -0.706611 4.634918
v -0.969137 -0.601261 4.125870
v -0.254189 -0.700172 3.894730
v 0.551411 -0.418502 4.159973
v 0.798567 -0.258743 4.606110
v -0.305989 -0.737926 4.325714
v 0.994156 0.932148 4.555145
v 0.571839 1.502587 4.690186
v 0.337046 1.788742 4.295166
v 0.056604 1.751408 4.680664
v -0.215129 1.982663 4.133301
v -0.678280 1.999211 3.796905
v -1.086390 1.835747 3.829757
v -1.395910 1.533089 4.064560
v -1.492285 0.724217 4.726578
v -1.502031 0.306919 4.722397
v -1.368451 -0.144027 4.626465
v -0.954377 -0.528030 4.893082
v -1.349041 0.412964 5.190125
v -1.066384 -0.096046 5.506516
v -1.024702 -0.098014 5.987411
v -0.720508 -0.638675 5.208527
v -1.259395 -0.375587 3.834351
v -0.862757 -0.569057 3.633850
v 0.517212 -0.164016 3.190369
v 0.998907 0.680664 3.795822
v 0.981938 0.313023 4.282898
v 0.942658 1.105049 3.778595
v 0.810051 1.404038 4.146255
v 0.337422 1.865582 3.805191
v -0.268493 2.087235 3.500427
v -0.573604 2.121872 3.119415
v -1.159207 1.870320 3.270691
v -1.606020 1.149140 3.437576
v -1.664364 0.423008 3.848175
v -1.634753 1.020108 3.968719
v -1.513443 1.248440 4.345413
v -1.660245 0.619622 4.266983
v -1.492210 -0.057502 3.643417
v -0.493826 -0.540363 3.256012
v 0.016775 -0.510032 3.369873
v 0.199260 -0.364494 2.987053
v 0.811474 0.277226 3.344070
v 0.447744 1.772488 3.241836
v -0.076607 2.041836 2.887802
v -0.231613 2.090389 2.495598
v -0.193083 1.955967 1.881454
v -0.626197 2.095265 1.745514
v -0.940090 2.026463 2.009224
v -0.854005 2.042298 2.511856
v -1.265688 1.820591 2.275108
v -1.185604 1.895355 2.844803
v -1.580207 1.452568 2.848953
v -1.647141 0.635971 3.504471
v -1.135744 -0.343208 3.320267
v -1.183341 -0.266327 2.816490
v -0.650023 -0.447105 2.852310
v -0.220778 -0.435402 2.727974
v 0.061547 -0.203205 2.415207
v -0.019476 -0.017494 1.968483
v 0.148172 0.194908 1.572929
v 0.469054 0.552712 1.994919
v 0.669228 0.531353 2.436493
v 0.360503 0.061817 2.353706
v 0.779051 0.495163 2.949341
v 0.781992 0.894074 2.833496
v 0.858620 1.061569 3.266296
v 0.263644 1.828522 2.311226
v 0.282933 1.862210 2.808929
v 0.137027 1.724915 1.812111
v -0.009778 1.824825 1.370384
v -0.366292 2.080231 1.415619
v -0.303553 2.110096 0.975845
v -0.820914 2.382965 0.458198
v -0.995935 2.305103 0.896820
v -1.552283 2.338970 0.327026
v -1.836599 1.882488 0.880073
v -1.430706 2.228729 0.808250
v -1.101593 2.144569 1.478310
v -1.439974 1.842262 1.887672
v -1.560280 1.515991 2.286133
v -1.759996 1.006020 2.696922
v -1.779974 0.442158 2.610992
v -1.660584 0.862313 3.139954
v -1.506149 -0.000137 2.934914
v -1.451641 -0.100559 2.496361
v -1.652035 0.134201 1.993042
v -1.079402 -0.319771 2.357056
v -0.660311 -0.397590 2.311195
v -1.320038 -0.085960 1.828384
v -0.619149 -0.194431 1.508141
v -0.820825 -0.266929 1.929199
v -0.201308 -0.082950 1.479156
v 0.313589 0.517151 1.320946
v 0.401970 0.959801 1.623413
v 0.263498 1.376953 1.202080
v 0.347754 1.341625 1.755142
v 0.526532 1.430882 2.220528
v 0.678455 1.315369 2.710442
v 0.666619 0.960278 2.288605
v -0.068594 1.911114 0.557892
v -0.276077 2.107521 0.235260
v -1.197845 2.459080 0.184807
v -1.616518 2.500999 -0.217224
v -1.854589 2.062199 -0.177506
v -1.769001 1.659096 0.007583
v -1.941857 1.954639 0.336609
v -2.120257 1.637173 0.682258
v -1.611457 1.897770 1.436066
v -1.716027 1.532814 1.908920
v -1.870984 0.669106 1.887268
v -1.921515 0.517407 1.501289
v -1.960383 0.404881 1.089462
v -1.619331 0.094795 1.417946
v -1.144115 -0.156505 1.354202
v 0.321887 0.924713 0.936180
v 0.189672 1.393791 0.441719
v 0.032322 1.663502 0.166580
v -0.108709 1.786598 -0.258507
v -0.333418 2.089764 -0.407211
v -0.700393 2.368061 0.069664
v -1.219245 2.590267 -0.397301
v -1.866661 2.601654 -1.049546
v -2.104868 2.292870 -0.554428
v -2.307221 1.933182 -0.184212
v -2.394727 1.507050 0.065826
v -2.297048 1.359257 0.454361
v -1.961951 1.526932 1.348183
v -2.070641 1.027481 1.390083
v -2.144980 1.245400 1.036072
v -2.150263 0.792793 0.976570
v -1.114855 -0.155411 0.826942
v -1.628071 0.054199 0.496529
v 0.096672 1.306206 -0.040939
v -0.003767 1.598427 -0.914559
v -0.291324 2.199028 -1.611908
v -0.559530 2.482136 -1.742333
v -0.281434 2.082500 -0.998223
v -0.700902 2.411045 -0.552048
v -1.149055 2.645435 -0.911987
v -1.855717 2.710289 -1.440117
v -2.306636 2.491356 -1.536888
v -2.485650 2.219585 -1.256065
v -2.398346 2.114960 -0.789665
v -2.568128 1.608532 -0.564324
v -2.680229 1.231472 -0.895119
v -2.538896 1.219234 -0.362152
v -2.225718 0.785591 0.544296
v -2.001529 0.378544 0.645813
v -1.648496 0.065586 0.967300
v 0.145573 0.929459 0.093719
v 0.047312 1.345360 -0.528290
v -0.935319 2.718704 -1.911209
v -1.375175 2.817135 -1.744858
v -0.923331 2.646805 -1.461426
v -0.668348 2.420238 -1.059265
v -2.449839 2.646484 -2.485039
v -2.213531 2.877865 -2.711319
v -2.570168 2.965797 -3.337197
v -2.600050 2.735428 -2.950775
v -2.788339 2.388904 -2.717629
v -2.705519 2.167461 -2.088700
v -2.622321 2.175155 -1.686058
v -2.452184 2.453228 -1.928200
v -2.094075 2.686458 -1.865418
v -2.686675 1.803570 -1.140244
v -2.783257 1.800419 -1.610840
v -2.809102 1.272171 -1.460594
v -2.338480 0.731091 -0.229721
v -2.340995 0.933922 0.159775
v -2.089606 0.460178 0.170654
v -1.623453 0.078075 -0.174393
v -0.096270 1.847553 -1.765144
v -0.567197 2.522911 -2.421639
v -0.597987 2.459091 -3.182724
v -0.571946 2.123646 -3.492821
v -0.766576 2.160782 -3.927239
v -0.795349 2.723572 -2.885361
v -1.149170 2.885643 -2.540985
v -1.706391 2.958206 -2.544297
v -1.714685 2.831966 -2.037613
v -2.084568 3.114399 -3.173081
v -1.954331 3.218841 -3.560654
v -2.981494 2.618950 -3.413224
v -3.080835 2.178035 -3.124275
v -2.989294 1.866527 -2.630188
v -2.885117 1.669014 -2.092484
v -2.884670 1.267475 -2.089699
v -2.746862 0.898548 -1.829590
v -2.940058 1.184147 -2.585587
v -2.710161 0.777260 -2.271545
v -2.425319 0.472496 -2.126068
v -2.496772 0.514706 -1.731911
v -2.543595 0.627586 -1.297249
v -2.305964 0.457668 -0.881821
v -2.502940 0.821976 -0.728447
v -2.084200 0.365520 -0.341057
v 0.000185 0.541225 -0.304489
v 0.009792 1.315544 -1.392975
v -0.290265 2.154690 -2.165879
v -0.321990 2.051418 -2.797920
v -0.182482 1.682781 -2.477478
v -0.421403 1.783554 -3.234116
v -0.680697 1.779232 -3.727631
v -0.986868 2.538162 -4.276779
v -0.862962 2.592293 -3.866272
v -1.090471 2.932983 -3.574646
v -1.074177 2.930256 -3.146828
v -1.595079 3.116485 -3.118126
v -1.447494 3.143032 -3.578163
v -2.359322 3.378422 -4.201790
v -2.312028 3.223900 -3.746117
v -2.856179 3.136833 -4.084290
v -3.325321 2.237118 -4.030846
v -2.929037 1.085441 -3.432549
v -3.152641 1.519882 -3.371971
v -3.219376 2.192009 -3.575112
v -3.108478 1.691341 -2.995575
v -2.417390 0.526611 -2.945038
v -2.079998 0.347770 -2.815834
v -1.800171 0.222366 -2.535164
v -1.935158 0.190788 -0.719345
v -1.011388 -0.054253 -0.510201
v 0.078187 0.945103 -0.388031
v -0.939924 1.739483 -4.148659
v -0.993393 2.151794 -4.423889
v -1.126575 2.885780 -4.087257
v -1.696599 3.263386 -3.935555
v -3.245940 1.696129 -3.903855
v -2.961176 1.214321 -3.853966
v -2.565244 0.863365 -3.750595
v -2.413784 0.664222 -3.363998
v -1.963581 0.497421 -3.324661
v -2.747093 0.836715 -3.114838
v -3.003197 1.227726 -3.040863
v -1.479554 0.082447 -1.947502
v -1.452548 -0.023426 -1.222504
v -1.437255 -0.004932 -0.527802
v -0.713094 1.080265 -3.260948
v -1.179826 0.920372 -3.590347
v -1.088820 1.309997 -3.972282
v -1.164751 1.785278 -4.550613
v -1.180391 2.327041 -4.834435
v -1.177945 2.790783 -4.563004
v -1.409248 3.145046 -4.247940
v -2.040174 3.441082 -4.448967
v -2.938337 1.282203 -4.423454
v -2.419789 1.091621 -4.470299
v -2.140392 0.866501 -4.041435
v -1.913178 1.151611 -4.550415
v -1.205887 -0.056255 -0.865723
v -1.012940 0.032375 -1.220253
v -0.711900 0.229912 -1.658607
v -0.059362 1.310657 -1.823891
v -0.273860 1.246395 -2.616966
v -0.853283 0.730495 -3.019806
v -1.239672 0.607887 -3.220848
v -1.809095 0.709877 -3.714020
v -1.182618 0.380890 -2.798462
v -1.018487 0.163166 -1.920166
v -0.285012 0.771698 -2.018982
v -0.157515 1.204986 -2.203323
v -0.343679 0.887993 -2.417580
v -1.217266 0.179424 -2.267090
v -1.240835 0.026859 -1.582611
v -1.765248 1.474247 -4.987862
v -1.428495 1.704399 -4.900139
v -1.374074 2.068115 -5.119873
v -3.251076 3.010971 -4.368111
v -3.355785 2.600059 -4.296272
v -3.461339 2.246311 -4.467735
v -3.342050 1.791629 -4.453148
v -2.602543 1.220008 -4.806519
v -2.208240 1.246193 -4.873871
v -1.508939 1.253429 -4.459862
v -1.504712 2.254039 -5.476738
v -1.494915 3.090221 -4.925842
v -2.463231 3.597660 -4.553559
v -2.793543 3.412491 -4.396500
v -3.584981 2.612121 -4.666466
v -3.267455 1.636345 -4.818192
v -2.534178 1.364029 -5.193901
v -1.878701 1.627342 -5.361488
v -1.786285 3.373325 -4.789750
v -1.650234 2.255950 -6.024536
v -1.742326 3.398002 -5.193474
v -2.384257 3.848709 -4.902169
v -2.248831 1.504696 -5.495415
v -1.554268 3.066391 -5.337006
v -3.040280 3.690674 -4.623169
v -3.459484 3.385875 -4.613007
v -1.795785 1.884902 -5.663284
v -1.685244 2.021751 -6.351273
v -1.977002 3.719997 -5.109314
v -2.739947 4.030490 -4.727532
v -3.695066 3.011303 -4.659042
v -4.145860 2.109493 -5.257584
v -1.304641 2.916576 -6.093079
v -1.616012 3.602909 -5.581696
v -2.612671 4.246215 -5.057000
v -3.699109 3.850029 -4.909791
v -3.910254 3.507526 -4.828156
v -3.974030 2.728397 -4.724693
v -4.155835 2.430580 -4.971313
v -4.377202 2.579174 -5.304893
v -3.990187 1.796100 -5.470528
v -3.200823 1.479366 -5.689079
v -1.910859 1.772750 -6.579819
v -1.910670 2.155815 -7.006050
v -1.822050 2.578063 -7.072975
v -1.569495 2.236335 -6.690521
v -1.441088 2.464057 -6.385780
v -2.339849 4.325130 -5.360665
v -3.159758 4.202537 -5.184487
v -4.064008 3.134811 -4.814316
v -4.268175 2.951366 -5.192879
v -2.138689 1.829669 -6.924515
v -2.270583 2.241775 -7.160301
v -2.219876 2.614448 -7.315178
v -2.233542 2.981941 -7.550819
v -1.958145 3.135005 -7.215813
v -1.612291 2.991035 -6.955589
v -1.986661 4.079006 -5.301789
v -3.030004 4.217308 -5.609681
v -3.474900 4.070243 -5.506875
v -3.875995 3.749614 -5.338021
v -4.143234 3.344043 -5.291924
v -4.380093 2.259101 -5.553009
v -4.255529 1.806171 -5.771538
v -3.854719 1.482894 -5.744614
v -2.921599 1.249317 -6.166451
v -2.143155 1.563838 -6.238068
v -2.588092 1.864910 -7.134216
v -2.402673 3.071937 -7.925774
v -2.603207 3.441524 -8.475960
v -2.704954 3.822368 -8.603554
v -2.434586 3.503585 -7.998330
v -1.327846 2.884132 -6.672318
v -1.172873 3.273258 -6.415986
v -1.297049 3.603149 -6.085221
v -1.389987 3.319767 -5.810563
v -1.573546 4.049564 -6.113823
v -1.701760 3.989563 -5.648453
v -2.042750 4.277412 -5.690705
v -2.612247 4.224144 -5.990197
v -3.282073 4.034343 -5.913781
v -4.196981 3.029052 -5.694450
v -4.332136 2.629486 -5.830017
v -4.359963 2.271240 -6.085670
v -3.816431 1.294899 -6.136063
v -4.230015 1.743759 -6.233505
v -2.261271 1.500267 -6.631538
v -3.187324 1.616493 -6.950272
v -3.355202 2.052566 -7.413673
v -3.033879 1.915405 -7.193123
v -2.453057 2.660964 -7.658615
v -2.652893 2.724723 -8.011070
v -2.696411 3.059085 -8.404808
v -2.887734 3.715781 -9.049034
v -2.481633 3.893489 -8.155434
v -2.183084 3.481052 -7.535553
v -1.671098 3.840702 -6.806221
v -1.390219 3.313430 -6.818261
v -1.342266 3.654106 -6.579606
v -3.617332 3.961837 -6.214478
v -4.070267 3.296760 -6.179726
v -4.000676 3.483352 -5.675232
v -3.692817 3.769939 -5.761651
v -3.875892 3.667358 -6.106225
v -4.287004 3.174552 -6.577149
v -4.211604 2.853889 -6.255043
v -3.638975 1.260364 -6.520561
v -3.247355 1.156669 -6.383057
v -2.581937 1.345638 -6.372780
v -2.682995 1.513111 -6.908737
v -2.939491 1.323116 -6.662956
v -3.396391 2.214973 -7.804718
v -3.008648 2.195671 -7.604820
v -2.633117 2.295368 -7.453064
v -2.975573 2.491328 -8.075645
v -2.854702 3.273425 -8.815567
v -3.005618 4.095684 -9.123039
v -2.676835 4.216758 -8.454704
v -2.245960 3.830356 -7.756051
v -2.114043 3.999889 -7.338555
v -1.744645 4.075218 -6.488282
v -2.330160 4.224288 -6.368767
v -2.713503 4.197372 -6.481186
v -2.980571 4.083160 -6.186211
v -3.302894 4.169410 -6.486825
v -4.101973 3.690765 -6.475487
v -4.453940 2.782722 -6.729767
v -4.358502 2.493606 -6.465805
v -4.309583 2.049354 -6.481232
v -4.072251 1.727008 -6.686012
v -3.719981 1.595562 -6.891205
v -3.733973 1.973430 -7.218285
v -3.960748 2.206230 -7.645966
v -3.779364 2.399642 -8.002182
v -2.969162 2.739665 -8.393791
v -3.117702 2.941238 -8.785728
v -3.178859 4.374336 -9.417885
v -2.987000 4.514450 -8.879364
v -2.927006 4.620307 -8.496346
v -2.646831 4.430538 -8.096573
v -2.361987 4.227417 -7.816918
v -2.372087 4.313377 -6.884667
v -2.003798 4.064491 -6.869317
v -3.001312 4.312358 -6.771973
v -3.808293 4.088756 -6.594384
v -4.345384 3.555015 -6.852868
v -4.504284 3.582633 -7.266404
v -4.538677 3.175758 -7.008484
v -4.137918 2.109249 -7.297798
v -4.399608 2.302223 -7.580650
v -4.202400 2.376422 -7.994225
v -3.355260 2.400943 -8.191422
v -3.424934 2.962032 -9.054802
v -3.114605 3.484908 -9.294907
v -3.292894 4.895046 -9.106979
v -3.228152 4.953331 -8.708504
v -2.461811 4.425857 -7.473267
v -2.826069 4.585735 -7.278412
v -4.200216 3.933475 -6.863762
v -4.262670 4.167869 -7.228867
v -4.833264 3.281707 -7.498307
v -4.485292 2.414215 -7.006187
v -4.210117 2.082386 -6.899055
v -4.633073 2.568584 -7.375389
v -4.086659 2.583602 -8.361099
v -3.693140 2.515998 -8.436478
v -3.491522 2.703048 -8.730713
v -3.905342 2.907344 -9.175110
v -3.173418 3.835910 -9.559288
v -3.370753 4.247226 -9.754517
v -3.335714 4.723453 -9.576500
v -3.627001 5.146224 -9.741837
v -3.747742 5.336208 -9.351028
v -3.995345 5.296348 -8.959641
v -3.654974 5.229190 -8.755623
v -3.926491 4.863159 -8.244087
v -3.178472 4.977466 -8.290794
v -2.928941 4.778087 -7.735177
v -3.213472 4.449031 -7.120324
v -3.915678 4.258392 -6.966340
v -4.996807 3.663673 -8.019516
v -4.758312 3.627517 -7.686745
v -4.546492 3.968315 -7.528008
v -4.758276 2.960632 -7.270889
v -4.617383 2.613037 -7.847168
v -4.549486 2.734393 -8.288902
v -3.433499 3.217223 -9.371208
v -3.477248 3.474616 -9.709969
v -3.445678 3.855705 -9.946198
v -3.716460 4.640182 -10.381485
v -3.556068 4.799548 -10.043633
v -3.568375 4.341525 -10.130173
v -4.288807 5.433685 -9.430588
v -4.296431 5.013797 -8.696404
v -3.589666 4.885993 -8.021477
v -4.062201 4.503471 -7.535836
v -3.289390 4.691535 -7.549096
v -5.023975 3.279277 -7.880150
v -4.878000 2.898006 -7.719841
v -4.855680 2.973190 -8.190239
v -4.312050 2.798648 -8.722046
v -3.854753 3.126662 -9.539330
v -3.770388 4.121917 -10.472824
v -3.876547 4.575099 -10.826492
v -4.108475 5.558295 -9.772659
v -4.728060 5.859012 -10.415565
v -5.125571 5.421927 -9.724716
v -4.749284 5.536098 -9.880531
v -4.330830 4.832229 -8.308151
v -4.080854 4.676284 -7.909104
v -3.702240 4.626049 -7.711655
v -4.415921 4.454586 -7.757843
v -5.223853 3.749492 -8.474792
v -4.926379 4.063350 -8.292778
v -4.711432 4.207866 -7.970040
v -5.105481 3.290931 -8.354538
v -4.998823 3.265781 -8.759644
v -4.732596 2.992564 -8.582275
v -4.264049 3.089225 -9.399757
v -3.909066 3.427387 -9.969307
v -3.804470 3.771545 -10.222000
v -4.078481 4.100139 -10.801704
v -3.753622 5.091712 -10.399582
v -5.036217 5.677035 -10.137154
v -5.397943 5.507274 -10.041573
v -5.050401 5.100616 -9.244202
v -4.712070 5.316173 -9.436722
v -4.542798 5.136543 -9.005234
v -4.834318 4.515865 -8.364738
v -5.025898 4.501079 -8.717819
v -5.231424 4.082374 -8.729950
v -4.657289 3.077892 -9.070572
v -4.750019 3.281284 -9.481239
v -4.284582 3.279559 -9.751022
v -4.301459 3.465019 -10.151260
v -4.579240 3.632816 -10.387764
v -4.763030 3.821288 -10.774834
v -4.235452 3.790969 -10.587982
v -4.147696 4.964473 -11.219368
v -4.135201 5.389106 -11.130508
v -4.140218 5.638461 -10.454948
v -3.906129 5.408553 -10.206558
v -4.393473 5.712832 -10.066078
v -4.954908 6.024386 -10.808960
v -5.188098 5.862292 -10.518684
v -5.719116 5.298041 -10.235374
v -5.375187 5.049869 -9.625816
v -5.088551 3.417701 -9.143410
v -4.961853 3.489913 -9.815552
v -4.495502 4.080394 -11.112854
v -4.261959 5.739005 -10.948738
v -5.617626 5.727363 -10.436836
v -5.599489 4.816966 -9.935806
v -5.330606 4.522220 -9.332687
v -5.130252 4.745815 -9.033295
v -4.812260 4.903274 -8.746178
v -5.439546 3.992049 -9.081512
v -5.314301 3.651984 -8.888626
v -5.188700 3.715717 -10.284081
v -5.387471 3.928268 -10.684280
v -4.895825 4.100474 -11.326584
v -4.205257 4.509055 -11.281563
v -4.334046 5.635833 -11.487366
v -5.596546 6.063636 -10.831650
v -5.951496 5.720759 -10.701584
v -5.943932 5.315635 -10.607193
v -5.845246 4.837722 -10.305595
v -5.806168 4.411433 -10.109665
v -5.609853 4.467166 -9.697868
v -5.376298 3.767360 -9.831009
v -5.646313 4.097056 -9.904564
v -5.559852 4.048114 -9.514648
v -5.294960 3.653102 -9.452942
v -5.528124 3.944755 -10.256989
v -5.670626 4.137553 -10.894569
v -5.169510 4.044528 -11.038368
v -4.636102 4.325656 -11.532806
v -4.312634 4.765513 -11.580818
v -4.331271 5.213206 -11.572632
v -4.703215 6.132277 -11.311142
v -6.143372 5.445823 -10.986801
v -5.942286 4.500228 -10.527512
v -4.590943 4.658641 -11.860359
v -4.520465 5.819278 -11.835915
v -4.730133 6.132377 -12.037445
v -4.950569 6.342185 -11.638413
v -5.507847 6.332496 -11.494218
v -5.962015 6.273284 -11.249062
v -6.220579 5.827640 -11.084473
v -6.260158 5.030765 -11.067062
v -5.799008 4.289741 -11.266418
v -5.529158 4.461608 -11.939575
v -5.464598 4.298827 -11.508820
v -4.481556 5.153255 -11.972488
v -5.710810 6.497184 -11.823907
v -6.426943 5.794299 -11.471718
v -6.081758 4.830127 -10.737152
v -6.027665 4.506141 -10.968422
v -4.976066 4.484206 -11.958061
v -4.765095 4.908893 -12.234085
v -4.643585 5.458587 -12.190605
v -4.855064 5.898356 -12.393471
v -5.176984 6.587386 -12.574960
v -5.022500 6.461993 -12.116258
v -5.499165 6.699649 -12.221017
v -6.134517 6.512931 -11.674943
v -6.348322 6.222278 -11.498344
v -6.574497 5.643355 -11.817619
v -6.440660 5.355361 -11.448593
v -6.413534 4.920581 -11.519051
v -6.136818 4.600162 -11.763885
v -4.810875 5.508864 -12.571648
v -6.034215 6.738284 -12.323281
v -6.644128 6.155314 -11.845924
v -6.803359 5.592505 -12.178360
v -6.186319 4.636313 -11.342056
v -6.282351 4.763968 -12.106720
v -5.631686 4.641192 -12.311951
v -5.107502 4.722640 -12.342720
v -5.015931 5.073733 -12.629448
v -5.159245 6.163276 -12.859512
v -5.281421 6.549388 -12.986955
v -6.761036 6.031894 -12.242470
v -6.910024 6.209445 -12.587189
v -7.027394 5.786819 -12.624481
v -6.727364 5.196910 -12.701439
v -6.724692 5.204104 -12.257622
v -6.610965 5.165999 -11.824310
v -5.396027 4.796527 -12.610611
v -5.200919 5.711566 -13.273354
v -5.148836 5.349784 -13.018227
v -5.347013 6.196219 -13.216187
v -5.586914 6.919471 -12.745683
v -6.213478 6.952712 -12.857453
v -6.566607 6.836444 -12.313348
v -6.609998 6.527274 -12.000794
v -7.139496 5.620791 -13.017319
v -6.775848 5.326858 -13.077827
v -5.878397 4.850886 -12.643791
v -5.837333 4.969272 -13.042900
v -5.470016 5.251006 -13.262733
v -5.466578 5.560534 -13.559883
v -5.477915 6.208762 -13.628914
v -5.812283 7.134994 -13.629357
v -5.578244 6.899825 -13.341538
v -5.879978 7.193290 -13.228173
v -6.876890 6.538806 -12.323792
v -7.089140 6.590888 -12.680451
v -7.335482 5.834792 -13.410919
v -6.983583 5.653632 -13.619019
v -6.238498 5.164493 -13.099861
v -5.732598 6.722758 -13.730134
v -6.296368 7.208678 -13.228776
v -7.237682 7.102149 -13.035264
v -6.796136 7.307528 -13.084786
v -6.931185 6.962264 -12.663850
v -7.148477 6.341720 -13.032815
v -7.281149 5.895827 -13.830833
v -6.871535 5.862655 -14.042114
v -6.520833 5.416259 -13.388672
v -5.807012 5.273536 -13.553864
v -6.028821 5.719546 -14.103523
v -5.576226 5.851985 -13.828094
v -5.869562 6.600463 -14.099420
v -6.109982 7.416892 -13.877610
v -6.577321 7.366771 -13.475266
v -7.339556 6.759143 -13.244775
v -7.450358 6.295218 -13.331741
v -6.479259 5.615943 -14.033325
v -6.175192 5.358268 -13.716141
v -5.975072 6.157470 -14.317101
v -5.692070 6.235106 -14.016174
v -5.959558 7.058269 -14.003518
v -6.611929 7.744769 -14.014054
v -7.298665 7.535472 -13.438775
v -7.553508 6.768447 -13.618714
v -7.641665 6.321700 -13.690331
v -7.718773 6.364387 -14.081010
v -7.328143 6.135112 -14.214722
v -6.836297 6.027686 -14.471649
v -6.123702 6.867137 -14.358941
v -6.219147 7.293288 -14.328179
v -6.760273 7.985126 -14.607621
v -7.443527 8.203254 -14.428231
v -7.161040 7.760909 -13.781014
v -7.664894 7.315467 -13.570642
v -7.866775 7.295623 -13.932549
v -7.818313 6.877196 -13.948075
v -7.257730 6.364139 -14.629426
v -6.468610 7.484004 -14.635545
v -7.251130 7.977382 -14.149156
v -7.752059 7.661967 -13.778176
v -8.216752 7.946136 -14.307137
v -8.118978 7.526732 -14.265801
v -8.069150 7.122123 -14.296021
v -7.926344 6.659537 -14.295297
v -6.872133 6.293181 -14.824310
v -6.397672 6.118793 -14.575172
v -6.217926 6.556060 -14.650918
v -6.387279 7.080176 -14.701814
v -6.884413 7.998183 -15.012216
v -7.111185 8.329257 -14.922769
v -7.703335 8.426280 -14.650681
v -8.177851 8.401805 -14.520219
v -7.881783 8.027541 -14.097474
v -8.233716 7.051475 -14.655999
v -7.925905 6.833434 -14.954461
v -7.688443 6.529738 -14.621308
v -7.211424 6.522315 -15.015176
v -6.591774 6.558532 -14.943955
v -6.605546 7.124404 -15.061822
v -6.762855 7.509383 -15.028848
v -7.113122 8.189200 -15.318139
v -8.337833 7.646647 -14.592530
v -8.299036 7.178443 -15.258714
v -7.616140 6.861255 -15.218575
v -6.893922 6.828433 -15.257401
v -7.371639 8.257026 -15.622315
v -7.485903 8.705604 -15.270707
v -8.518095 8.486529 -14.737107
v -8.764307 8.707713 -14.997880
v -8.709291 7.673366 -15.122277
v -8.573568 8.009955 -14.811280
v -8.481512 7.342937 -14.923783
v -8.594025 7.460517 -15.447312
v -8.017109 7.271037 -15.534516
v -6.912951 7.407363 -15.404878
v -7.167622 7.801932 -15.565888
v -7.876363 9.018321 -15.440064
v -7.791681 8.678771 -15.000955
v -8.833752 8.321441 -15.098756
v -9.057680 8.247813 -15.429238
v -8.814068 7.715865 -15.699288
v -7.637753 7.071258 -15.574838
v -7.159056 7.074363 -15.509500
v -7.358311 7.527476 -15.804986
v -7.643299 8.293586 -16.014534
v -7.611297 8.852717 -15.697396
v -8.302865 9.042541 -15.246926
v -8.230839 8.794471 -14.899423
v -8.771385 9.077380 -15.178704
v -9.337593 8.566173 -15.617677
v -9.026331 8.044787 -16.131485
v -7.791467 7.404715 -15.879373
v -7.601457 7.890967 -16.057533
v -7.892175 8.659827 -16.149010
v -8.122512 9.440162 -15.812608
v -9.278269 9.086226 -15.401246
v -9.259102 8.103675 -15.793122
v -8.649073 8.092624 -16.517891
v -8.538044 7.926253 -16.156631
v -8.300266 8.234859 -16.688690
v -7.946514 7.889777 -16.261314
v -8.185359 7.595904 -15.988496
v -7.902627 8.281631 -16.430893
v -8.074485 8.749343 -16.586838
v -7.894563 9.058848 -16.197655
v -8.657791 9.716975 -15.872048
v -8.508942 9.367557 -15.520028
v -9.579847 9.187774 -15.652741
v -9.712334 8.858817 -15.939599
v -9.537842 8.367251 -15.908685
v -9.431738 8.219279 -16.311241
v -9.082413 8.377147 -16.525421
v -8.290804 8.684100 -16.931496
v -8.187664 9.191138 -16.588181
v -8.072927 9.609706 -16.238899
v -9.028347 9.864528 -15.827241
v -8.990917 9.402061 -15.418862
v -9.376583 9.596549 -15.637528
v -9.941694 9.231360 -16.085243
v -9.980396 8.857543 -16.285530
v -9.800220 8.472659 -16.346657
v -9.533733 8.638404 -16.875816
v -8.818705 8.381377 -16.960869
v -8.380793 9.879420 -16.203819
v -8.981464 10.155406 -16.317314
v -9.643452 9.830218 -15.859918
v -10.230095 9.501227 -16.380768
v -9.931286 9.088901 -17.256012
v -9.374256 8.743999 -17.302414
v -8.645555 8.702796 -17.161362
v -8.409716 9.240024 -17.000237
v -8.202095 9.637645 -16.618828
v -9.117193 10.405406 -16.639030
v -9.504900 10.493556 -16.397835
v -9.308020 10.105777 -16.016876
v -10.015747 9.728122 -16.053085
v -10.477886 9.912826 -16.446861
v -10.475971 9.590922 -16.710510
v -9.931965 8.665969 -16.708450
v -10.009991 9.347278 -17.570137
v -9.275856 9.035090 -17.605057
v -8.980293 8.803016 -17.371788
v -8.615515 9.148620 -17.332100
v -8.677414 9.562186 -17.278137
v -8.476704 9.685332 -16.939804
v -8.533768 10.098086 -16.584114
v -9.803150 10.791434 -16.561142
v -9.837994 10.134978 -16.094193
v -10.333477 9.175445 -16.743156
v -10.360128 9.173350 -17.189247
v -9.627426 9.267417 -17.822243
v -9.039841 9.967048 -17.483170
v -8.734352 10.032424 -17.140068
v -9.365339 10.737025 -16.969963
v -9.729952 11.036353 -17.103256
v -10.064302 11.163531 -16.846001
v -10.234507 10.236861 -16.291733
v -10.656759 10.325347 -16.522316
v -10.698645 9.534907 -17.082092
v -10.593761 9.433517 -17.490494
v -10.222639 9.618751 -17.972656
v -9.769272 9.569907 -18.078270
v -9.233845 9.392779 -17.806908
v -8.876289 9.353473 -17.594940
v -9.057884 10.391887 -17.443443
v -8.887367 10.417865 -17.082184
v -9.710411 11.288684 -17.430672
v -10.554049 11.355803 -16.815132
v -10.407759 10.911338 -16.601730
v -10.802092 10.725970 -16.637268
v -10.711969 9.907001 -16.816376
v -10.589247 9.723109 -17.805115
v -10.349987 9.838805 -18.306244
v -9.230677 9.980472 -17.857803
v -9.310637 10.613090 -17.693390
v -9.232069 10.819835 -17.352463
v -10.364578 11.608123 -17.186577
v -10.932123 11.148047 -16.732658
v -11.159672 10.608615 -16.868103
v -10.940662 10.249072 -16.846786
v -10.924286 9.873214 -17.171013
v -10.949282 9.633159 -17.511215
v -10.673721 10.406089 -18.871483
v -10.327492 10.612887 -18.881462
v -10.112438 10.364207 -18.639442
v -9.925121 9.989886 -18.396355
v -9.557581 9.918021 -18.170860
v -9.738802 10.369399 -18.383278
v -9.480688 10.309730 -18.025002
v -9.687901 11.582053 -17.777954
v -9.924299 12.032130 -17.912819
v -10.031221 11.589835 -17.492798
v -10.384510 11.871955 -17.544365
v -10.467403 12.279948 -17.725677
v -10.729273 12.095668 -17.446983
v -10.924040 11.892104 -17.054787
v -11.023525 11.533549 -16.838135
v -11.349072 11.055331 -16.890732
v -11.670319 11.148829 -17.133354
v -11.593113 10.327403 -17.544785
v -11.599985 10.776343 -17.385345
v -11.321808 10.460654 -17.261917
v -11.232977 10.074229 -17.387474
v -11.210773 9.825130 -17.771103
v -10.723728 10.021541 -18.287148
v -10.463346 10.117408 -18.591202
v -11.030609 10.559908 -19.068756
v -10.659729 10.745165 -19.131714
v -10.305889 11.029364 -19.030281
v -10.041229 10.975226 -18.715691
v -9.680969 10.671512 -18.075012
v -9.474022 10.986255 -17.866257
v -9.757490 11.738082 -18.155525
v -10.044029 12.216338 -18.252304
v -10.236828 12.485839 -18.009621
v -11.017082 12.282798 -17.195404
v -11.995773 10.952270 -17.600716
v -12.003395 10.501243 -17.698456
v -11.564682 10.036979 -17.834023
v -11.020674 10.306846 -18.562790
v -11.501263 10.625586 -19.170319
v -10.322639 11.495296 -18.718193
v -9.882486 10.920665 -18.325470
v -9.671457 11.280059 -18.129982
v -10.704985 12.661365 -17.743410
v -11.379175 12.127456 -17.011848
v -11.453583 11.557986 -16.886749
v -11.871414 11.581180 -17.019653
v -12.097876 11.324283 -17.248131
v -11.266745 10.081641 -18.167404
v -11.303711 10.518039 -18.768349
v -11.403637 10.859446 -19.480354
v -10.986729 10.943441 -19.396317
v -10.613844 11.138884 -19.289711
v -10.427225 11.493769 -19.228455
v -10.336510 12.080169 -18.771118
v -10.237251 12.506473 -18.553322
v -10.425522 12.793311 -18.279764
v -10.781271 13.053748 -17.832224
v -11.076500 12.764285 -17.424623
v -11.599022 12.511733 -17.168510
v -12.696625 10.943324 -17.774361
v -13.020737 11.041781 -18.018951
v -12.684355 10.783370 -18.195023
v -12.374331 10.702674 -17.798660
v -11.766562 10.225173 -18.223930
v -12.017017 10.685714 -18.930771
v -12.298147 10.845060 -19.294868
v -11.817322 10.917559 -19.625450
v -11.587769 11.275431 -19.877129
v -10.457689 11.949068 -19.146423
v -10.611664 13.163577 -18.260912
v -11.367050 13.197398 -17.626657
v -11.800797 12.115798 -17.080818
v -12.457693 11.552634 -17.259003
v -12.510506 11.285876 -17.562576
v -12.914305 11.296840 -17.670609
v -12.188093 10.435512 -18.068481
v -11.763090 10.551810 -18.565010
v -12.218315 10.522517 -18.603661
v -12.887268 10.786704 -18.573967
v -12.609058 10.766802 -18.988968
v -13.192636 11.401468 -19.209671
v -12.688963 10.976095 -19.344795
v -12.006636 11.169416 -19.887009
v -11.227610 12.229635 -20.068443
v -10.967686 11.881342 -19.832397
v -11.263165 11.545889 -19.861824
v -11.204935 11.184816 -19.677994
v -10.895071 11.453920 -19.621002
v -10.624392 11.795145 -19.491577
v -10.767033 12.178537 -19.644234
v -10.487133 12.438562 -19.064308
v -10.395460 12.848090 -18.701784
v -11.877064 12.860778 -17.266535
v -12.029684 12.459060 -17.252983
v -12.148819 11.892879 -17.098511
v -13.212465 11.394137 -18.006477
v -13.304714 11.203872 -18.414375
v -13.040810 11.036467 -19.101082
v -13.293419 11.262397 -18.819023
v -12.996286 11.380850 -19.576279
v -12.524885 11.147223 -19.673409
v -11.508982 11.942518 -20.171539
v -11.364130 12.656950 -20.027422
v -10.763865 12.600195 -19.489883
v -10.934977 13.316771 -19.087023
v -11.248178 13.457465 -18.877069
v -10.600460 13.238368 -18.669306
v -11.193909 13.475669 -18.261148
v -11.698538 13.432479 -17.757174
v -12.468580 12.166121 -17.203018
v -12.735939 11.898269 -17.342102
v -13.040415 11.786220 -17.634651
v -13.277821 11.808497 -17.976677
v -13.339670 11.764315 -19.033485
v -12.668703 11.475660 -19.882896
v -11.893690 11.489149 -20.120186
v -11.884619 12.061506 -20.397926
v -11.747469 12.824636 -20.173517
v -11.388550 13.077131 -19.762995
v -11.084175 12.817965 -19.746531
v -10.932957 13.126360 -19.440119
v -10.579750 12.830263 -19.129290
v -12.331408 13.040210 -17.431108
v -12.536003 12.657081 -17.315134
v -12.877560 12.299357 -17.315475
v -13.180885 12.160155 -17.727005
v -13.189627 11.786089 -19.505730
v -12.991421 11.833155 -19.871712
v -12.299236 11.501696 -20.108139
v -12.270401 11.945585 -20.348534
v -12.002180 12.552385 -20.359291
v -11.373058 13.292150 -19.373934
v -11.717260 13.385695 -19.188623
v -11.759035 13.592376 -18.156412
v -12.271637 13.489650 -17.973391
v -12.081882 13.372901 -17.617617
v -12.981302 12.621993 -17.556526
v -13.470339 12.236735 -18.024315
v -13.446604 11.895278 -18.340561
v -12.697004 11.906855 -20.147781
v -12.398809 12.350233 -20.378830
v -13.216972 12.627734 -17.896622
v -13.997950 12.155551 -18.607346
v -13.858315 12.248179 -18.166458
v -14.125866 12.767798 -18.091013
v -14.225307 12.628341 -18.478333
v -14.168425 12.454165 -18.923897
v -13.712187 12.041159 -19.113853
v -11.769016 13.155336 -19.936327
v -11.635700 13.608336 -18.861643
v -12.153622 14.395568 -18.182741
v -12.829367 13.845115 -17.757753
v -13.655422 12.580707 -17.899712
v -13.632132 11.965652 -18.698387
v -14.400375 13.092254 -18.749254
v -13.487989 12.087320 -19.535980
v -12.976755 12.477980 -20.360794
v -12.390312 13.063147 -20.475168
v -12.153542 13.189817 -20.157557
v -11.725954 13.868700 -19.262011
v -11.679827 14.010833 -18.489763
v -11.862171 14.378547 -18.563402
v -12.593920 14.414605 -18.010447
v -12.550014 13.192470 -17.796473
v -12.941320 12.943076 -17.874643
v -13.456768 12.940444 -17.789377
v -13.865904 12.963279 -17.813074
v -14.098652 13.398513 -17.987719
v -14.311646 13.097781 -18.345995
v -14.421452 13.472682 -18.606043
v -14.455544 12.932329 -19.231859
v -14.176687 12.523912 -19.385300
v -13.848421 12.269697 -19.681679
v -11.858759 13.356279 -19.583063
v -11.666025 14.018535 -18.889933
v -11.864834 14.264236 -19.164080
v -12.230267 14.539748 -18.775759
v -12.479382 14.586892 -18.361643
v -12.975687 14.565824 -18.116022
v -13.186270 14.285520 -17.832834
v -13.796371 13.537127 -17.709879
v -13.931290 13.970532 -18.005579
v -14.561234 13.530920 -19.048655
v -14.458031 12.988501 -19.639498
v -13.262493 12.306597 -20.085869
v -13.109285 12.736403 -20.661036
v -12.705477 12.803595 -20.558619
v -12.811171 13.123541 -20.858027
v -12.537027 13.402411 -20.740770
v -12.251207 13.492105 -20.416780
v -12.360983 13.918766 -20.376040
v -11.993620 13.546465 -19.968637
v -11.860586 13.798929 -19.654726
v -12.876640 14.722930 -18.477114
v -13.456894 14.632865 -18.201876
v -13.582701 14.179788 -18.015696
v -13.838232 14.403308 -18.239359
v -14.222048 14.228179 -18.276621
v -13.451693 13.766356 -17.765360
v -12.926716 13.388595 -17.859034
v -14.286602 13.685998 -18.241693
v -14.581415 14.176339 -18.493509
v -14.656246 13.938977 -18.819880
v -14.790892 13.835264 -19.231615
v -14.681204 13.338270 -19.830050
v -14.019800 12.551893 -19.965073
v -13.659000 12.399801 -20.064537
v -13.545475 12.879549 -20.593409
v -12.952578 13.502115 -20.897707
v -12.605358 14.270044 -20.267168
v -12.307749 14.362524 -19.953043
v -12.069839 13.940413 -20.052408
v -12.010420 14.247742 -19.645922
v -12.204824 14.497761 -19.368982
v -12.476986 14.722008 -19.156076
v -13.161079 14.935317 -18.767282
v -13.494043 14.974723 -18.478334
v -14.483473 14.695970 -18.428606
v -14.522881 15.148770 -18.565828
v -14.965086 15.217196 -18.720499
v -14.851839 14.771066 -18.604662
v -14.889023 14.322078 -18.793070
v -14.882059 13.588800 -19.559099
v -14.246292 13.284636 -20.195147
v -13.873390 12.963842 -20.361132
v -13.283535 13.154085 -20.854311
v -13.486839 13.828434 -20.838388
v -13.317837 14.219440 -20.701281
v -12.678736 13.838423 -20.642542
v -12.948532 14.213339 -20.519022
v -13.062580 14.619101 -20.360041
v -12.465788 14.718889 -19.585161
v -12.804022 14.980932 -19.394114
v -13.520462 15.198262 -18.818895
v -13.988489 14.765246 -18.373827
v -13.929697 15.163159 -18.553293
v -14.265223 15.451627 -18.686884
v -15.148727 14.644326 -18.940020
v -15.059311 14.340586 -19.257143
v -15.089779 14.023663 -19.520472
v -14.798717 13.716827 -20.148767
v -13.578516 13.423735 -20.767572
v -12.685270 14.616230 -20.032801
v -13.226412 15.152864 -19.276217
v -13.967354 15.589382 -18.996584
v -13.692942 15.441687 -19.250834
v -14.708878 15.584146 -18.738405
v -14.940720 16.217905 -18.979013
v -15.227154 15.801999 -18.879457
v -15.309736 15.090207 -18.897020
v -15.082552 13.808990 -19.875612
v -14.268158 13.646658 -20.478662
v -13.917131 13.772978 -20.716112
v -13.731142 14.144598 -20.797525
v -13.437925 14.695770 -20.591394
v -13.527786 15.080904 -20.489420
v -12.820312 14.976875 -19.836870
v -13.114145 15.265055 -19.671106
v -14.032019 15.788334 -19.373232
v -14.285070 15.884192 -18.981485
v -14.757345 16.562099 -19.535311
v -14.545191 16.261951 -19.218836
v -15.353952 16.321541 -19.019709
v -15.618000 15.754831 -18.961374
v -15.575239 14.957464 -19.451944
v -15.400976 14.589266 -19.522371
v -15.504612 14.333242 -19.941782
v -15.229658 14.104259 -20.144236
v -14.871059 14.135267 -20.474176
v -14.423363 14.107998 -20.662668
v -13.818110 14.696360 -20.746080
v -13.201899 15.113083 -20.185892
v -13.672230 15.737684 -19.809450
v -14.055834 16.095802 -19.879168
v -15.100353 16.916971 -19.628305
v -16.576488 16.063715 -19.533587
v -16.310839 15.766533 -19.430185
v -15.942945 15.380304 -19.346155
v -15.646786 15.194727 -19.120600
v -15.940468 15.174429 -19.700327
v -15.628216 14.624743 -20.228037
v -15.363146 14.797770 -20.591166
v -15.055994 14.485575 -20.608423
v -13.903425 15.098625 -20.699160
v -13.494135 15.483461 -20.139406
v -13.827543 15.800295 -20.188478
v -14.359118 16.193817 -19.585451
v -14.358027 16.422958 -20.031206
v -14.828831 16.866613 -19.964556
v -15.222967 16.724314 -19.238131
v -15.994625 15.740614 -19.121828
v -16.132236 16.116812 -19.159449
v -16.948179 16.206734 -20.018351
v -16.981668 15.884367 -20.318155
v -16.423670 15.568060 -19.854967
v -16.260338 15.217224 -20.002619
v -15.755030 14.770510 -19.799486
v -14.686495 14.555283 -20.766535
v -14.282719 14.690691 -20.838289
v -14.318787 15.276814 -20.841150
v -14.200203 15.674547 -20.672350
v -14.148016 16.062963 -20.344164
v -14.548407 16.567184 -20.408556
v -14.796955 16.949137 -20.363710
v -15.179127 17.291782 -20.137865
v -15.615490 16.917406 -19.293955
v -16.083012 16.706429 -19.277475
v -16.455168 16.461187 -19.352846
v -16.852852 16.485001 -19.647387
v -17.211325 16.546392 -20.171541
v -17.066473 16.038555 -20.778383
v -17.043688 16.248867 -21.139513
v -16.681139 15.904039 -20.957201
v -16.666214 15.567682 -20.174829
v -16.367474 15.376770 -20.411776
v -15.966738 14.938488 -20.117601
v -15.454561 15.151257 -20.800425
v -15.079227 14.945377 -20.854029
v -14.672415 14.936378 -20.911539
v -14.725677 15.496544 -21.005350
v -14.460323 16.215843 -20.610765
v -15.617910 17.381540 -19.694727
v -15.827360 16.432850 -19.135408
v -16.444586 16.898727 -19.431505
v -16.827709 16.519138 -21.580507
v -16.617489 16.217958 -21.369806
v -16.663019 15.666792 -20.623034
v -15.903065 15.400730 -20.751085
v -15.803364 15.177710 -20.396547
v -15.138416 15.307802 -21.026140
v -14.531059 15.846537 -20.846727
v -16.572214 17.290756 -19.591860
v -16.943727 16.976936 -19.655016
v -17.284639 17.188187 -19.909243
v -17.671410 17.573856 -20.208147
v -17.536852 17.160053 -20.231325
v -17.356520 16.317450 -20.546183
v -16.291225 15.917702 -21.208361
v -15.894373 15.744526 -21.179728
v -16.268248 15.645161 -20.903078
v -15.539301 15.472029 -21.040407
v -15.118195 15.706490 -21.161356
v -15.483339 15.887823 -21.304445
v -15.182632 16.257547 -21.233141
v -14.857285 16.031551 -21.040087
v -14.770792 16.416216 -20.841936
v -14.917164 16.867397 -20.753435
v -15.076626 17.228294 -20.680895
v -15.314636 17.579103 -20.490496
v -15.675423 17.577217 -20.044176
v -16.130947 17.488632 -19.608179
v -16.873241 17.669203 -19.851938
v -17.250463 17.691120 -19.998583
v -18.087267 18.280273 -20.564669
v -17.958670 17.776365 -20.440332
v -17.566420 16.794930 -20.452433
v -17.393867 16.373541 -20.958071
v -17.343649 16.584221 -21.366205
v -16.395847 16.934378 -21.853083
v -16.371408 16.562241 -21.659388
v -16.028135 16.233608 -21.499063
v -15.800179 16.562885 -21.560099
v -16.085426 17.804718 -19.878725
v -16.634266 17.976387 -19.962107
v -17.044657 18.033867 -20.064783
v -16.685219 18.403736 -20.286860
v -17.121967 18.487162 -20.313936
v -18.356544 18.237261 -20.902758
v -18.212875 17.784967 -20.788164
v -17.862183 17.351889 -20.503435
v -17.726257 16.784698 -21.242243
v -17.185472 16.781025 -21.707552
v -16.839779 17.068146 -22.011759
v -16.054125 17.299742 -21.734682
v -15.817728 16.981062 -21.565332
v -15.398035 16.684006 -21.325281
v -15.062191 16.629694 -21.052126
v -15.379175 17.474958 -20.963205
v -15.513573 17.819782 -20.789248
v -15.889273 18.142546 -20.650064
v -15.645361 17.795675 -20.382708
v -16.139387 18.040773 -20.258776
v -16.391239 18.497370 -20.599001
v -16.799603 18.679043 -20.588579
v -17.596344 18.123507 -20.286776
v -18.146719 18.691622 -20.766298
v -18.794561 18.618982 -21.434244
v -18.614504 18.255587 -21.244135
v -18.157078 17.369749 -20.981211
v -17.883598 17.044214 -20.775545
v -17.693174 16.684183 -20.840036
v -16.412352 17.350332 -21.985445
v -15.926163 17.665289 -21.546869
v -15.640179 17.311899 -21.369432
v -15.294260 17.093086 -21.093164
v -16.065029 18.393387 -20.910898
v -17.614147 19.458824 -21.344187
v -17.845959 19.247461 -20.987062
v -17.963636 19.636497 -21.471697
v -18.271450 19.939981 -21.731501
v -18.421606 19.626631 -21.402086
v -18.323456 19.109180 -21.062944
v -18.499664 18.662138 -21.040941
v -18.727158 19.090006 -21.308939
v -18.375793 17.646067 -21.225756
v -17.648760 16.987476 -21.687021
v -17.258286 17.152340 -22.046892
v -16.811010 17.507936 -22.253839
v -16.017275 18.124111 -21.460764
v -15.681122 17.787001 -21.173624
v -16.934410 18.971659 -20.919855
v -17.229540 18.892328 -20.651331
v -17.657000 18.844921 -20.640306
v -17.316601 19.184355 -21.082956
v -17.211138 19.421965 -21.423784
v -17.807116 19.899708 -21.826914
v -18.103624 20.160561 -22.052698
v -18.349529 20.497705 -22.389254
v -18.643442 20.315063 -22.140093
v -18.725864 19.893379 -21.640993
v -18.926508 19.485189 -21.511995
v -18.910269 18.337391 -21.727938
v -18.668121 18.002617 -21.622087
v -17.699419 17.626558 -22.513063
v -17.258446 17.482090 -22.373697
v -17.750502 17.254925 -22.017725
v -18.012894 17.088602 -21.275774
v -18.044226 17.200495 -21.669451
v -16.497883 17.815514 -22.096994
v -16.207804 17.725815 -21.827112
v -16.281471 18.170170 -21.813135
v -16.405708 18.648066 -21.745584
v -16.481440 18.777670 -21.114771
v -17.424175 19.686411 -21.969805
v -17.707294 20.018740 -22.390642
v -18.938059 20.135059 -21.889551
v -19.079035 20.468227 -22.286455
v -19.406031 20.056965 -22.150843
v -19.124542 19.787788 -21.765764
v -19.028048 19.116642 -21.637850
v -19.130894 18.604738 -21.942232
v -18.835995 18.132717 -22.189669
v -18.370394 17.554228 -21.640574
v -18.048033 17.554497 -22.305498
v -17.146904 17.817549 -22.561876
v -16.884596 18.284555 -22.519869
v -16.626354 18.951328 -21.525980
v -16.225895 18.554972 -21.357821
v -16.906712 19.205002 -21.666422
v -17.420271 19.739084 -22.450830
v -19.678295 19.925640 -22.480211
v -19.337633 19.506495 -21.998072
v -19.278345 19.044523 -21.983080
v -18.436914 17.702732 -22.185190
v -17.627380 17.913681 -22.821291
v -17.644747 18.332029 -23.117373
v -17.279360 18.131243 -22.811380
v -16.543806 18.261017 -22.115389
v -16.622753 18.669991 -22.155207
v -17.620472 20.029680 -22.824640
v -18.035488 20.443241 -22.691538
v -18.383188 20.732073 -22.797220
v -18.614874 21.050005 -23.296450
v -18.872967 20.693108 -22.621469
v -18.940044 20.948784 -23.016581
v -19.405605 20.969109 -22.922182
v -19.452717 20.554342 -22.496538
v -19.793663 20.335323 -22.627863
v -19.927877 19.980532 -22.855425
v -20.172422 19.916168 -23.169992
v -19.891136 19.257349 -22.962732
v -19.790230 19.551264 -22.576014
v -19.099396 18.445480 -22.392885
v -18.765255 18.125622 -22.679735
v -18.517292 18.227625 -23.034166
v -18.057695 17.816635 -22.631670
v -18.076445 18.136263 -23.038523
v -17.372509 18.659922 -23.058573
v -17.106890 18.532080 -22.777704
v -16.902081 18.759222 -22.509439
v -16.955299 19.255430 -22.178209
v -17.854588 19.847542 -23.592882
v -17.736029 20.108196 -23.260714
v -18.287149 20.794554 -23.420244
v -18.067982 20.514025 -23.092035
v -19.733862 20.710203 -22.768000
v -20.071426 20.715368 -23.068880
v -20.088345 20.307077 -23.033266
v -20.131662 19.448469 -23.309710
v -19.910410 19.187250 -23.677896
v -19.755220 19.023388 -23.325815
v -19.389845 18.630514 -22.893122
v -19.653280 18.987659 -22.785646
v -19.536671 19.140421 -22.286264
v -19.075184 18.369740 -22.790812
v -19.018597 18.497396 -23.218058
v -18.221775 18.454226 -23.395731
v -18.169821 18.832752 -23.680948
v -17.854710 18.619345 -23.404535
v -17.825714 19.042866 -23.564089
v -17.551226 19.115965 -23.277063
v -17.409149 19.570509 -22.965029
v -17.078892 19.207464 -22.578577
v -17.298481 19.079138 -22.944033
v -17.629669 19.550730 -23.332163
v -17.957888 20.348303 -23.504496
v -18.183836 20.539082 -23.877077
v -18.994709 21.276747 -23.521364
v -19.770611 21.048311 -23.111811
v -20.252155 20.992994 -23.400812
v -20.323767 20.502943 -23.360666
v -20.540718 20.395691 -23.696070
v -20.415510 19.940304 -23.503428
v -19.433786 18.753199 -23.329226
v -19.388731 18.763998 -22.469645
v -18.655022 18.485884 -23.393816
v -18.108583 19.610386 -23.974733
v -18.058256 20.128996 -23.859636
v -18.431435 20.963648 -23.842974
v -18.727011 21.309271 -24.023226
v -19.095558 21.480568 -23.885141
v -19.585449 21.530479 -23.903254
v -20.519737 20.895376 -23.697817
v -20.665991 20.037670 -23.954409
v -20.694923 19.937162 -24.352480
v -20.302788 19.536446 -23.741762
v -19.615829 19.173969 -24.052881
v -19.457273 18.929483 -23.695314
v -18.280985 20.110313 -24.201036
v -18.481173 19.878359 -24.479204
v -18.469221 20.415808 -24.430399
v -18.432909 20.756926 -24.221750
v -19.497952 21.741375 -24.251642
v -19.732569 21.340267 -23.512094
v -20.352327 21.371422 -23.778009
v -20.759508 20.832502 -24.074541
v -20.290737 19.735798 -24.598246
v -18.925968 18.868235 -23.868189
v -18.494547 18.931612 -23.912264
v -18.360884 19.283163 -24.106043
v -18.673435 20.264120 -24.746660
v -19.069202 21.605190 -24.559740
v -19.789074 21.999273 -24.596125
v -20.176800 21.995924 -24.484110
v -19.979507 21.632521 -23.982347
v -20.998077 20.278618 -24.594202
v -20.698523 20.075689 -24.894754
v -20.212290 19.516665 -24.146143
v -18.838444 19.847290 -24.767008
v -18.878681 20.564661 -24.979715
v -18.673393 20.736418 -24.643724
v -18.663984 21.069407 -24.405169
v -19.337807 21.849672 -24.825373
v -20.414616 21.676060 -24.096537
v -20.746408 21.359482 -24.104990
v -21.002398 21.071295 -24.382456
v -20.870884 20.455963 -24.191156
v -20.784195 20.279913 -25.299257
v -20.285746 19.943338 -24.975290
v -19.756302 19.677437 -24.851503
v -19.616119 19.447145 -24.497377
v -19.131672 19.283558 -24.388391
v -18.702503 19.364521 -24.367540
v -19.110373 20.105814 -25.109102
v -19.370279 20.377880 -25.434092
v -19.115316 20.740322 -25.257792
v -19.653267 22.148878 -24.958841
v -20.939095 21.685036 -24.445002
v -21.097019 20.677305 -24.508745
v -21.130768 20.421732 -25.114344
v -20.271158 20.177542 -25.464075
v -20.101364 20.368439 -25.793116
v -19.200102 19.624327 -24.779665
v -19.520329 19.940666 -25.177240
v -19.865623 20.039303 -25.365831
v -19.377113 20.739605 -25.610392
v -19.427650 21.735796 -25.381662
v -19.694275 22.242331 -25.483431
v -20.053453 22.453588 -25.226183
v -20.565208 22.433893 -25.027109
v -20.529242 22.194445 -24.689081
v -20.585670 21.902452 -24.387026
v -21.209635 21.388783 -24.630190
v -21.344046 20.703096 -24.920076
v -20.962202 20.529058 -25.695353
v -20.535593 20.464418 -25.826212
v -19.719955 20.361954 -25.649752
v -19.516954 21.322361 -25.673800
v -19.270647 21.291212 -25.329142
v -19.652803 21.857037 -25.782938
v -19.863483 22.373091 -25.833384
v -20.945738 22.101395 -24.702227
v -21.396555 21.125124 -24.919847
v -21.336115 20.623566 -25.531450
v -21.196365 20.739626 -25.991716
v -20.376791 20.662714 -26.166300
v -19.957386 20.714577 -26.067499
v -19.647015 21.076334 -25.972147
v -20.339750 22.845312 -25.818911
v -20.576984 22.678427 -25.483171
v -20.925823 22.619637 -25.239412
v -21.236776 22.224823 -24.951921
v -21.263872 21.809618 -24.752039
v -21.599493 20.934744 -25.218378
v -21.703733 20.901125 -25.613214
v -21.582281 20.912262 -26.013521
v -20.791662 20.707148 -26.100054
v -20.582050 20.956234 -26.531015
v -20.102802 21.087904 -26.386003
v -20.032644 21.485525 -26.460863
v -20.265751 21.923700 -26.716997
v -20.041058 21.971518 -26.373774
v -19.796968 21.575811 -26.047693
v -20.031609 22.371922 -26.211435
v -20.194935 22.760366 -26.280169
v -21.097574 23.203222 -26.222506
v -21.467924 23.456347 -26.402620
v -21.777838 23.295584 -26.187037
v -21.489195 23.090532 -25.933733
v -21.188879 22.881168 -25.640421
v -21.323532 22.616024 -25.349001
v -21.581440 22.289433 -25.252405
v -22.033401 22.471340 -25.793962
v -21.889547 22.149599 -25.543497
v -21.720160 21.866808 -25.299479
v -21.545454 21.605469 -25.050180
v -22.117895 21.310106 -26.025377
v -21.464828 21.069603 -26.462023
v -21.010727 21.026539 -26.560923
v -20.448395 22.360630 -26.959436
v -20.201199 22.296885 -26.573732
v -20.647036 23.053768 -26.091105
v -21.395136 23.781416 -26.971376
v -21.721870 23.695091 -26.650118
v -22.478102 23.504297 -26.612940
v -22.091181 23.520973 -26.458590
v -21.918283 22.926800 -25.944902
v -21.714170 22.620110 -25.602915
v -21.940687 21.327181 -25.650232
v -21.694296 21.320204 -25.302248
v -21.740822 21.269957 -26.704767
v -20.362778 21.530880 -26.835085
v -20.488684 21.877010 -27.070040
v -20.707453 22.259302 -27.373674
v -20.613449 22.652981 -27.216845
v -20.341990 22.695211 -26.707735
v -20.408539 23.106213 -26.431345
v -20.813694 23.489836 -26.606539
v -21.473042 24.074484 -27.297815
v -22.175638 23.158808 -26.215242
v -22.420052 22.655956 -26.195932
v -22.245340 22.225567 -26.041986
v -21.963139 21.736969 -25.709681
v -22.061560 21.267273 -26.439249
v -22.213848 21.432478 -26.783007
v -21.132395 21.267307 -26.925432
v -20.660637 21.240828 -26.843271
v -20.733259 21.551706 -27.139879
v -21.152922 21.569086 -27.316561
v -20.974079 21.939692 -27.581553
v -20.938084 22.310755 -27.742701
v -20.527081 22.990835 -26.992174
v -20.645491 23.549030 -26.986673
v -21.915937 24.127651 -27.352823
v -22.141821 23.915670 -26.861254
v -22.572412 23.863323 -26.937761
v -22.945847 23.871252 -27.170534
v -22.817249 23.299284 -26.734865
v -22.527803 23.124241 -26.419954
v -22.705343 22.774206 -26.529215
v -22.610186 22.352484 -26.535364
v -22.227985 21.723703 -26.062838
v -22.427574 21.991674 -26.326113
v -22.433140 21.537603 -26.413202
v -21.525368 21.511600 -27.130732
v -21.401606 21.774761 -27.663782
v -21.306936 22.232975 -28.060381
v -20.860151 22.717527 -27.604723
v -20.915224 24.013821 -27.285410
v -21.255800 24.331354 -27.915216
v -22.805561 24.218096 -27.337587
v -23.168251 24.258121 -27.606928
v -22.958670 22.935648 -26.850496
v -22.739403 21.951210 -26.596018
v -22.641090 21.612392 -26.904444
v -22.435493 21.819950 -27.534594
v -22.066860 21.603371 -27.243578
v -21.741209 21.995071 -28.034555
v -21.105013 22.619425 -28.022959
v -21.151085 23.058502 -28.047586
v -20.736832 23.311136 -27.327028
v -20.953556 23.821486 -27.641367
v -21.576086 24.555763 -28.174540
v -21.875389 24.351465 -27.801027
v -23.309219 23.654301 -27.278650
v -23.191393 23.010233 -27.208254
v -22.980524 22.522346 -26.993044
v -23.088024 21.893896 -27.005579
v -22.911533 21.867929 -27.405138
v -22.115585 21.966095 -27.848017
v -21.855213 21.755285 -27.558367
v -22.222731 22.160358 -28.205729
v -22.448954 22.434504 -28.826120
v -23.012653 22.125879 -28.001238
v -23.299683 22.282494 -28.234056
v -22.953955 22.369314 -28.711954
v -21.982044 22.335209 -28.625299
v -21.355473 22.626091 -28.386309
v -21.367411 23.140490 -28.421183
v -20.911301 23.183859 -27.704203
v -21.072096 23.483789 -27.973810
v -21.166975 23.969955 -28.062670
v -21.554504 24.550920 -28.590967
v -22.225397 24.484352 -27.963869
v -22.222731 24.329491 -27.524126
v -22.821131 24.553822 -27.632471
v -23.577398 24.482567 -27.942965
v -23.583750 24.131847 -27.714174
v -23.415846 23.309299 -27.466410
v -23.358940 22.649702 -27.442125
v -23.288742 22.261984 -27.206354
v -22.587652 21.994577 -27.879663
v -21.627548 22.321501 -28.395884
v -21.233824 23.548531 -28.364679
v -21.374533 24.047884 -28.581858
v -22.003496 24.672213 -28.314730
v -22.921793 24.931316 -28.168139
v -23.270887 24.792114 -27.955606
v -23.939592 24.176336 -28.052584
v -23.631899 23.674614 -27.680208
v -23.488934 22.983105 -27.746416
v -23.498007 22.305988 -27.628260
v -23.679287 22.595800 -27.919519
v -23.788649 22.619707 -28.368425
v -23.416327 22.447802 -28.643450
v -23.292164 22.519485 -29.061213
v -22.662041 22.582155 -29.269434
v -22.390373 22.693867 -29.561991
v -22.153479 22.574051 -29.077822
v -21.767952 22.676586 -28.900499
v -21.515373 22.975414 -28.776339
v -21.594002 24.349409 -28.994913
v -21.879450 24.834892 -28.911379
v -21.891624 24.886368 -29.334925
v -22.274467 24.924994 -28.829294
v -22.445137 24.692036 -28.280107
v -22.739347 24.916380 -28.528246
v -23.119051 25.082338 -28.522394
v -23.635103 24.829514 -28.246973
v -24.033897 24.463976 -28.332262
v -23.822981 22.994844 -28.216021
v -24.021599 23.081663 -28.621416
v -23.723558 22.626833 -28.834490
v -23.673868 22.668907 -29.341867
v -22.858662 22.703299 -29.616251
v -22.141516 22.994162 -29.672518
v -21.916466 22.879272 -29.269579
v -21.559736 23.405985 -28.804331
v -21.523958 23.885008 -28.969469
v -21.691462 24.045319 -29.392138
v -21.721827 24.522501 -29.356356
v -22.254978 25.150923 -29.340418
v -23.538876 25.109039 -28.575380
v -23.973751 23.884178 -28.330423
v -23.748491 23.542231 -28.065149
v -24.102848 23.423483 -28.818499
v -24.049915 22.897074 -29.032282
v -24.127966 22.859304 -29.444376
v -23.832964 22.727121 -29.744143
v -23.309639 22.722420 -29.703676
v -21.726225 23.608498 -29.177385
v -21.732513 24.307314 -29.696238
v -22.077114 25.330250 -29.701334
v -22.785620 25.523811 -29.442476
v -22.949423 25.264490 -29.113871
v -23.301289 25.311480 -28.910707
v -22.571985 25.065582 -29.077761
v -24.226925 24.809555 -28.765047
v -23.881937 24.889118 -28.557169
v -24.227377 24.340099 -28.724688
v -23.886057 23.497097 -28.445795
v -24.266544 23.226084 -29.178133
v -24.241297 22.859493 -29.904062
v -23.469007 22.752472 -30.092638
v -21.942272 23.311609 -29.845705
v -21.730013 23.284094 -29.453508
v -21.894581 23.943323 -29.875681
v -21.781094 24.697594 -29.865709
v -21.993647 25.381046 -30.099871
v -22.339092 25.633249 -29.758051
v -22.725924 25.900694 -29.659693
v -23.289701 25.730013 -29.214457
v -23.819412 25.345156 -28.857988
v -24.469334 25.266413 -28.936457
v -24.322643 23.706345 -29.172609
v -24.113136 23.888842 -28.739946
v -24.552048 23.468655 -29.417566
v -24.639603 23.095446 -29.756723
v -22.818436 22.858067 -30.100069
v -22.407803 22.971973 -30.057337
v -22.210611 23.191158 -30.355066
v -22.027639 23.571754 -30.180162
v -21.820257 23.650164 -29.597727
v -21.804996 24.384941 -30.260004
v -21.960316 25.059645 -30.472078
v -22.431698 25.706123 -30.745462
v -22.179375 25.746998 -30.135744
v -23.481930 26.074783 -29.428949
v -24.655361 24.898733 -29.016581
v -24.891811 24.609165 -29.187029
v -24.477303 24.203125 -29.042284
v -24.651939 23.890247 -29.337481
v -24.907475 23.438478 -29.709818
v -21.961298 24.003811 -30.297663
v -22.154522 25.355612 -30.729906
v -22.415468 25.948362 -30.410563
v -22.630110 26.083946 -30.087786
v -23.051489 26.138721 -29.611284
v -23.379288 26.236565 -29.825380
v -23.776537 25.882345 -29.207125
v -24.127943 25.750132 -29.069139
v -24.670258 25.682217 -29.310938
v -24.832458 25.315666 -29.144175
v -25.112061 24.264399 -29.373590
v -25.332165 24.399578 -29.826609
v -25.044525 23.855959 -29.541605
v -25.164448 23.545025 -30.005373
v -25.040760 23.459356 -30.440248
v -24.536591 23.044283 -30.208567
v -24.154892 22.926241 -30.701151
v -23.234673 22.872623 -30.416086
v -22.549633 22.967697 -30.455759
v -22.152384 23.459501 -30.697687
v -21.923433 24.283028 -30.648989
v -21.946945 24.700504 -30.842279
v -22.152847 24.729300 -31.213991
v -22.136755 25.132189 -31.064478
v -23.935455 26.108892 -29.573450
v -24.329464 25.946989 -29.359148
v -25.060860 25.154900 -29.472857
v -25.305676 23.944996 -29.964487
v -25.259586 23.808531 -30.359247
v -24.514370 23.123682 -30.729227
v -23.625500 22.842270 -30.728251
v -22.919138 22.948498 -30.681353
v -22.370338 23.219944 -30.943140
v -22.083504 23.882957 -30.772638
v -22.120979 24.018906 -31.162081
v -22.797239 25.867548 -30.709093
v -22.962233 26.124041 -30.449854
v -24.910637 25.511833 -29.627481
v -25.244030 24.786840 -29.900133
v -25.164131 24.217487 -30.408159
v -24.028252 23.050743 -31.097414
v -23.221392 22.932310 -31.004099
v -22.716467 23.029085 -31.051950
v -22.326880 24.384865 -31.393816
v -22.536329 24.732538 -31.505587
v -22.592340 25.404947 -31.073511
v -23.357306 26.035353 -30.385210
v -23.699060 26.175449 -30.067980
v -24.997791 25.129623 -29.990549
v -24.962875 23.834717 -30.648462
v -24.746620 23.517107 -30.848810
v -22.561495 23.326435 -31.327883
v -22.246834 23.626249 -31.336214
v -22.586153 24.045046 -31.588167
v -22.483305 25.121244 -31.356874
v -23.167288 25.654015 -30.754068
v -24.100969 25.948074 -30.001970
v -24.485268 25.788940 -29.846254
v -24.221706 25.579582 -30.123186
v -24.682510 25.427824 -29.958139
v -25.134514 24.589327 -30.252939
v -23.682413 23.162607 -31.295855
v -22.934137 23.121309 -31.439104
v -23.762245 25.887772 -30.342821
v -24.503445 23.344769 -31.124323
v -23.255606 23.436357 -31.567270
v -22.765739 24.410118 -31.610323
v -22.994167 25.398849 -31.011087
v -24.933834 24.921658 -30.357645
v -22.792437 23.672468 -31.563913
v -23.008917 24.062551 -31.662630
v -23.353729 25.851851 -31.066797
v -23.596594 25.972168 -30.706499
v -24.183826 25.869318 -30.407084
v -24.559074 25.661192 -30.360384
v -24.651325 24.059654 -30.827143
v -24.479874 23.755232 -31.030397
v -23.385561 23.849596 -31.664614
v -23.252647 24.409756 -31.865633
v -23.459936 25.367842 -32.028431
v -23.032949 24.755798 -31.760981
v -22.863180 24.948608 -31.410387
v -23.219967 25.563360 -31.327280
v -23.684868 26.082689 -31.299105
v -24.820229 25.324991 -30.334009
v -23.816738 23.829025 -31.688250
v -23.649033 24.417660 -32.031860
v -23.493650 25.747969 -31.574221
v -23.967119 26.114256 -30.876421
v -24.637959 25.904211 -30.668756
v -24.982117 25.560747 -30.661333
v -25.151203 24.738049 -30.750315
v -25.118298 25.148157 -30.706644
v -25.247017 24.833839 -31.160860
v -24.940311 24.344116 -30.948076
v -23.962236 24.636284 -32.231636
v -24.040092 25.033382 -32.426285
v -23.658104 24.976027 -32.200378
v -23.661144 25.768883 -32.067257
v -24.385628 26.138031 -31.013681
v -24.794247 24.322020 -31.498316
v -24.692097 25.330999 -32.782322
v -24.963825 25.114269 -32.557999
v -24.385830 24.649935 -32.295929
v -24.774441 24.769585 -32.300606
v -24.875839 25.632963 -33.004704
v -24.866444 26.076073 -33.184566
v -24.168093 25.581352 -32.595028
v -23.864920 26.088419 -31.802301
v -24.363337 26.386732 -31.354769
v -25.444885 25.704163 -31.372850
v -25.209015 25.428101 -30.996408
v -25.435028 25.235870 -31.355455
v -25.462296 25.203592 -31.932344
v -25.139984 24.905142 -32.171036
v -24.867435 24.533987 -31.924601
v -24.060425 24.292067 -32.033051
v -24.525951 24.323179 -31.931864
v -24.428719 23.961605 -31.437693
v -25.480396 25.948040 -33.278004
v -25.788960 26.128763 -33.457531
v -25.405701 26.346523 -33.607517
v -25.036850 26.470253 -33.334774
v -24.378349 25.898731 -32.774868
v -23.849224 25.501705 -32.362011
v -24.160955 26.386871 -31.942636
v -24.928425 26.089306 -31.006121
v -25.305542 26.134789 -31.303644
v -25.117176 24.781967 -31.684877
v -25.221523 25.371025 -32.745411
v -25.550556 25.680206 -32.977917
v -25.308975 26.816225 -33.722836
v -24.650192 26.416224 -32.972164
v -24.024660 25.931671 -32.425533
v -24.387951 26.549498 -32.273220
v -24.530689 26.632957 -31.792444
v -24.833427 26.358732 -31.325624
v -25.570133 25.967518 -31.661318
v -25.722878 25.533075 -32.121639
v -25.702545 25.574621 -32.584270
v -26.068562 25.962765 -32.791904
v -26.259850 26.617130 -33.065319
v -26.088032 26.157829 -33.167110
v -26.041645 26.334841 -33.695683
v -25.538712 26.593424 -33.977032
v -25.489361 26.995325 -34.041447
v -25.148628 26.937540 -33.374310
v -24.327055 26.273567 -32.612125
v -24.921932 26.544291 -31.686975
v -25.461578 26.357737 -31.632914
v -25.745697 26.339382 -31.998987
v -25.504692 26.668180 -31.930376
v -25.855297 25.937454 -31.986361
v -25.626740 25.492468 -31.673952
v -25.946800 25.819605 -32.373829
v -26.233818 26.342924 -32.729954
v -25.933331 26.461475 -34.073063
v -25.691643 26.755157 -34.332767
v -25.228825 27.186954 -33.065357
v -24.801880 26.926348 -32.389683
v -25.099464 26.816324 -32.069141
v -26.030636 26.368921 -32.353336
v -26.164169 26.742485 -32.629101
v -26.209862 27.176134 -34.544056
v -25.991245 27.353317 -34.241848
v -25.727707 27.315592 -33.932949
v -25.567810 27.312361 -33.411793
v -25.570175 27.176474 -32.789791
v -24.960346 27.038565 -32.789822
v -24.547905 26.631123 -32.636623
v -25.879303 26.737200 -32.259609
v -26.278145 27.021147 -33.118168
v -26.300018 26.594030 -33.465618
v -26.273003 26.659231 -33.963604
v -25.993225 26.865761 -34.676449
v -26.275269 26.793394 -34.392300
v -26.182137 27.317257 -33.804577
v -25.982590 27.364182 -33.460934
v -25.953262 27.268791 -33.072979
v -25.484627 26.942606 -32.261677
v -25.974182 27.124441 -32.681812
v -26.367519 27.010544 -33.549160
v -26.344555 27.057682 -34.065845
v -25.416798 25.267784 -32.406796
v -23.135427 25.201244 -31.746675
v -24.013334 23.377037 -31.403582
v -25.153431 24.765026 -29.488649
v -23.781363 22.746468 -30.345194
v -22.624500 22.272360 -28.457819
v -22.334686 24.159975 -27.161348
v -19.018196 21.056213 -25.027025
v -18.888519 21.263128 -24.707117
v -15.584307 15.414078 -20.137827
v -15.261696 15.526478 -19.865290
v -16.681248 15.877535 -19.879236
v -13.743002 15.426180 -20.461039
v -14.673344 13.295755 -19.354540
v -12.157602 13.977677 -17.987291
v -13.365337 11.587466 -18.588852
v -10.050360 11.283225 -18.421997
v -10.077049 11.747008 -18.463516
v -9.116684 8.720454 -15.279435
v -6.361338 5.037845 -12.658287
v -4.994177 5.762229 -12.871437
v -5.285336 6.133769 -11.089279
v -3.933228 4.980575 -10.822517
v -3.710131 4.465641 -7.331620
v -3.564896 5.088428 -8.367851
v -3.918517 2.732066 -8.795807
v -1.928285 3.611335 -7.198746
v -1.999255 4.251243 -6.099251
v -3.505246 1.293540 -5.880646
v -3.330617 4.013370 -4.807724
v -3.184614 2.608993 -3.861382
v -0.003905 0.713512 -0.704704
v -1.489346 2.725002 -1.204277
v -1.847074 1.085995 2.001175
v -1.677896 0.432720 3.132446
v 0.590522 0.097000 2.780457
v -1.559628 0.040207 4.243896
v -1.470530 1.533394 3.422195
vn -0.3985 -0.8341 0.3814
vn -0.2574 -0.9258 0.2768
vn -0.3255 -0.9163 0.2332
vn -0.7040 -0.4974 0.5069
vn -0.8110 -0.5686 0.1374
vn -0.7315 -0.5768 0.3635
vn -0.2721 -0.9609 0.0518
vn -0.4596 -0.8876 -0.0290
vn -0.7130 -0.6920 0.1132
vn -0.4712 -0.7947 0.3826
vn -0.3741 -0.9157 0.1466
vn -0.3074 -0.7667 0.5636
vn -0.8010 -0.4159 0.4306
vn -0.7728 -0.4123 0.4824
vn -0.8388 -0.5031 0.2081
vn -0.3281 -0.9438 0.0396
vn -0.7127 -0.6999 0.0481
vn -0.4331 -0.8336 -0.3428
vn -0.6521 -0.7270 0.2150
vn -0.2985 -0.7642 0.5718
vn -0.7390 -0.0709 0.6700
vn -0.7804 0.0065 0.6252
vn -0.8107 -0.2109 0.5461
vn -0.9560 -0.2777 -0.0948
vn -0.9304 -0.2974 0.2142
vn -0.1312 -0.9910 -0.0271
vn -0.4366 -0.8760 -0.2048
vn -0.8027 -0.4568 -0.3833
vn -0.5727 -0.3061 0.7605
vn -0.6396 -0.5612 0.5253
vn -0.7162 -0.0681 0.6945
vn -0.6981 -0.0149 0.7158
vn -0.8393 -0.0094 0.5436
vn -0.8548 -0.0474 0.5168
vn -0.8582 -0.4946 -0.1374
vn -0.4222 -0.7362 -0.5289
vn -0.6977 -0.4947 -0.5182
vn -0.7506 -0.6242 0.2170
vn -0.8247 -0.5583 0.0902
vn -0.3237 -0.7256 0.6073
vn -0.6472 -0.7184 0.2551
vn -0.2581 -0.5740 0.7771
vn -0.2674 -0.9533 0.1401
vn -0.1668 -0.9473 -0.2735
vn -0.7061 -0.7047 0.0685
vn -0.9758 -0.1108 -0.1885
vn -0.8639 -0.0374 0.5023
vn -0.9567 -0.1731 -0.2341
vn -0.5379 -0.4926 0.6842
vn -0.5422 -0.7941 0.2744
vn -0.7101 -0.6159 0.3412
vn -0.4903 0.0419 0.8705
vn -0.6168 -0.1002 0.7808
vn -0.9660 -0.2218 0.1326
vn -0.9815 -0.1347 0.1358
vn -0.9763 -0.1834 0.1145
vn -0.1319 -0.9904 -0.0414
vn -0.3857 -0.9226 -0.0026
vn -0.8058 -0.5330 0.2580
vn -0.6970 -0.3225 0.6404
vn -0.7509 -0.5719 0.3303
vn -0.3690 -0.7136 0.5955
vn -0.6967 0.2584 0.6693
vn -0.9718 -0.1016 0.2129
vn -0.6637 -0.7313 0.1572
vn -0.6300 -0.5201 0.5767
vn -0.9607 -0.1188 -0.2509
vn -0.6905 -0.1941 0.6968
vn -0.7762 0.1708 0.6069
vn -0.5293 -0.7576 0.3819
vn -0.9892 -0.1460 0.0109
vn -0.7725 -0.5912 0.2318
vn -0.7024 -0.6553 0.2779
vn -0.2881 -0.9575 -0.0110
vn -0.2563 -0.9662 0.0277
vn -0.6016 -0.7960 -0.0673
vn -0.5382 -0.8389 0.0812
vn -0.9207 -0.3771 0.1000
vn -0.7804 -0.2099 0.5890
vn -0.9978 -0.0623 0.0205
vn -0.8663 -0.0229 0.4990
vn -0.3293 -0.2950 0.8969
vn -0.4812 0.0643 0.8742
vn -0.6050 0.2054 0.7693
vn -0.7425 -0.4630 0.4841
vn -0.5043 0.2389 0.8298
vn -0.8375 -0.0426 0.5448
vn -0.9788 -0.0620 0.1953
vn -0.9890 -0.0697 0.1305
vn -0.9988 0.0482 0.0128
vn -0.8925 0.2057 0.4014
vn -0.9768 0.1591 0.1431
vn -0.9820 -0.1706 0.0808
vn -0.0112 -0.9983 0.0570
vn -0.1777 -0.9766 0.1209
vn -0.5749 -0.8173 -0.0386
vn -0.9600 -0.2796 0.0147
vn -0.2654 -0.5530 0.7898
vn -0.9145 -0.3149 -0.2540
vn -0.9650 -0.1481 -0.2164
vn -0.6031 -0.7232 0.3365
vn -0.3277 -0.5616 0.7597
vn -0.5972 -0.7189 0.3557
vn -0.5961 -0.7320 0.3299
vn -0.4343 -0.5370 0.7232
vn -0.5397 -0.6348 0.5530
vn -0.6600 -0.5887 0.4666
vn -0.7033 0.2508 0.6652
vn -0.4716 -0.3479 0.8103
vn -0.3400 -0.0654 0.9382
vn -0.8767 -0.1343 0.4619
vn -0.9811 -0.1224 0.1496
vn -0.9933 -0.1125 0.0270
vn -0.9934 -0.0677 0.0924
vn -0.2092 -0.9723 0.1045
vn -0.9895 0.1374 -0.0448
vn -0.9190 -0.3930 -0.0305
vn -0.8974 -0.1382 -0.4191
vn -0.8351 -0.5493 -0.0291
vn -0.8859 -0.3744 0.2740
vn -0.9735 -0.1775 -0.1442
vn -0.5568 -0.6627 0.5008
vn -0.7243 0.2222 0.6527
vn -0.9903 0.1374 -0.0195
vn -0.9164 -0.3106 0.2526
vn -0.9603 -0.0528 0.2739
vn -0.9728 -0.0646 0.2225
vn -0.6673 -0.6390 0.3826
vn -0.8109 -0.1547 0.5644
vn -0.4378 -0.8903 0.1251
vn -0.3171 -0.8206 0.4755
vn -0.5734 -0.7496 0.3306
vn -0.6498 -0.7408 0.1703
vn -0.1162 -0.9249 0.3622
vn 0.0637 -0.7760 -0.6275
vn -0.0424 -0.9357 0.3503
vn -0.9755 -0.0888 0.2013
vn -0.9770 -0.1823 -0.1107
vn 0.1515 -0.2286 0.9616
vn -0.5990 -0.7983 0.0634
vn -0.4288 -0.7864 0.4446
vn -0.5964 -0.7754 0.2073
vn -0.8135 -0.3856 0.4354
vn -0.9823 0.1643 0.0904
vn -0.8541 -0.3107 0.4171
vn -0.7406 -0.3467 0.5757
vn -0.1537 -0.9502 0.2712
vn -0.3736 -0.8100 0.4520
vn -0.4589 -0.6635 0.5910
vn -0.6595 -0.5875 0.4689
vn -0.6191 0.3759 0.6895
vn -0.4893 -0.3343 0.8055
vn -0.2933 -0.4098 0.8637
vn -0.8719 -0.0321 0.4887
vn -0.9039 -0.4057 0.1358
vn -0.9110 -0.3675 0.1873
vn -0.9519 0.3008 0.0579
vn -0.9615 -0.2241 0.1592
vn -0.9085 -0.1311 0.3968
vn 0.0482 -0.9117 0.4079
vn -0.5013 -0.7537 0.4250
vn -0.5668 -0.7430 0.3558
vn -0.9383 -0.0981 0.3316
vn -0.8206 -0.4972 -0.2819
vn -0.6468 -0.6685 0.3671
vn -0.4456 -0.7660 -0.4633
vn -0.8086 -0.5830 -0.0800
vn -0.8482 -0.5163 -0.1185
vn 0.1969 -0.7881 0.5832
vn -0.3092 -0.6800 0.6648
vn -0.7736 0.3161 0.5491
vn -0.8661 0.1395 0.4800
vn 0.0337 0.4415 0.8966
vn -0.1415 -0.9806 -0.1354
vn -0.4364 -0.8219 0.3662
vn -0.6991 -0.4085 0.5869
vn -0.9306 -0.2865 0.2280
vn -0.9322 -0.3380 0.1295
vn -0.9932 -0.1138 0.0242
vn -0.9145 -0.2482 0.3194
vn -0.9077 -0.1289 0.3994
vn -0.9050 -0.1295 0.4052
vn -0.7192 -0.2229 0.6581
vn -0.7217 -0.6866 0.0880
vn -0.0287 -0.9994 -0.0206
vn -0.1287 -0.9872 0.0940
vn -0.7673 -0.6325 0.1062
vn -0.6218 -0.7473 0.2343
vn -0.9392 -0.3416 0.0352
vn -0.9901 -0.1403 -0.0088
vn -0.2596 -0.9476 0.1862
vn -0.7105 -0.6966 -0.1000
vn -0.8728 -0.4876 0.0214
vn -0.5071 -0.6250 0.5935
vn -0.5130 -0.8575 -0.0379
vn -0.5106 -0.8591 -0.0356
vn -0.2782 -0.8605 0.4268
vn -0.7387 -0.1904 0.6466
vn -0.5056 -0.3653 0.7816
vn -0.2392 0.3769 0.8948
vn -0.2146 0.3632 0.9066
vn -0.7515 0.6588 -0.0344
vn -0.2343 0.2238 0.9460
vn -0.7539 0.3834 0.5335
vn -0.5645 -0.2057 0.7994
vn -0.7994 -0.1073 0.5912
vn -0.8033 -0.4129 0.4292
vn -0.9014 -0.2937 0.3180
vn -0.6914 -0.6801 -0.2436
vn 0.1761 0.9791 0.1016
vn -0.0310 -0.9994 0.0133
vn -0.6336 -0.7298 0.2566
vn -0.9202 -0.1467 0.3629
vn -0.8064 -0.5735 0.1445
vn -0.5444 -0.5565 -0.6276
vn -0.8397 -0.5368 -0.0828
vn -0.7257 -0.6756 -0.1300
vn -0.5066 -0.6254 0.5935
vn -0.2497 -0.4179 0.8735
vn -0.4221 -0.8626 -0.2790
vn -0.1469 -0.9478 -0.2830
vn -0.3661 -0.9304 -0.0210
vn -0.4600 -0.3141 0.8305
vn -0.9191 0.1702 0.3555
vn -0.2213 0.2188 0.9503
vn -0.8510 -0.4734 0.2275
vn -0.4856 -0.7489 0.4509
vn -0.5362 0.1401 0.8324
vn -0.5009 -0.3630 0.7857
vn -0.5042 -0.2189 0.8354
vn -0.6578 -0.1919 0.7284
vn -0.6467 -0.2136 0.7322
vn -0.8860 -0.4102 0.2163
vn -0.6928 -0.2240 0.6854
vn 0.0338 -0.9656 -0.2580
vn -0.0100 -0.9602 -0.2791
vn -0.1851 -0.9825 0.0188
vn 0.2252 -0.9507 0.2131
vn -0.1952 -0.9734 0.1202
vn -0.1948 -0.9741 0.1148
vn -0.1008 -0.9879 0.1177
vn -0.9412 -0.3142 0.1245
vn -0.9837 -0.1765 -0.0355
vn -0.4383 -0.6928 -0.5726
vn -0.5522 -0.8331 0.0300
vn -0.5068 -0.4708 -0.7221
vn -0.3236 -0.4033 0.8559
vn 0.2353 -0.0709 0.9693
vn -0.2589 -0.8382 -0.4799
vn -0.2228 -0.8863 0.4061
vn -0.4273 -0.7670 0.4786
vn -0.5363 -0.3718 0.7577
vn -0.2098 -0.9589 0.1911
vn -0.7802 -0.6125 0.1273
vn -0.4330 -0.6801 0.5916
vn -0.8982 0.0979 0.4285
vn -0.6645 -0.3933 0.6354
vn -0.8154 0.0966 0.5708
vn -0.9315 -0.3616 -0.0400
vn -0.8961 -0.1574 0.4151
vn -0.8899 -0.1944 0.4127
vn -0.6909 -0.5996 -0.4039
vn -0.3894 -0.9187 0.0657
vn -0.4019 -0.8602 0.3138
vn -0.1083 -0.9760 0.1891
vn 0.1148 -0.9885 0.0987
vn -0.8602 -0.5099 -0.0047
vn -0.8092 -0.5757 0.1169
vn -0.7861 -0.3348 0.5196
vn -0.9913 -0.1257 -0.0400
vn 0.7422 0.6569 0.1329
vn -0.3196 -0.4466 0.8357
vn -0.3416 -0.8736 0.3467
vn -0.2254 -0.7286 0.6467
vn -0.9912 -0.0637 0.1164
vn -0.3848 -0.5775 0.7200
vn -0.1113 -0.5709 0.8134
vn -0.6023 -0.4393 0.6665
vn -0.9827 -0.1576 0.0968
vn -0.8537 -0.4122 -0.3182
vn -0.9373 -0.1074 0.3315
vn -0.9439 -0.1538 0.2921
vn -0.8690 -0.1596 0.4684
vn -0.8352 -0.2597 0.4848
vn -0.8944 -0.1448 0.4232
vn -0.7130 -0.5284 -0.4609
vn -0.8226 -0.5448 -0.1628
vn -0.7421 -0.5144 -0.4297
vn -0.1256 -0.8344 -0.5366
vn -0.6294 -0.6126 -0.4782
vn -0.3970 -0.8512 0.3434
vn -0.6078 -0.7624 0.2221
vn -0.7011 -0.5558 -0.4467
vn -0.6736 -0.7164 0.1819
vn -0.8532 -0.4895 -0.1802
vn -0.6498 -0.7500 0.1240
vn -0.6425 -0.7458 0.1757
vn -0.5041 -0.8584 0.0945
vn -0.5438 -0.8228 -0.1649
vn 0.5940 -0.3337 0.7320
vn -0.3800 -0.4346 0.8165
vn -0.0184 -0.8810 -0.4728
vn -0.2743 -0.8190 0.5040
vn -0.3404 -0.8208 0.4586
vn -0.5593 -0.6638 0.4966
vn -0.3609 0.0987 0.9274
vn -0.6655 -0.1257 0.7358
vn -0.3698 -0.0384 0.9283
vn -0.3649 -0.5908 0.7195
vn -0.6150 -0.2685 0.7415
vn -0.4605 -0.1317 0.8778
vn -0.4782 -0.1088 0.8715
vn -0.6891 -0.3026 0.6585
vn -0.9910 -0.1242 -0.0504
vn -0.9500 -0.0684 0.3046
vn -0.9435 -0.0320 0.3299
vn -0.8583 -0.1948 0.4747
vn -0.7900 -0.1297 0.5992
vn -0.6781 -0.1286 0.7236
vn -0.8905 -0.4118 0.1933
vn 0.0162 -0.9250 -0.3795
vn -0.2836 -0.9410 -0.1849
vn -0.2561 -0.9284 -0.2692
vn -0.4141 -0.8558 0.3100
vn -0.4996 -0.8404 0.2098
vn -0.8678 -0.4395 0.2319
vn -0.6820 -0.7246 0.0996
vn -0.6411 -0.7621 0.0904
vn -0.8305 -0.1159 0.5448
vn -0.3950 -0.8928 0.2166
vn -0.5814 -0.8120 0.0517
vn -0.4780 -0.5102 0.7150
vn 0.0616 0.4575 0.8871
vn -0.1582 -0.3068 0.9385
vn -0.2838 -0.5649 0.7749
vn -0.9795 -0.1318 -0.1527
vn 0.2759 -0.7422 -0.6108
vn -0.0041 -1.0000 0.0085
vn -0.0092 -0.9996 0.0265
vn -0.6999 -0.3416 0.6273
vn -0.7242 -0.2694 0.6348
vn -0.8165 0.1028 0.5682
vn -0.6539 -0.2981 0.6953
vn -0.5003 -0.1528 0.8523
vn -0.8845 -0.4443 0.1419
vn -0.8805 -0.2084 0.4257
vn -0.7753 0.1195 0.6201
vn -0.8874 -0.0335 0.4597
vn -0.7804 -0.0960 0.6179
vn -0.7740 -0.0757 0.6286
vn -0.7556 -0.1318 0.6417
vn -0.6833 -0.0951 0.7239
vn -0.8209 -0.2782 0.4987
vn -0.9200 -0.1172 0.3740
vn -0.8410 -0.3855 -0.3796
vn -0.5812 -0.6870 -0.4362
vn -0.3299 -0.8246 -0.4596
vn -0.5001 -0.8255 -0.2614
vn -0.5624 -0.8168 -0.1291
vn -0.4250 -0.8958 -0.1302
vn -0.4239 -0.8002 0.4242
vn -0.6862 -0.7152 -0.1331
vn -0.8503 -0.5262 -0.0139
vn -0.5282 -0.6958 0.4866
vn -0.8652 -0.4411 -0.2387
vn -0.9626 -0.2407 0.1246
vn -0.6730 -0.2504 0.6959
vn -0.7013 -0.4537 0.5498
vn -0.6353 -0.7200 -0.2792
vn -0.0523 -0.8844 0.4638
vn -0.6907 -0.7076 -0.1489
vn -0.0624 0.1180 0.9910
vn -0.3958 -0.4917 0.7756
vn 0.2956 0.1819 0.9378
vn -0.0491 0.0946 0.9943
vn -0.3673 -0.8596 0.3552
vn -0.5539 -0.6605 0.5069
vn -0.7738 -0.0037 0.6334
vn -0.6952 -0.6108 0.3789
vn -0.3532 -0.5570 0.7517
vn -0.3355 0.4576 0.8234
vn 0.1634 0.5814 0.7970
vn 0.1710 0.3801 0.9090
vn -0.1127 0.7938 0.5976
vn 0.2381 0.3915 0.8888
vn -0.5676 0.3657 0.7376
vn -0.8791 -0.1000 0.4661
vn -0.2533 0.1779 0.9509
vn -0.6302 -0.3046 0.7142
vn -0.6710 -0.1881 0.7172
vn -0.5332 -0.1468 0.8332
vn -0.4787 -0.0314 0.8774
vn -0.9740 -0.1067 -0.1997
vn -0.9472 -0.2718 -0.1703
vn -0.7546 0.1551 0.6375
vn -0.8893 -0.0341 0.4561
vn -0.8523 -0.0686 0.5185
vn -0.8327 -0.0804 0.5479
vn -0.6784 -0.1344 0.7223
vn -0.7207 -0.0515 0.6913
vn -0.8385 -0.4667 -0.2811
vn -0.5958 -0.7219 -0.3521
vn -0.6920 -0.7218 0.0142
vn -0.4517 -0.7961 0.4028
vn -0.6820 -0.6882 0.2476
vn -0.8427 -0.4562 -0.2859
vn -0.5990 -0.7858 0.1539
vn -0.3510 -0.2338 0.9067
vn 0.0451 -0.8301 -0.5558
vn -0.5821 -0.7695 -0.2627
vn -0.6172 -0.7296 -0.2944
vn -0.3435 -0.9204 -0.1865
vn -0.4585 -0.8449 0.2754
vn -0.3727 -0.5604 0.7396
vn -0.4036 -0.4889 0.7734
vn -0.0431 -0.7866 -0.6159
vn -0.6806 -0.7300 -0.0623
vn -0.5950 -0.8032 -0.0277
vn 0.1099 -0.3677 0.9234
vn -0.2454 -0.2975 0.9226
vn -0.3832 -0.7250 0.5723
vn -0.5851 -0.3487 0.7321
vn -0.6206 0.1348 0.7724
vn -0.6184 -0.3751 0.6906
vn -0.4425 -0.6987 0.5621
vn -0.6348 0.1564 0.7567
vn -0.2664 -0.0585 0.9621
vn 0.1625 -0.0139 0.9866
vn 0.0411 0.0629 0.9972
vn -0.2610 0.4182 0.8701
vn -0.5287 -0.1519 0.8351
vn -0.6281 -0.0271 0.7777
vn -0.9177 -0.2469 0.3113
vn -0.9555 -0.2845 -0.0773
vn -0.9297 -0.2856 -0.2326
vn 0.9626 0.2347 0.1355
vn -0.8479 -0.2598 0.4622
vn -0.6831 -0.0326 0.7296
vn -0.6344 -0.0781 0.7690
vn -0.9047 -0.3449 -0.2501
vn -0.8140 -0.4324 -0.3878
vn -0.8395 -0.3924 -0.3759
vn -0.8993 -0.3418 -0.2730
vn -0.4007 -0.8932 -0.2042
vn -0.4886 -0.8031 -0.3411
vn -0.5199 -0.8399 0.1555
vn -0.5276 -0.8493 0.0204
vn -0.6244 -0.7661 0.1522
vn -0.5977 -0.6386 0.4848
vn -0.9158 -0.2544 -0.3109
vn -0.8911 -0.4534 -0.0195
vn -0.7772 -0.5995 0.1911
vn -0.8586 -0.4959 0.1299
vn -0.7876 -0.6161 0.0053
vn -0.5680 -0.5933 0.5704
vn -0.6551 -0.5690 0.4971
vn -0.7358 -0.6088 -0.2966
vn 0.3812 -0.1576 0.9109
vn 0.3447 -0.0784 0.9354
vn 0.1080 0.0381 0.9934
vn -0.8103 -0.5815 -0.0720
vn -0.3852 -0.4891 0.7826
vn -0.4076 0.5768 0.7079
vn 0.3273 0.1240 0.9368
vn -0.4459 -0.8222 0.3537
vn 0.2458 0.9686 -0.0378
vn 0.2402 -0.8555 0.4588
vn -0.3705 -0.9281 0.0378
vn -0.3191 -0.6512 0.6885
vn -0.6261 -0.1233 0.7699
vn -0.7849 -0.3817 0.4880
vn -0.3451 0.1465 0.9271
vn -0.3057 0.1285 0.9434
vn -0.5437 -0.1067 0.8325
vn -0.5318 -0.3388 0.7762
vn -0.4693 -0.4610 0.7531
vn -0.4671 -0.5137 0.7196
vn -0.2399 -0.3172 0.9175
vn -0.1703 0.0334 0.9848
vn 0.1140 0.7165 0.6882
vn 0.3929 0.6111 0.6871
vn 0.3536 0.6875 0.6342
vn 0.1513 0.4432 0.8836
vn 0.0792 -0.0516 0.9955
vn -0.4201 0.0880 0.9032
vn -0.5558 0.0573 0.8294
vn -0.8974 -0.3264 0.2969
vn -0.9126 -0.3010 0.2766
vn -0.9796 0.0502 0.1948
vn -0.7555 -0.1686 0.6331
vn -0.7853 -0.1669 0.5962
vn -0.7448 -0.0771 0.6628
vn -0.6345 0.0824 0.7686
vn -0.6216 0.0749 0.7797
vn -0.6746 0.0525 0.7363
vn -0.6583 -0.6828 -0.3171
vn -0.4890 -0.7775 0.3954
vn -0.7049 -0.6931 0.1509
vn -0.5284 -0.8246 0.2019
vn -0.8447 -0.5184 -0.1335
vn -0.8286 -0.5070 -0.2376
vn -0.7445 -0.6671 0.0265
vn -0.7354 -0.3970 0.5492
vn -0.3497 -0.5199 0.7794
vn -0.5007 0.3434 -0.7946
vn -0.1580 -0.9836 -0.0869
vn 0.5215 0.3371 0.7839
vn -0.6929 -0.5750 -0.4351
vn -0.4383 -0.8175 -0.3735
vn -0.2138 -0.9615 0.1726
vn -0.5033 -0.0552 0.8624
vn -0.1172 0.2098 0.9707
vn 0.2050 -0.1161 0.9718
vn -0.1824 -0.1735 0.9678
vn -0.4340 -0.3590 0.8263
vn -0.6015 -0.3348 0.7253
vn 0.3050 -0.9043 0.2987
vn -0.0844 -0.1130 0.9900
vn 0.3460 0.6876 0.6383
vn 0.3575 0.6295 0.6899
vn -0.4334 -0.0431 0.9002
vn -0.3502 -0.0405 0.9358
vn -0.5010 -0.1429 0.8536
vn -0.8003 -0.1792 0.5722
vn -0.9364 -0.2360 -0.2597
vn -0.2899 -0.9216 0.2580
vn -0.9447 0.2232 0.2402
vn -0.9882 -0.1311 -0.0793
vn -0.7853 -0.0832 0.6135
vn -0.7393 -0.1418 0.6583
vn -0.7593 0.1632 0.6300
vn -0.7532 0.1668 0.6363
vn -0.8170 -0.4481 -0.3629
vn -0.7138 -0.5005 -0.4898
vn -0.4453 -0.8861 -0.1287
vn -0.7027 -0.6575 -0.2718
vn -0.5686 -0.8224 0.0189
vn -0.5978 -0.6123 -0.5174
vn -0.6407 -0.4733 -0.6046
vn -0.7186 -0.6935 0.0513
vn -0.5130 -0.7257 -0.4585
vn -0.8828 -0.4647 -0.0685
vn -0.4891 -0.3742 0.7879
vn -0.1931 0.3066 0.9320
vn -0.0026 -0.9215 0.3884
vn 0.3677 -0.7966 -0.4798
vn -0.6031 -0.7780 -0.1757
vn -0.9067 -0.3135 -0.2821
vn -0.7143 -0.6981 -0.0500
vn -0.6510 -0.7553 0.0756
vn -0.7628 -0.6416 0.0807
vn -0.1198 -0.9922 0.0351
vn 0.7527 0.1207 0.6472
vn -0.5438 -0.7696 0.3346
vn -0.1335 -0.3379 0.9317
vn -0.0601 0.0654 0.9960
vn -0.3626 -0.3466 0.8651
vn 0.0142 0.1990 0.9799
vn -0.8607 0.0597 -0.5056
vn 0.1310 0.1468 0.9805
vn -0.4312 -0.0282 0.9018
vn 0.5846 0.3226 0.7444
vn 0.5693 0.3573 0.7404
vn 0.4223 0.6080 0.6723
vn 0.2070 0.6935 0.6901
vn -0.3291 -0.0540 0.9428
vn -0.8978 -0.2519 0.3613
vn -0.9043 -0.2424 0.3514
vn -0.9569 0.1675 0.2374
vn -0.9789 -0.0498 -0.1979
vn -0.7840 -0.0811 0.6154
vn -0.7842 -0.1351 0.6056
vn -0.7438 0.2020 0.6372
vn -0.9824 -0.0622 -0.1764
vn -0.6720 -0.5430 -0.5035
vn -0.3654 -0.9225 -0.1246
vn -0.4153 -0.8881 -0.1971
vn -0.4214 -0.8898 -0.1751
vn -0.5431 -0.8206 -0.1781
vn -0.5674 -0.8203 0.0716
vn -0.4443 -0.8763 0.1862
vn -0.5691 -0.6393 -0.5172
vn -0.4313 -0.8288 -0.3566
vn -0.6351 -0.6960 -0.3349
vn -0.8312 -0.2697 -0.4862
vn -0.4644 -0.6698 -0.5795
vn -0.0441 -0.2071 0.9773
vn -0.0232 -0.8709 -0.4909
vn 0.9585 0.1868 -0.2155
vn 0.1033 -0.0491 0.9934
vn 0.5247 -0.3748 -0.7643
vn -0.8071 0.2674 0.5264
vn -0.5488 0.0667 0.8333
vn 0.1533 -0.8581 -0.4900
vn -0.2688 -0.8246 0.4977
vn -0.9916 0.1289 -0.0051
vn -0.2285 -0.7161 -0.6595
vn 0.4509 0.8135 -0.3673
vn -0.5879 -0.8090 -0.0042
vn -0.0164 -0.6407 0.7676
vn 0.5254 -0.4647 0.7127
vn -0.0078 -0.6316 0.7753
vn 0.6721 0.2441 0.6990
vn -0.2148 0.0192 0.9765
vn 0.0669 0.1982 0.9779
vn 0.2668 -0.0206 0.9635
vn -0.3017 -0.1415 0.9428
vn 0.3556 0.1368 0.9246
vn 0.6479 0.3004 0.7000
vn 0.8628 0.5055 0.0018
vn 0.0444 0.7924 0.6084
vn 0.2247 0.8753 0.4282
vn -0.8174 -0.2667 0.5107
vn -0.9206 -0.0275 0.3895
vn -0.9661 0.1032 0.2365
vn -0.9796 0.1794 0.0903
vn -0.7822 0.4602 0.4199
vn -0.8748 0.3639 0.3198
vn -0.7808 0.1345 0.6101
vn -0.7887 -0.0965 0.6072
vn -0.8639 0.3050 0.4007
vn -0.9514 -0.0410 -0.3052
vn -0.9144 -0.1166 -0.3877
vn -0.4447 -0.8115 -0.3791
vn -0.2691 -0.9534 -0.1363
vn 0.5118 0.8445 0.1579
vn -0.5371 -0.8327 -0.1348
vn -0.5036 -0.8560 -0.1167
vn -0.6986 -0.6951 -0.1698
vn -0.5154 -0.8514 0.0974
vn -0.5081 -0.8416 0.1831
vn -0.6914 -0.4708 -0.5480
vn -0.3465 -0.9196 0.1853
vn -0.6321 -0.4827 -0.6062
vn -0.5244 -0.4559 -0.7192
vn -0.5685 -0.4038 -0.7168
vn -0.7885 -0.6121 0.0596
vn -0.3358 -0.6279 0.7021
vn -0.5203 -0.6284 -0.5783
vn -0.5132 0.8301 0.2181
vn -0.4932 -0.7503 -0.4403
vn -0.4078 -0.8933 -0.1893
vn -0.2986 -0.7732 0.5594
vn 0.5890 -0.4326 0.6826
vn 0.6380 -0.5247 0.5635
vn 0.5418 0.3521 0.7632
vn -0.7098 -0.6797 -0.1850
vn -0.9981 0.0244 0.0560
vn 0.3411 -0.4613 0.8190
vn 0.1485 -0.9215 -0.3589
vn -0.5958 -0.7303 0.3343
vn 0.1962 -0.1474 0.9694
vn 0.5384 -0.0224 0.8424
vn -0.3935 0.5586 0.7302
vn 0.2817 0.2277 0.9321
vn -0.3415 -0.9042 -0.2564
vn 0.8958 0.4346 0.0926
vn 0.4047 0.5430 0.7358
vn 0.3234 0.6793 0.6587
vn 0.7467 0.3754 0.5491
vn 0.9911 -0.0828 -0.1039
vn 0.5288 0.2951 0.7958
vn 0.3920 0.6309 0.6696
vn -0.1353 0.9709 0.1977
vn 0.2931 0.5966 0.7471
vn 0.3315 0.5215 0.7862
vn 0.2492 0.5581 0.7915
vn -0.5290 -0.1552 0.8343
vn -0.6308 -0.0640 0.7733
vn -0.8624 0.3899 0.3229
vn -0.7804 -0.0809 0.6200
vn -0.6937 -0.0965 0.7137
vn -0.7914 0.2005 0.5774
vn -0.8065 -0.5602 -0.1890
vn -0.7147 -0.6734 -0.1890
vn -0.6819 -0.6836 -0.2601
vn -0.1541 -0.9275 -0.3407
vn -0.7464 -0.6070 -0.2729
vn -0.7016 -0.4860 -0.5211
vn -0.2042 -0.2836 -0.9370
vn -0.1040 -0.1508 -0.9831
vn -0.1761 0.0154 -0.9842
vn 0.1737 -0.0584 -0.9831
vn -0.1807 -0.1560 -0.9711
vn 0.0295 -0.2630 -0.9644
vn -0.7900 -0.6040 -0.1055
vn -0.6005 -0.7932 0.1006
vn -0.7480 -0.6532 0.1171
vn 0.2019 -0.0807 0.9761
vn -0.0292 0.9989 -0.0376
vn -0.1597 -0.3366 -0.9280
vn 0.2208 -0.0232 0.9750
vn 0.5382 0.3943 0.7449
vn 0.5718 0.3430 0.7452
vn -0.7074 -0.6855 0.1723
vn -0.8176 -0.4711 0.3311
vn -0.7616 -0.5122 -0.3971
vn -0.3796 -0.2254 0.8973
vn 0.9154 -0.1959 0.3516
vn -0.6681 -0.5972 -0.4438
vn -0.4637 -0.8843 -0.0555
vn -0.3461 0.5236 0.7785
vn 0.2679 -0.3586 0.8942
vn -0.0364 -0.9894 0.1404
vn 0.0369 0.0909 0.9952
vn 0.0532 0.5128 0.8569
vn 0.6874 -0.2670 0.6754
vn 0.8275 -0.3318 0.4529
vn 0.6741 0.6214 0.3993
vn 0.8018 0.1921 0.5659
vn 0.2610 0.4983 0.8268
vn 0.5219 0.7391 0.4260
vn 0.2525 0.5614 0.7881
vn -0.2559 0.3342 0.9071
vn -0.1931 0.3274 0.9249
vn 0.0246 -0.4453 -0.8950
vn 0.1148 0.7525 0.6485
vn -0.1944 0.6090 0.7690
vn -0.5363 0.8081 0.2436
vn -0.6319 -0.0948 0.7693
vn -0.4382 0.4452 0.7809
vn -0.5005 -0.0046 0.8657
vn -0.9412 0.1683 0.2930
vn -0.8075 0.4533 0.3774
vn -0.9854 0.1431 0.0927
vn -0.9590 -0.2820 -0.0277
vn -0.9558 -0.0358 0.2917
vn -0.9910 -0.0127 0.1329
vn -0.8917 0.1897 0.4110
vn -0.7542 0.4412 0.4862
vn -0.7829 -0.4733 -0.4037
vn -0.8864 -0.2720 -0.3746
vn -0.5535 -0.8258 -0.1081
vn -0.4267 -0.9027 0.0563
vn 0.0932 -0.9580 -0.2714
vn -0.6923 -0.6976 0.1843
vn -0.8690 -0.2812 -0.4070
vn -0.6942 -0.5450 -0.4701
vn -0.0031 -0.4471 -0.8945
vn 0.2075 -0.1072 -0.9724
vn 0.0629 -0.2937 -0.9538
vn -0.0259 -0.0949 -0.9951
vn -0.0681 -0.1262 -0.9897
vn -0.0630 0.1313 -0.9893
vn -0.2402 -0.0130 -0.9706
vn -0.4423 -0.5625 -0.6985
vn -0.4683 -0.8805 0.0737
vn -0.5384 -0.8132 0.2212
vn -0.3348 -0.3724 0.8656
vn 0.5204 -0.8269 -0.2131
vn -0.3146 -0.1376 -0.9392
vn 0.2770 -0.8439 -0.4595
vn 0.6510 -0.1471 0.7447
vn 0.2631 -0.7461 0.6116
vn -0.7085 0.0584 0.7033
vn 0.1397 -0.7043 0.6960
vn -0.4116 -0.0884 0.9070
vn 0.8283 0.2483 0.5023
vn 0.3989 -0.3375 0.8526
vn 0.4914 -0.4194 0.7633
vn 0.6445 0.2597 0.7191
vn 0.0807 0.4828 0.8720
vn 0.0697 0.1323 0.9888
vn 0.3843 0.8887 0.2499
vn 0.7638 -0.6424 0.0632
vn -0.0920 0.2159 -0.9721
vn -0.1545 0.8955 0.4173
vn 0.2773 0.5546 0.7846
vn -0.2974 0.7848 0.5437
vn -0.1919 0.7073 0.6804
vn -0.8190 0.5193 0.2441
vn -0.8276 0.5145 0.2244
vn -0.4074 0.8476 0.3400
vn -0.8163 0.2009 0.5416
vn -0.8133 0.0927 0.5744
vn -0.8908 0.1727 0.4204
vn -0.8741 0.2064 0.4397
vn -0.8664 0.0261 0.4987
vn -0.8857 0.0378 0.4627
vn -0.5947 0.7700 0.2311
vn -0.9864 0.1557 -0.0526
vn -0.9811 -0.0823 -0.1753
vn 0.9924 -0.0810 0.0922
vn -0.9922 -0.0765 -0.0981
vn -0.8380 0.0929 0.5377
vn -0.8082 0.4297 0.4026
vn -0.9741 0.0327 0.2237
vn -0.8004 0.3552 0.4828
vn -0.7041 -0.4520 -0.5477
vn -0.6949 -0.6880 -0.2091
vn -0.0957 -0.9864 -0.1336
vn -0.1642 -0.9855 -0.0428
vn -0.5203 -0.7985 -0.3028
vn 0.0400 -0.1323 -0.9904
vn -0.5231 -0.4128 -0.7456
vn 0.0484 -0.2804 0.9587
vn 0.0200 -0.8245 0.5654
vn -0.0286 -0.4726 0.8808
vn -0.1167 -0.6932 0.7112
vn -0.2336 0.0865 -0.9685
vn -0.1490 -0.1962 -0.9692
vn -0.3861 -0.8848 -0.2609
vn 0.0158 -0.7802 0.6254
vn -0.5137 -0.7986 -0.3135
vn 0.4190 -0.2140 0.8824
vn 0.4071 0.1374 -0.9030
vn -0.4416 0.7709 -0.4590
vn 0.7870 -0.5798 0.2108
vn 0.7583 -0.1290 0.6390
vn 0.5452 -0.2250 0.8075
vn 0.6617 0.4719 0.5826
vn 0.0539 0.8369 0.5447
vn -0.3240 0.7976 0.5088
vn -0.3390 0.7474 0.5714
vn -0.3981 0.8559 0.3302
vn -0.4918 0.8694 -0.0473
vn -0.9871 0.1517 -0.0504
vn -0.8668 0.0539 0.4958
vn -0.7403 0.3251 0.5885
vn -0.8240 0.4023 0.3990
vn -0.6323 0.4475 0.6324
vn -0.8191 0.3407 0.4615
vn -0.8337 0.5036 0.2266
vn -0.9005 0.3327 -0.2799
vn -0.9202 0.3091 -0.2403
vn -0.9001 0.0182 -0.4352
vn -0.8748 -0.3353 -0.3496
vn -0.6730 -0.6732 -0.3064
vn -0.6678 -0.6706 -0.3230
vn -0.1538 -0.9391 -0.3074
vn 0.1174 -0.9640 -0.2387
vn -0.1218 -0.9102 -0.3958
vn -0.2449 -0.5649 -0.7879
vn 0.2711 -0.2902 -0.9178
vn 0.0547 -0.0849 -0.9949
vn 0.2500 0.0474 -0.9671
vn 0.1246 0.0599 -0.9904
vn 0.0955 -0.0608 -0.9936
vn 0.3279 -0.0103 -0.9447
vn 0.5212 0.2823 -0.8054
vn -0.2415 -0.3808 -0.8926
vn 0.1717 -0.5886 0.7900
vn 0.3310 -0.1893 0.9245
vn 0.1093 -0.3484 0.9309
vn 0.1679 -0.0523 0.9844
vn 0.2617 -0.0341 0.9645
vn 0.3857 -0.0578 0.9208
vn -0.5722 -0.3822 -0.7256
vn -0.3294 -0.6128 -0.7183
vn 0.1176 -0.6141 0.7804
vn -0.5365 0.0224 0.8436
vn 0.2038 -0.7053 0.6789
vn 0.2405 -0.5525 0.7981
vn -0.4752 -0.1530 0.8665
vn -0.0481 -0.0647 0.9967
vn -0.7112 -0.4971 0.4971
vn 0.1185 -0.2278 0.9665
vn 0.3150 0.1930 0.9293
vn 0.3404 0.6772 0.6523
vn 0.2136 0.6493 0.7299
vn 0.0760 0.6480 0.7578
vn -0.0996 0.7694 0.6309
vn 0.0368 0.8239 0.5656
vn -0.2200 0.6909 0.6886
vn 0.6541 0.4441 0.6124
vn 0.5279 0.5784 0.6220
vn 0.2605 0.5165 0.8157
vn 0.2122 0.5268 0.8231
vn 0.3384 0.6456 0.6846
vn 0.1868 0.6284 0.7552
vn 0.0518 0.8763 0.4790
vn -0.3990 0.8566 0.3272
vn -0.2957 0.9246 0.2401
vn -0.9871 0.1325 -0.0897
vn -0.9945 -0.0622 -0.0844
vn -0.5556 0.2719 0.7857
vn -0.7745 0.5511 0.3105
vn -0.7728 0.5532 0.3110
vn -0.8007 0.4215 0.4257
vn -0.8055 -0.2215 -0.5497
vn -0.8350 -0.2600 -0.4850
vn -0.7843 -0.4426 -0.4346
vn -0.7694 -0.6359 -0.0604
vn -0.5190 -0.8413 -0.1514
vn -0.5826 -0.8041 -0.1185
vn -0.1111 -0.9361 -0.3338
vn 0.0308 -0.9939 -0.1057
vn -0.0699 -0.9729 -0.2205
vn 0.7182 -0.4431 -0.5365
vn 0.1812 -0.9568 -0.2275
vn -0.2426 -0.5659 -0.7880
vn -0.0036 -0.4746 -0.8802
vn 0.2479 -0.0013 -0.9688
vn 0.4923 0.2746 -0.8260
vn 0.4083 0.0137 -0.9127
vn 0.4774 0.2323 -0.8474
vn -0.2845 0.7377 -0.6123
vn 0.1439 -0.3132 -0.9387
vn 0.3499 -0.1206 -0.9290
vn 0.1669 0.7228 -0.6706
vn -0.2643 -0.3582 -0.8955
vn 0.1325 -0.7745 0.6185
vn 0.6748 -0.1723 0.7176
vn 0.4972 -0.2209 0.8390
vn 0.0670 -0.2439 0.9675
vn 0.3465 -0.1737 0.9218
vn 0.4931 -0.2988 0.8171
vn 0.4724 -0.8686 -0.1497
vn -0.9123 -0.3894 -0.1268
vn 0.7001 -0.5013 0.5084
vn -0.3909 -0.8740 -0.2887
vn -0.6432 -0.7424 0.1873
vn -0.6831 -0.7296 0.0321
vn 0.1869 -0.5279 0.8285
vn 0.1683 -0.6799 0.7137
vn -0.0496 -0.9985 -0.0239
vn 0.5291 -0.7250 0.4409
vn 0.4403 -0.0185 0.8977
vn -0.5513 -0.6825 0.4798
vn -0.2689 0.0111 0.9631
vn -0.9335 -0.3584 0.0130
vn 0.6232 0.1817 0.7607
vn 0.0280 0.0355 0.9990
vn -0.1312 -0.9860 -0.1025
vn 0.3123 0.4168 0.8537
vn 0.0447 0.6639 0.7465
vn 0.8379 0.3482 0.4203
vn 0.6746 0.6229 0.3961
vn 0.8140 0.2903 0.5031
vn -0.2072 0.7735 0.5990
vn 0.0093 0.5804 0.8143
vn 0.0313 0.4821 0.8756
vn 0.0547 0.7242 0.6875
vn 0.1583 0.9187 0.3617
vn -0.0344 0.9413 0.3359
vn -0.1339 0.9880 0.0770
vn -0.1400 0.9881 -0.0639
vn -0.9626 0.1926 -0.1903
vn -0.8457 0.0070 0.5336
vn -0.8604 0.0770 0.5038
vn -0.8070 0.0933 0.5831
vn -0.8893 0.2652 0.3727
vn -0.9649 -0.0693 0.2534
vn -0.7738 0.5515 0.3115
vn -0.7861 0.5372 0.3058
vn -0.8517 0.4636 -0.2443
vn -0.9194 -0.3268 -0.2188
vn -0.7160 -0.6615 0.2230
vn -0.3223 -0.9464 0.0233
vn -0.5854 -0.7829 -0.2106
vn -0.5865 -0.7738 -0.2392
vn -0.0548 -0.8952 -0.4423
vn -0.0955 -0.8608 -0.4999
vn -0.1710 -0.9166 -0.3614
vn -0.0154 -0.9003 -0.4349
vn 0.7015 -0.5364 -0.4693
vn 0.5415 -0.7632 -0.3525
vn 0.3825 -0.4584 -0.8022
vn -0.2603 -0.6794 -0.6861
vn 0.2342 -0.7670 -0.5974
vn 0.0348 -0.4808 -0.8761
vn -0.0023 -0.7830 -0.6220
vn -0.0059 -0.7833 -0.6216
vn 0.2332 -0.2934 -0.9271
vn 0.2378 -0.4093 -0.8808
vn 0.5050 0.0110 -0.8631
vn 0.1226 -0.4068 -0.9053
vn 0.0553 0.2897 -0.9555
vn 0.2168 -0.9736 0.0716
vn -0.8413 -0.5402 0.0212
vn -0.8163 -0.0596 -0.5746
vn -0.2280 -0.3089 -0.9234
vn -0.1763 -0.9186 0.3537
vn 0.7168 -0.5205 0.4640
vn -0.9316 -0.3430 -0.1202
vn -0.8457 0.0262 -0.5330
vn -0.4729 0.0406 -0.8802
vn 0.2175 -0.6543 0.7243
vn 0.2163 -0.6633 0.7164
vn 0.1402 -0.7937 0.5919
vn 0.2033 -0.6470 0.7349
vn 0.5109 -0.3892 0.7665
vn 0.5251 -0.3539 0.7740
vn 0.3355 0.1826 0.9242
vn 0.5165 -0.3148 0.7963
vn 0.5378 -0.3121 0.7831
vn 0.5011 -0.3254 0.8019
vn 0.2693 -0.5585 0.7846
vn 0.1351 -0.0985 0.9859
vn -0.3004 -0.7104 0.6365
vn -0.0258 -0.5576 0.8297
vn -0.2422 -0.6509 0.7195
vn 0.4415 0.8492 0.2896
vn 0.0162 -0.0570 0.9982
vn 0.0189 0.8778 0.4787
vn -0.1305 0.9910 0.0303
vn -0.0764 0.9940 0.0779
vn -0.1807 0.9741 -0.1361
vn -0.9934 0.0334 0.1095
vn -0.8544 -0.0055 0.5197
vn -0.8243 -0.2083 -0.5264
vn -0.6306 -0.7328 -0.2554
vn 0.1601 -0.8357 -0.5253
vn 0.6690 -0.4838 -0.5643
vn 0.5661 -0.6549 -0.5005
vn 0.4304 -0.6689 -0.6060
vn 0.4386 -0.5717 -0.6933
vn 0.2670 -0.6504 -0.7111
vn 0.0561 -0.4059 -0.9122
vn -0.2324 -0.5311 -0.8148
vn -0.3316 -0.4398 -0.8347
vn 0.5328 -0.1993 -0.8224
vn 0.3965 -0.4764 -0.7847
vn 0.2400 -0.4285 -0.8711
vn 0.2327 -0.0156 -0.9724
vn -0.2016 0.0165 -0.9793
vn -0.6232 -0.2208 -0.7502
vn -0.7994 -0.5767 -0.1685
vn -0.7728 -0.6086 -0.1799
vn 0.3946 -0.9011 -0.1801
vn -0.2384 -0.2077 -0.9487
vn 0.5565 0.0050 0.8309
vn -0.4204 -0.8718 -0.2515
vn -0.5265 -0.7205 0.4512
vn -0.6882 -0.5110 0.5150
vn -0.9807 -0.0823 0.1775
vn 0.4237 -0.6368 0.6441
vn 0.4372 -0.5465 0.7143
vn 0.6877 -0.1773 0.7040
vn 0.6700 -0.1541 0.7262
vn 0.5399 -0.3151 0.7805
vn 0.2610 -0.5567 0.7887
vn 0.2193 -0.6055 0.7650
vn -0.5129 0.1091 0.8515
vn 0.8503 -0.4522 0.2692
vn 0.3352 0.4431 0.8315
vn 0.2502 0.7825 0.5702
vn 0.2573 0.7380 0.6238
vn -0.1381 0.4837 0.8643
vn 0.2817 0.4779 0.8320
vn 0.2271 0.4436 0.8670
vn -0.6667 0.7372 0.1098
vn -0.3837 0.1919 0.9033
vn -0.2730 0.8684 0.4140
vn -0.4582 0.6949 0.5543
vn 0.2776 0.7226 0.6331
vn 0.2546 0.5069 -0.8235
vn 0.1105 0.9178 0.3813
vn 0.7343 0.4847 0.4752
vn 0.5281 0.5889 0.6117
vn 0.3209 0.5873 0.7430
vn 0.1361 0.7564 0.6398
vn 0.1747 0.6431 0.7456
vn -0.2036 0.9790 0.0075
vn 0.0901 0.9953 -0.0366
vn 0.1953 0.6095 -0.7684
vn -0.9604 0.2768 -0.0313
vn -0.9912 -0.1292 0.0274
vn -0.9750 0.2135 0.0615
vn -0.7374 0.6738 -0.0463
vn -0.7425 0.6684 -0.0440
vn -0.6799 -0.7263 0.1018
vn -0.5055 -0.8614 -0.0496
vn -0.3292 -0.9442 -0.0046
vn -0.1288 -0.9017 -0.4127
vn 0.5572 -0.7724 -0.3047
vn 0.1704 -0.6695 -0.7230
vn -0.0167 -0.9990 -0.0410
vn 0.4508 0.5192 0.7261
vn 0.5216 -0.5838 -0.6222
vn 0.6507 -0.4853 -0.5841
vn 0.2738 -0.9275 -0.2545
vn 0.4200 -0.6783 -0.6029
vn 0.5056 -0.1623 -0.8474
vn 0.3031 -0.3705 -0.8780
vn 0.1363 -0.3629 -0.9218
vn 0.2234 -0.1871 -0.9566
vn -0.5064 0.3885 -0.7698
vn -0.3421 -0.4399 -0.8303
vn -0.8441 -0.5307 -0.0761
vn -0.8042 -0.5772 -0.1422
vn 0.4953 -0.0232 0.8684
vn 0.5354 -0.8091 -0.2423
vn 0.5786 -0.0349 0.8148
vn -0.9063 -0.3214 -0.2744
vn -0.9855 0.0105 -0.1695
vn -0.7861 -0.2682 -0.5569
vn -0.9883 -0.1049 0.1105
vn 0.1763 -0.8277 0.5328
vn 0.1838 -0.7947 0.5785
vn 0.4300 -0.7293 0.5322
vn 0.4087 -0.6531 0.6375
vn 0.5297 -0.4426 0.7236
vn 0.9951 -0.0424 -0.0892
vn 0.0564 -0.8467 0.5291
vn 0.5123 -0.2821 0.8112
vn 0.0967 -0.9827 0.1577
vn -0.6221 0.5961 -0.5076
vn 0.1960 -0.3495 0.9162
vn 0.7869 0.2789 0.5505
vn -0.1865 -0.9289 0.3198
vn 0.8476 0.4736 0.2393
vn 0.1241 0.0654 -0.9901
vn 0.4778 -0.3539 -0.8040
vn 0.6955 0.6893 0.2029
vn 0.6714 -0.2774 0.6872
vn 0.2309 0.2854 0.9302
vn 0.3079 -0.1925 0.9317
vn 0.6716 -0.0207 0.7406
vn 0.1582 0.8061 0.5702
vn 0.8602 0.2861 0.4221
vn 0.8041 0.4661 0.3689
vn 0.3562 0.6602 0.6613
vn -0.0834 0.9179 0.3878
vn 0.4535 0.8640 -0.2187
vn 0.3753 0.9097 -0.1775
vn 0.1213 0.8782 -0.4627
vn -0.8830 0.2702 0.3837
vn -0.9208 0.1679 0.3522
vn -0.8141 0.3115 -0.4901
vn -0.9026 -0.2088 -0.3764
vn -0.4935 -0.8323 -0.2525
vn -0.6300 -0.7393 -0.2376
vn 0.0542 -0.9434 -0.3272
vn -0.0478 -0.8448 -0.5329
vn 0.1701 -0.9499 -0.2622
vn -0.0656 -0.9757 -0.2089
vn 0.0405 -0.8957 -0.4428
vn 0.1210 -0.9103 -0.3960
vn 0.4408 -0.8317 0.3376
vn 0.9516 0.0434 -0.3043
vn -0.2099 -0.7229 -0.6583
vn 0.7354 -0.5116 -0.4443
vn 0.2120 -0.8850 -0.4145
vn 0.2548 -0.8928 -0.3714
vn 0.2581 -0.8799 0.3989
vn 0.6753 -0.5238 -0.5192
vn -0.0486 -0.9978 -0.0444
vn 0.0850 -0.7230 -0.6856
vn 0.3473 -0.5456 -0.7627
vn 0.4367 -0.1429 -0.8882
vn 0.4320 -0.2298 -0.8721
vn 0.3593 -0.4808 -0.7998
vn -0.4853 -0.6687 -0.5633
vn -0.6099 0.1900 -0.7694
vn 0.1573 -0.8614 0.4829
vn -0.5478 0.8316 0.0910
vn -0.8770 -0.3420 0.3374
vn -0.6946 -0.6095 0.3821
vn -0.0162 -0.9937 0.1112
vn 0.0844 0.0039 0.9964
vn -0.0538 0.1414 0.9885
vn 0.3071 0.2393 0.9211
vn -0.0891 -0.9659 -0.2432
vn -0.2232 -0.9646 -0.1402
vn 0.1576 -0.8844 0.4392
vn 0.3340 -0.6747 0.6581
vn 0.5099 -0.4410 0.7386
vn 0.7002 0.3238 0.6363
vn 0.7270 -0.6527 0.2133
vn 0.6987 -0.2097 0.6840
vn 0.4511 0.6878 0.5687
vn -0.3174 -0.3145 0.8946
vn 0.5920 -0.5259 0.6108
vn 0.0275 0.3992 0.9165
vn 0.3965 -0.5027 0.7682
vn 0.7761 -0.0970 0.6231
vn 0.2157 0.2357 -0.9476
vn 0.3502 0.0527 -0.9352
vn 0.9151 0.1258 0.3832
vn 0.7019 0.4344 0.5644
vn 0.6729 0.5303 0.5158
vn 0.0047 0.5600 0.8285
vn 0.5377 0.5677 0.6234
vn 0.4114 0.5562 0.7221
vn 0.3212 0.8430 0.4316
vn 0.0086 0.9998 0.0159
vn -0.9000 0.0168 0.4356
vn -0.8682 0.2736 -0.4140
vn -0.8935 -0.2685 -0.3601
vn -0.3736 -0.9129 0.1644
vn -0.3984 -0.9130 0.0879
vn -0.2630 -0.8452 -0.4653
vn -0.0569 -0.9476 -0.3144
vn 0.5170 -0.8294 -0.2117
vn 0.2270 -0.9711 -0.0744
vn 0.2099 -0.9534 -0.2167
vn -0.0818 -0.9956 0.0466
vn 0.2420 -0.8349 -0.4944
vn 0.5070 -0.7396 -0.4427
vn 0.4929 -0.7044 -0.5107
vn 0.9310 -0.3513 0.0994
vn -0.1271 -0.9779 -0.1659
vn 0.3359 -0.9157 -0.2205
vn 0.5204 -0.3948 -0.7572
vn 0.2124 -0.8077 -0.5500
vn 0.5665 -0.3891 -0.7264
vn -0.2516 -0.8261 0.5042
vn -0.1864 -0.6710 -0.7176
vn -0.5860 0.1243 0.8008
vn -0.1900 -0.6656 -0.7218
vn -0.6169 -0.4007 -0.6774
vn -0.7735 -0.4312 -0.4645
vn -0.3366 -0.4532 -0.8254
vn -0.7911 -0.1866 -0.5826
vn 0.7277 -0.4527 -0.5152
vn -0.8071 0.5423 0.2334
vn 0.4384 -0.8393 -0.3216
vn 0.2704 0.0869 -0.9588
vn 0.6335 -0.5211 -0.5720
vn -0.5243 -0.8301 -0.1900
vn -0.7718 -0.4350 -0.4638
vn -0.2787 -0.9395 -0.1989
vn -0.5787 0.4959 0.6474
vn -0.4276 0.8992 0.0929
vn -0.1283 -0.6199 -0.7741
vn 0.5814 -0.6441 0.4971
vn 0.9131 -0.1193 0.3899
vn -0.4468 -0.8261 -0.3433
vn 0.7283 0.6683 0.1514
vn 0.1204 0.7857 0.6068
vn 0.1105 0.8487 0.5172
vn 0.2177 0.4947 0.8414
vn 0.0595 0.8106 0.5826
vn 0.7481 0.1810 0.6384
vn -0.0983 0.7838 0.6131
vn -0.6081 -0.5524 -0.5701
vn 0.5442 0.5758 0.6102
vn 0.1946 0.9744 -0.1125
vn -0.9755 0.2116 -0.0604
vn -0.7605 0.3485 0.5479
vn -0.9178 -0.0030 0.3971
vn -0.8677 0.1452 0.4754
vn -0.9163 0.1414 0.3746
vn -0.9253 0.1264 0.3575
vn -0.9610 0.2708 0.0558
vn -0.8333 0.5344 -0.1412
vn -0.7385 0.6709 -0.0671
vn -0.6126 -0.7432 0.2691
vn -0.3634 -0.9226 0.1294
vn -0.5756 -0.7459 -0.3351
vn 0.4301 -0.8524 -0.2973
vn 0.3780 -0.8583 -0.3470
vn 0.3479 -0.9236 -0.1608
vn 0.1773 -0.9761 -0.1259
vn 0.1824 -0.9819 0.0508
vn 0.6436 -0.5352 -0.5472
vn 0.9005 -0.1403 0.4116
vn 0.5007 0.5073 -0.7014
vn 0.3096 -0.6792 -0.6654
vn 0.7504 -0.2476 -0.6129
vn 0.7854 -0.4890 -0.3794
vn 0.7033 -0.5648 -0.4316
vn 0.6473 -0.3351 -0.6847
vn 0.8123 -0.4088 -0.4159
vn 0.3837 -0.6405 -0.6653
vn -0.0012 -0.4227 -0.9062
vn 0.2215 -0.8070 -0.5475
vn -0.2279 -0.0784 0.9705
vn -0.6510 -0.4770 -0.5905
vn -0.6323 -0.4334 -0.6422
vn -0.8490 -0.1835 -0.4956
vn 0.0324 -0.8207 -0.5705
vn -0.6880 -0.5201 -0.5061
vn -0.6976 -0.4496 -0.5578
vn -0.7946 0.5894 -0.1457
vn -0.3027 -0.2300 -0.9249
vn -0.3635 0.3389 -0.8678
vn -0.5990 0.7909 -0.1256
vn -0.3551 0.9331 -0.0576
vn 0.5497 -0.7318 0.4029
vn 0.6654 -0.4340 0.6074
vn 0.6859 -0.1937 0.7014
vn 0.7263 -0.2558 0.6380
vn 0.7068 -0.2534 0.6605
vn 0.6072 0.7452 0.2756
vn 0.5631 -0.3772 0.7353
vn 0.8524 0.1739 0.4931
vn 0.6292 -0.0618 0.7748
vn 0.6979 -0.1009 0.7090
vn 0.7640 0.2991 0.5718
vn -0.5404 0.7730 -0.3323
vn 0.1488 -0.0573 -0.9872
vn 0.9406 0.1362 -0.3109
vn 0.9700 0.0499 0.2381
vn 0.8543 0.4602 0.2418
vn 0.5799 0.6920 0.4299
vn 0.0503 0.9785 0.2000
vn -0.4010 0.6729 0.6216
vn 0.0335 0.9707 0.2379
vn 0.0732 0.9957 -0.0574
vn 0.6648 0.4691 0.5814
vn 0.7133 0.4722 0.5179
vn 0.3590 0.7603 0.5413
vn 0.4631 0.7715 0.4362
vn 0.3048 0.8913 0.3357
vn 0.3881 0.8895 0.2410
vn 0.4666 0.8464 -0.2566
vn 0.3196 0.8530 -0.4126
vn 0.3333 0.8470 -0.4140
vn 0.2099 0.9756 0.0649
vn -0.0437 0.9733 -0.2254
vn -0.8820 0.2165 0.4187
vn -0.8792 0.4764 -0.0058
vn -0.8326 0.0917 -0.5462
vn -0.8195 -0.2014 -0.5365
vn -0.8636 -0.1688 -0.4751
vn -0.9915 -0.0773 -0.1046
vn -0.3320 -0.9400 0.0789
vn -0.4967 -0.8584 -0.1284
vn 0.1577 -0.9799 -0.1223
vn 0.0883 -0.9870 -0.1345
vn 0.4487 -0.8572 0.2525
vn 0.2980 -0.8921 0.3396
vn 0.0831 -0.9765 -0.1989
vn -0.0089 -0.9912 -0.1320
vn 0.3640 -0.7786 -0.5113
vn 0.3986 -0.8279 -0.3945
vn 0.5769 -0.6512 -0.4932
vn 0.6307 -0.7104 -0.3122
vn 0.7297 -0.5350 -0.4257
vn 0.8142 -0.3325 -0.4760
vn 0.7217 -0.5675 -0.3964
vn 0.8753 0.3516 0.3320
vn 0.6577 0.3074 -0.6878
vn -0.8276 -0.5403 -0.1518
vn 0.6734 -0.4261 -0.6042
vn 0.6281 -0.4730 -0.6179
vn 0.1700 -0.6897 -0.7039
vn -0.6649 -0.5138 -0.5421
vn -0.6281 -0.5108 -0.5871
vn 0.4766 -0.0502 -0.8777
vn 0.5204 -0.0604 -0.8518
vn 0.6107 -0.0000 -0.7919
vn 0.6582 -0.5271 -0.5375
vn 0.1400 0.1290 -0.9817
vn -0.6617 0.0362 -0.7489
vn -0.3758 -0.0372 -0.9259
vn 0.0824 0.8336 -0.5462
vn -0.6749 -0.7114 0.1960
vn 0.4489 -0.8899 -0.0808
vn 0.6562 -0.5629 0.5026
vn 0.6726 -0.4417 0.5937
vn 0.7744 0.2665 0.5738
vn 0.5532 -0.6288 -0.5464
vn 0.5712 0.3824 0.7262
vn 0.4256 0.3237 0.8450
vn 0.5676 -0.7933 0.2204
vn 0.8687 0.1576 0.4697
vn 0.8535 0.1709 0.4923
vn 0.9056 0.3011 0.2987
vn 0.8052 0.4698 0.3619
vn 0.0624 0.9652 0.2540
vn -0.7074 0.5254 0.4728
vn 0.8674 0.2279 0.4424
vn 0.1456 0.7468 0.6489
vn -0.0580 0.6251 0.7784
vn 0.3930 0.8802 0.2661
vn -0.8628 0.4083 0.2981
vn -0.8948 0.4124 0.1710
vn -0.9135 0.3647 -0.1803
vn -0.7924 0.4508 -0.4109
vn -0.7777 0.1881 -0.5998
vn -0.8667 -0.1268 -0.4824
vn -0.3718 -0.9192 0.1296
vn -0.4472 -0.8308 -0.3312
vn -0.3416 -0.9197 -0.1935
vn 0.3145 -0.9470 -0.0656
vn 0.1190 -0.9224 -0.3674
vn 0.5214 -0.8225 -0.2271
vn 0.6800 -0.6799 -0.2746
vn 0.1847 -0.8682 -0.4605
vn 0.9852 0.0712 -0.1561
vn 0.9814 0.1207 0.1490
vn 0.5522 -0.5193 -0.6522
vn -0.0174 0.7826 -0.6223
vn 0.8570 -0.2495 -0.4509
vn 0.8093 -0.2587 -0.5274
vn 0.5340 -0.4783 -0.6972
vn 0.3626 -0.4785 -0.7997
vn 0.6329 0.5095 -0.5830
vn -0.0222 -0.7307 -0.6823
vn 0.4896 0.5654 -0.6638
vn -0.0937 -0.7645 -0.6378
vn -0.1275 0.0677 -0.9895
vn 0.1190 0.5342 -0.8369
vn 0.2958 -0.8838 -0.3624
vn 0.8075 -0.2462 0.5360
vn 0.5364 0.7287 0.4257
vn 0.7142 0.6947 -0.0853
vn 0.9489 0.1931 -0.2495
vn 0.7137 0.6332 -0.2995
vn 0.0730 0.9665 0.2462
vn 0.7082 0.2269 0.6686
vn 0.9415 0.2168 0.2579
vn -0.3709 0.9105 -0.1828
vn 0.4520 0.8761 -0.1676
vn 0.4385 0.8792 -0.1864
vn 0.8823 0.2278 0.4118
vn 0.7221 0.5478 0.4225
vn 0.7056 0.5369 0.4625
vn 0.1793 0.8515 0.4927
vn -0.9827 0.0399 0.1807
vn -0.9101 0.1649 0.3801
vn -0.9819 0.1261 0.1412
vn -0.8101 0.5754 0.1127
vn -0.8778 0.3939 -0.2726
vn -0.8672 0.4416 -0.2303
vn -0.4232 -0.8981 -0.1196
vn -0.2187 -0.9514 -0.2168
vn 0.1260 -0.9900 -0.0642
vn 0.0128 -0.9999 0.0072
vn 0.4664 -0.8838 0.0374
vn 0.4011 -0.9010 -0.1650
vn 0.6896 -0.7011 0.1814
vn 0.7355 -0.6766 0.0340
vn 0.5014 -0.6787 -0.5366
vn 0.8429 -0.4971 -0.2058
vn 0.8445 -0.4783 -0.2411
vn 0.9236 -0.1422 -0.3560
vn 0.5875 -0.6260 -0.5128
vn 0.7270 -0.6509 0.2186
vn -0.0254 -0.9663 -0.2560
vn -0.0281 -0.6859 -0.7271
vn 0.3507 -0.8216 -0.4494
vn 0.5108 -0.5237 -0.6817
vn 0.4298 -0.9029 0.0091
vn -0.0929 -0.6954 -0.7126
vn 0.7632 -0.6053 -0.2263
vn 0.9119 -0.2551 -0.3213
vn 0.3470 -0.4866 -0.8018
vn 0.2370 -0.5473 -0.8026
vn 0.3078 -0.5970 -0.7408
vn 0.1840 0.4335 -0.8822
vn -0.2006 0.1123 -0.9732
vn 0.8430 0.3488 -0.4094
vn 0.2397 0.7972 0.5541
vn -0.4475 0.3032 -0.8413
vn 0.1216 -0.9925 0.0101
vn -0.7704 0.4522 -0.4495
vn 0.3196 0.4406 -0.8389
vn 0.5982 0.4728 -0.6470
vn 0.6596 0.6069 -0.4435
vn 0.7192 0.5441 -0.4322
vn 0.7296 -0.0149 -0.6837
vn 0.6862 -0.5277 -0.5006
vn 0.3869 -0.5485 -0.7412
vn 0.6929 -0.7147 -0.0949
vn 0.8400 -0.5382 -0.0690
vn 0.4012 -0.7131 -0.5749
vn 0.6864 -0.7272 0.0072
vn 0.6794 -0.6766 0.2838
vn 0.7020 -0.6495 0.2923
vn 0.7044 -0.5642 0.4308
vn 0.7950 -0.1815 0.5789
vn -0.1913 0.9108 -0.3659
vn 0.5854 -0.2721 -0.7637
vn 0.8013 0.5922 -0.0853
vn 0.8180 0.5736 -0.0428
vn 0.7867 0.5662 -0.2461
vn 0.6240 0.7595 -0.1838
vn 0.9708 0.2398 0.0093
vn 0.8923 0.4259 -0.1493
vn 0.8343 0.4526 0.3148
vn 0.2961 0.9150 0.2740
vn 0.2298 0.4882 0.8419
vn 0.0877 0.5807 0.8094
vn 0.2459 0.9680 0.0506
vn -0.7347 0.3470 0.5829
vn -0.9914 0.0989 -0.0859
vn -0.8936 0.4097 -0.1832
vn -0.9738 0.0679 -0.2169
vn -0.9108 0.1596 -0.3807
vn -0.8650 -0.1683 -0.4728
vn -0.8642 -0.1697 -0.4736
vn -0.9946 -0.0834 0.0613
vn -0.9761 -0.0337 -0.2146
vn -0.3822 -0.9168 0.1159
vn -0.4173 -0.9063 0.0672
vn -0.2992 -0.9537 -0.0313
vn 0.2038 -0.9203 -0.3339
vn 0.0134 -0.9794 -0.2014
vn 0.2445 -0.9696 0.0083
vn 0.2564 -0.9164 -0.3074
vn 0.7286 -0.6754 0.1140
vn 0.0996 -0.9719 -0.2132
vn 0.2727 -0.9410 -0.2004
vn 0.1456 -0.9470 -0.2864
vn 0.6476 -0.7576 -0.0821
vn 0.9465 -0.2297 -0.2268
vn 0.7045 -0.5852 -0.4014
vn 0.6636 -0.5692 -0.4855
vn 0.3153 -0.8300 -0.4600
vn 0.2678 -0.7615 -0.5902
vn 0.3816 -0.5263 -0.7598
vn 0.1520 -0.5597 -0.8147
vn 0.0238 -0.5448 -0.8382
vn 0.1123 -0.5482 -0.8288
vn 0.5784 -0.3023 -0.7577
vn 0.6326 0.6569 -0.4103
vn -0.1325 0.2428 -0.9610
vn 0.0147 -0.1837 -0.9829
vn 0.0961 0.8427 -0.5297
vn 0.6803 -0.7219 -0.1267
vn 0.8074 -0.5693 0.1550
vn 0.6114 -0.7911 -0.0208
vn 0.6858 -0.7277 0.0075
vn 0.8564 -0.3141 0.4098
vn 0.8729 -0.3113 0.3757
vn 0.7056 0.5542 -0.4416
vn 0.8888 0.3856 0.2476
vn 0.6900 0.7236 0.0155
vn 0.3195 -0.0070 0.9475
vn 0.3770 0.1948 0.9055
vn -0.0478 0.5621 0.8257
vn -0.2470 0.4686 0.8482
vn 0.8286 0.1066 0.5497
vn 0.0926 -0.0727 0.9930
vn 0.4784 0.4987 0.7228
vn 0.5569 0.2292 0.7984
vn 0.8547 0.3233 0.4061
vn 0.9293 0.1281 0.3463
vn 0.0519 0.7245 0.6873
vn 0.6824 0.5956 0.4236
vn 0.7877 0.3650 0.4963
vn 0.7487 0.4092 0.5215
vn 0.2973 0.7254 0.6208
vn 0.0686 0.7703 0.6339
vn 0.0828 0.7875 0.6107
vn 0.4239 0.7933 0.4370
vn 0.4323 0.8730 0.2259
vn 0.2313 0.9404 -0.2491
vn -0.9715 0.2283 0.0640
vn -0.9298 0.3350 -0.1524
vn -0.9467 0.3177 0.0530
vn -0.8501 0.4798 -0.2171
vn -0.9491 0.3113 0.0474
vn -0.9426 0.1967 -0.2698
vn -0.9552 0.2700 -0.1213
vn -0.9461 -0.1404 -0.2917
vn -0.9703 -0.0608 -0.2342
vn -0.8762 -0.2992 -0.3777
vn -0.8714 -0.1307 -0.4728
vn -0.9919 0.1232 0.0298
vn -0.8584 0.3474 -0.3775
vn -0.9452 0.0976 0.3117
vn -0.4076 -0.9105 0.0700
vn -0.2831 -0.9538 -0.1009
vn -0.2775 -0.9554 -0.1012
vn -0.3330 -0.9429 -0.0023
vn -0.2547 -0.9666 -0.0285
vn -0.3464 -0.9265 -0.1471
vn -0.1735 -0.9679 -0.1817
vn 0.2078 -0.9777 0.0313
vn -0.2280 -0.9724 0.0485
vn 0.1424 -0.9816 -0.1276
vn 0.5782 -0.6315 -0.5166
vn 0.6138 -0.7480 -0.2524
vn 0.6479 -0.7435 -0.1658
vn 0.6208 -0.7637 -0.1774
vn 0.6451 -0.7599 -0.0795
vn 0.9698 -0.0106 -0.2437
vn 0.9985 0.0022 -0.0555
vn 0.6523 -0.1786 -0.7366
vn 0.8867 -0.1050 -0.4502
vn 0.9130 -0.2713 -0.3047
vn 0.6255 -0.2962 -0.7218
vn 0.8497 0.0790 -0.5213
vn 0.9085 -0.3972 -0.1298
vn 0.5965 -0.1226 -0.7932
vn 0.3414 -0.7803 -0.5240
vn 0.2346 -0.8161 -0.5282
vn 0.7301 -0.3346 -0.5958
vn 0.5219 -0.1254 -0.8437
vn 0.0919 -0.5986 -0.7958
vn 0.0162 -0.7332 -0.6798
vn -0.1779 0.0304 -0.9836
vn 0.6046 0.1950 -0.7723
vn -0.6152 -0.5251 -0.5880
vn -0.7586 -0.4183 -0.4996
vn -0.0087 0.9218 0.3875
vn 0.7180 0.0295 -0.6954
vn 0.3106 0.5738 -0.7578
vn -0.0535 0.7528 -0.6561
vn 0.3159 0.0610 -0.9468
vn 0.9434 -0.0038 0.3317
vn 0.6442 0.6592 -0.3879
vn 0.3391 0.1234 -0.9326
vn 0.6330 0.6357 -0.4417
vn 0.6092 0.6667 -0.4293
vn 0.1498 0.6903 0.7078
vn 0.7766 -0.3484 -0.5249
vn 0.7280 -0.3242 -0.6041
vn -0.1208 0.7375 -0.6644
vn -0.5197 -0.5331 -0.6676
vn 0.6637 -0.6153 -0.4253
vn 0.3599 -0.8750 -0.3238
vn 0.8280 -0.0990 0.5519
vn 0.8371 0.3299 0.4364
vn 0.6997 -0.6107 -0.3708
vn 0.9590 -0.2822 -0.0268
vn 0.6476 -0.7507 -0.1309
vn 0.7937 -0.5629 0.2307
vn 0.8776 0.3935 0.2738
vn 0.7742 0.6323 -0.0275
vn -0.8166 -0.5662 0.1121
vn 0.8018 0.1687 0.5733
vn 0.3962 0.7061 0.5870
vn -0.4072 0.0159 0.9132
vn -0.3104 -0.9379 0.1552
vn 0.1370 -0.4553 0.8797
vn 0.6878 -0.5944 0.4166
vn 0.9112 0.1969 0.3619
vn 0.9519 0.1987 -0.2333
vn 0.9238 0.2875 -0.2527
vn 0.9543 0.2559 0.1542
vn 0.5242 0.8040 0.2808
vn -0.0717 0.8696 0.4885
vn 0.5929 0.5925 0.5454
vn 0.6668 0.6265 0.4036
vn -0.1056 -0.4878 0.8665
vn 0.3895 0.7215 0.5726
vn 0.1863 0.9792 0.0805
vn 0.1622 0.8333 -0.5285
vn 0.3135 0.9480 -0.0556
vn 0.1326 0.9907 -0.0305
vn -0.0255 0.9281 0.3715
vn -0.0688 0.9192 0.3876
vn -0.1857 0.7293 0.6585
vn -0.5552 0.7293 0.3999
vn -0.6147 0.7213 0.3193
vn -0.7713 0.6277 0.1052
vn -0.9605 0.2576 0.1054
vn -0.9756 0.1991 0.0930
vn -0.7165 0.6855 -0.1297
vn -0.7974 0.6020 0.0407
vn -0.4649 0.8850 0.0240
vn -0.9022 0.4308 0.0229
vn -0.7945 0.4892 -0.3597
vn -0.8627 0.4306 -0.2653
vn -0.8975 0.3224 -0.3010
vn -0.9758 0.1607 0.1482
vn -0.9783 0.1536 0.1392
vn -0.4357 -0.8887 0.1425
vn -0.3808 -0.9247 -0.0028
vn -0.2932 -0.9560 -0.0055
vn -0.4305 -0.8877 -0.1631
vn -0.1596 -0.9771 0.1409
vn 0.4200 -0.9075 -0.0057
vn 0.6204 -0.7532 0.2187
vn 0.5555 -0.8041 0.2119
vn 0.1398 -0.9879 -0.0670
vn 0.5302 -0.8460 -0.0553
vn 0.2443 -0.9689 -0.0392
vn 0.1999 -0.8421 -0.5009
vn 0.9872 0.1002 -0.1238
vn 0.9301 -0.3339 -0.1532
vn 0.9487 -0.2854 0.1364
vn 0.9961 -0.0858 0.0181
vn 0.9943 0.0426 -0.0973
vn 0.3051 -0.2852 -0.9086
vn 0.8808 0.0775 -0.4672
vn 0.9054 -0.0557 -0.4210
vn 0.7857 -0.6006 -0.1480
vn 0.6177 -0.3839 -0.6863
vn 0.9185 -0.2716 -0.2872
vn 0.8631 -0.1038 -0.4943
vn 0.9369 -0.2183 -0.2731
vn 0.7316 -0.0409 -0.6805
vn 0.2636 -0.0678 -0.9623
vn 0.2489 -0.5527 -0.7954
vn 0.5388 -0.5727 -0.6179
vn 0.1873 0.5924 -0.7836
vn 0.3840 0.8770 0.2888
vn 0.0127 0.2584 -0.9660
vn 0.0180 -0.2759 -0.9610
vn 0.3732 0.0066 -0.9277
vn 0.7026 -0.0111 -0.7115
vn 0.7866 0.0854 -0.6116
vn 0.4521 -0.4259 -0.7837
vn -0.0961 0.8140 -0.5728
vn -0.6732 0.7331 0.0972
vn -0.6593 0.4447 -0.6063
vn 0.9774 0.2021 -0.0624
vn 0.1057 0.2134 -0.9712
vn 0.0479 0.7098 0.7028
vn 0.9103 0.4074 0.0737
vn 0.7026 0.2995 0.6455
vn 0.6933 0.7085 -0.1316
vn 0.6254 0.6954 -0.3541
vn -0.5744 -0.7719 -0.2725
vn 0.5872 -0.3032 0.7505
vn 0.9795 0.1619 -0.1198
vn 0.6658 0.5736 0.4772
vn 0.5673 0.5300 0.6303
vn 0.5558 0.6095 0.5653
vn 0.5289 0.7618 0.3740
vn -0.0080 0.9803 0.1973
vn 0.1928 0.9663 -0.1706
vn 0.2238 0.9086 0.3526
vn 0.3032 0.9525 0.0299
vn 0.8701 0.4228 0.2534
vn 0.2906 0.7940 0.5340
vn 0.5843 0.7747 0.2416
vn 0.5827 0.7743 0.2471
vn 0.3005 0.8928 -0.3355
vn -0.5503 0.7514 0.3641
vn -0.6990 0.7114 -0.0724
vn -0.6764 0.7327 -0.0744
vn -0.7186 0.6333 0.2873
vn -0.7027 0.6436 0.3033
vn -0.3819 0.8904 -0.2478
vn -0.4335 0.8707 -0.2322
vn -0.7302 0.6358 -0.2502
vn -0.8945 0.4150 -0.1663
vn -0.4390 -0.8983 0.0182
vn -0.2702 -0.9587 -0.0891
vn -0.3101 -0.8727 -0.3770
vn -0.1989 -0.9671 -0.1587
vn -0.1698 -0.9855 -0.0010
vn 0.4262 -0.9027 -0.0593
vn -0.0524 -0.9326 -0.3570
vn -0.2428 -0.9340 0.2622
vn 0.8095 -0.5842 -0.0589
vn 0.5380 -0.8404 0.0645
vn 0.3872 -0.9086 -0.1564
vn 0.9690 -0.2323 -0.0843
vn 0.9625 -0.1861 -0.1973
vn 0.8114 -0.2769 -0.5147
vn 0.9512 0.0346 -0.3066
vn 0.9518 -0.1918 -0.2393
vn 0.3710 -0.9219 -0.1116
vn -0.0206 -0.8657 -0.5001
vn 0.8642 -0.1931 -0.4646
vn 0.9128 -0.1717 -0.3707
vn 0.9217 0.0342 -0.3864
vn 0.7815 -0.0897 -0.6174
vn 0.7296 0.3422 -0.5921
vn -0.2888 -0.4823 -0.8270
vn 0.9307 0.3620 -0.0524
vn 0.4948 0.0142 -0.8689
vn 0.7020 0.4220 0.5737
vn 0.5873 0.6537 -0.4771
vn -0.2018 -0.4391 -0.8755
vn -0.4076 -0.2384 -0.8815
vn -0.3687 -0.5622 -0.7403
vn -0.6253 -0.4655 -0.6264
vn 0.5291 0.6347 -0.5632
vn 0.5073 0.1285 -0.8522
vn -0.3089 0.9062 0.2888
vn -0.0844 -0.1827 -0.9795
vn 0.6872 0.6360 0.3512
vn -0.4292 -0.2218 0.8755
vn -0.4009 -0.8739 0.2751
vn -0.3889 -0.3704 -0.8435
vn 0.1162 -0.0511 0.9919
vn 0.1142 -0.0167 0.9933
vn -0.7112 -0.6828 0.1674
vn 0.7218 0.6846 -0.1022
vn 0.9565 -0.2898 0.0329
vn 0.6663 0.6577 -0.3515
vn 0.8658 0.4072 -0.2907
vn 0.6985 0.6224 0.3532
vn 0.3812 0.7334 0.5629
vn 0.7407 0.5917 0.3181
vn 0.7051 0.6281 0.3292
vn 0.3691 0.9010 0.2277
vn 0.0979 0.9025 0.4195
vn 0.2557 0.9667 0.0043
vn 0.1490 0.9662 -0.2105
vn -0.1111 0.9933 0.0330
vn -0.0182 0.9115 0.4110
vn -0.0445 0.9149 0.4012
vn 0.0990 0.8680 0.4866
vn -0.2415 0.9663 -0.0887
vn -0.4373 0.8792 -0.1891
vn -0.5284 0.7359 -0.4234
vn -0.8178 0.5580 0.1408
vn -0.8388 0.4883 0.2408
vn -0.4510 0.8059 0.3836
vn -0.5138 0.8385 -0.1811
vn -0.2152 0.6940 -0.6871
vn -0.9686 0.1644 0.1864
vn -0.9687 0.1644 0.1862
vn -0.7433 0.5307 0.4074
vn -0.6270 0.7143 0.3110
vn -0.6277 0.6766 -0.3849
vn 0.0362 0.8360 0.5475
vn -0.7629 0.5552 0.3312
vn -0.9679 0.2514 0.0077
vn -0.8677 0.4772 -0.1389
vn -0.9894 0.1366 0.0490
vn -0.9984 -0.0541 0.0184
vn -0.9947 -0.0858 0.0573
vn -0.8689 0.1055 -0.4836
vn -0.8383 0.5334 -0.1129
vn -0.0922 -0.9953 -0.0290
vn -0.1690 -0.9851 0.0315
vn -0.1873 -0.9807 0.0560
vn -0.2045 -0.9637 -0.1715
vn 0.1703 -0.9563 -0.2376
vn 0.1642 -0.9693 -0.1832
vn 0.8906 -0.4414 -0.1093
vn 0.5167 -0.8386 -0.1728
vn 0.6614 -0.6970 -0.2771
vn 0.7027 -0.6999 -0.1279
vn 0.9505 -0.3106 -0.0070
vn 0.9664 -0.2385 -0.0963
vn 0.9939 0.0670 -0.0876
vn 0.9883 -0.0709 -0.1349
vn 0.8297 -0.0622 -0.5547
vn 0.9119 -0.0722 -0.4039
vn 0.9056 -0.0813 -0.4163
vn 0.9722 -0.0990 -0.2122
vn 0.9716 -0.1129 -0.2081
vn 0.4542 -0.6772 -0.5789
vn -0.9700 0.1108 0.2162
vn 0.9867 0.1612 0.0208
vn 0.8430 0.4352 -0.3161
vn 0.6581 0.2845 -0.6971
vn 0.1367 0.2516 -0.9581
vn 0.3761 0.0643 -0.9243
vn 0.5119 -0.2707 -0.8153
vn 0.3476 -0.1355 -0.9278
vn 0.1822 -0.5141 -0.8381
vn 0.1643 -0.5014 -0.8495
vn -0.0804 -0.3043 -0.9492
vn -0.2317 -0.0939 -0.9682
vn 0.7462 0.4138 -0.5215
vn 0.5623 0.5901 -0.5793
vn -0.1162 -0.3671 -0.9229
vn -0.5844 -0.3490 -0.7325
vn 0.7115 0.6648 -0.2275
vn 0.2428 0.3179 -0.9165
vn 0.4676 0.6046 -0.6449
vn 0.0805 -0.0118 -0.9967
vn -0.0505 -0.6587 0.7507
vn -0.1726 -0.9214 -0.3481
vn -0.1284 0.2517 0.9592
vn 0.4235 0.0673 0.9034
vn 0.1397 -0.0182 0.9900
vn 0.1278 0.1871 0.9740
vn 0.7845 0.2384 0.5725
vn 0.4794 -0.3209 -0.8168
vn 0.5759 -0.2810 -0.7677
vn 0.7246 0.5942 0.3490
vn 0.8821 0.2988 0.3641
vn 0.8559 0.4627 -0.2309
vn 0.2625 0.9580 0.1155
vn 0.2318 0.9660 -0.1144
vn 0.6743 0.6940 0.2524
vn 0.9116 0.3475 0.2195
vn 0.7278 0.5700 0.3812
vn 0.9160 0.2495 0.3142
vn 0.8915 0.2649 0.3674
vn 0.9189 0.3364 0.2060
vn 0.2246 0.9738 0.0360
vn 0.2184 0.9384 0.2677
vn 0.0953 0.9813 0.1672
vn -0.0311 0.9700 -0.2409
vn -0.0448 0.9178 0.3945
vn -0.0379 0.9852 0.1670
vn -0.5202 0.8117 0.2656
vn -0.5296 0.8358 -0.1447
vn -0.3940 0.9100 0.1294
vn -0.3247 0.9416 -0.0897
vn -0.6253 0.7648 -0.1550
vn -0.6002 0.7250 -0.3379
vn -0.8732 0.4873 -0.0058
vn -0.4351 0.8476 0.3038
vn -0.1082 0.9769 0.1843
vn -0.0397 0.9975 0.0592
vn -0.0839 0.9930 -0.0834
vn 0.1146 0.9698 -0.2154
vn 0.0342 0.9849 -0.1694
vn -0.5954 0.6899 -0.4117
vn -0.3058 0.8623 -0.4037
vn -0.5114 0.7147 0.4771
vn -0.5802 0.7125 -0.3946
vn -0.7949 0.5621 -0.2284
vn -0.8456 0.5071 0.1669
vn -0.9047 0.3906 -0.1703
vn -0.9459 0.1702 0.2761
vn -0.9591 0.1469 0.2419
vn -0.9696 0.1544 0.1900
vn -0.9552 0.2847 0.0805
vn -0.9896 0.1353 0.0496
vn 0.4266 0.5665 -0.7051
vn -0.9685 -0.2422 -0.0584
vn -0.9991 -0.0428 0.0017
vn -0.9708 -0.1800 -0.1584
vn 0.9028 0.3826 0.1966
vn -0.9589 -0.2837 -0.0052
vn -0.8532 0.4691 0.2279
vn -0.9583 0.0806 0.2741
vn -0.2239 -0.9528 0.2051
vn -0.1815 -0.9826 0.0387
vn -0.3205 -0.9472 -0.0060
vn -0.3183 -0.9479 -0.0102
vn -0.2771 -0.9544 -0.1109
vn -0.1600 -0.9828 0.0917
vn -0.1117 -0.9937 0.0087
vn -0.0373 -0.9760 0.2145
vn -0.1533 -0.9628 -0.2224
vn -0.1103 -0.8829 0.4565
vn 0.9237 -0.3814 0.0358
vn 0.9308 -0.3522 -0.0978
vn 0.9589 -0.2066 0.1946
vn 0.8981 -0.3341 -0.2860
vn 0.8992 -0.3664 -0.2392
vn 0.9318 -0.3205 -0.1704
vn 0.2101 -0.8048 -0.5551
vn 0.8044 0.2005 -0.5592
vn 0.9368 -0.0717 -0.3424
vn 0.8384 -0.1422 -0.5262
vn 0.8506 0.3831 -0.3601
vn 0.9220 -0.0180 -0.3868
vn 0.9354 -0.2413 -0.2586
vn 0.8258 -0.2842 -0.4872
vn 0.9772 0.1502 -0.1498
vn 0.9454 0.0983 -0.3106
vn 0.6348 0.3042 -0.7103
vn -0.0766 -0.3411 -0.9369
vn 0.0460 0.0816 0.9956
vn 0.0540 0.0026 -0.9985
vn 0.0938 -0.0547 -0.9941
vn -0.1597 -0.1299 -0.9786
vn -0.1126 -0.0030 -0.9936
vn -0.1325 0.0276 -0.9908
vn 0.7149 0.6619 -0.2254
vn 0.8876 0.2870 -0.3603
vn -0.8199 0.4344 -0.3729
vn 0.2165 0.2502 -0.9437
vn -0.0259 -0.8855 0.4640
vn 0.9617 -0.0992 -0.2554
vn -0.4147 -0.5714 0.7082
vn 0.4059 -0.0093 0.9139
vn -0.0354 -0.8462 0.5317
vn 0.2268 -0.0885 0.9699
vn -0.0352 -0.1743 0.9841
vn 0.2789 -0.0076 0.9603
vn -0.5408 0.7034 0.4613
vn 0.2773 -0.7409 -0.6116
vn 0.4157 -0.6300 -0.6560
vn 0.8247 0.1373 -0.5486
vn 0.7019 -0.7048 0.1030
vn 0.6663 0.3856 0.6382
vn 0.5500 0.6292 0.5492
vn 0.9254 0.3786 -0.0181
vn 0.5508 0.8249 0.1270
vn 0.5751 0.7774 -0.2547
vn 0.8803 0.4722 0.0465
vn 0.7617 0.5937 0.2595
vn 0.8405 0.3256 0.4330
vn 0.8243 0.3840 0.4161
vn 0.9143 0.3409 0.2185
vn 0.0204 0.9995 0.0233
vn 0.2658 0.9561 0.1236
vn 0.1136 0.9223 0.3693
vn -0.3177 0.8653 0.3876
vn 0.5312 0.8242 -0.1963
vn -0.2199 0.9720 -0.0828
vn -0.2466 0.9630 -0.1087
vn -0.7367 0.6551 -0.1675
vn -0.6857 0.7204 0.1041
vn -0.5049 0.8619 -0.0471
vn -0.5568 0.8127 0.1717
vn 0.0868 0.9951 -0.0482
vn -0.3328 0.7646 -0.5520
vn -0.8000 0.3433 -0.4921
vn -0.8272 0.3284 -0.4560
vn -0.9482 0.1772 -0.2635
vn -0.9906 0.0692 0.1177
vn -0.9647 0.0527 0.2579
vn 0.8745 0.3685 0.3154
vn -0.9731 -0.2302 -0.0032
vn -0.2565 -0.9644 0.0648
vn -0.1571 -0.9752 -0.1558
vn -0.2297 -0.9678 -0.1031
vn 0.0609 -0.9977 -0.0284
vn -0.0681 -0.9962 0.0534
vn -0.3361 -0.8876 -0.3150
vn -0.1637 -0.8386 -0.5196
vn -0.1967 -0.9667 -0.1636
vn 0.0466 -0.9578 -0.2836
vn 0.5645 -0.7800 -0.2699
vn 0.0793 -0.9749 -0.2079
vn 0.1359 -0.9815 -0.1346
vn 0.8149 -0.5362 -0.2200
vn 0.9124 -0.2916 -0.2874
vn 0.9629 -0.0389 0.2672
vn 0.1611 -0.9765 -0.1431
vn 0.9511 -0.3037 -0.0560
vn 0.8512 -0.4627 -0.2479
vn 0.9384 -0.3126 -0.1471
vn 0.9972 0.0733 -0.0151
vn 0.9303 -0.3036 0.2059
vn 0.4348 -0.8557 -0.2806
vn 0.9737 -0.1443 -0.1764
vn 0.8599 -0.1781 -0.4784
vn 0.9986 0.0113 -0.0511
vn 0.8746 0.4374 -0.2091
vn 0.9038 0.3912 0.1733
vn 0.8981 0.4133 0.1501
vn 0.6801 0.7092 -0.1857
vn 0.9077 0.3699 -0.1983
vn 0.6818 0.2076 -0.7015
vn 0.8387 -0.1068 -0.5340
vn 0.4449 -0.4162 -0.7930
vn 0.1727 -0.2969 -0.9392
vn 0.0110 -0.1673 -0.9859
vn 0.0155 -0.1522 -0.9882
vn 0.0450 -0.0405 -0.9982
vn 0.0626 -0.0614 -0.9962
vn -0.0641 0.1222 -0.9904
vn 0.0936 0.0750 -0.9928
vn -0.1436 -0.3521 -0.9249
vn -0.2447 -0.9497 0.1954
vn 0.8204 0.4264 -0.3810
vn 0.2075 0.9755 -0.0734
vn 0.0639 0.1684 -0.9837
vn 0.5545 0.1164 -0.8240
vn -0.4457 -0.7706 -0.4556
vn 0.6628 -0.0703 0.7455
vn 0.0569 0.0539 0.9969
vn 0.0589 0.0376 0.9976
vn 0.1973 0.0530 0.9789
vn 0.4416 -0.2021 0.8742
vn 0.3354 0.3131 0.8885
vn 0.1147 -0.0523 0.9920
vn -0.0973 0.0134 0.9952
vn -0.6934 -0.6823 0.2317
vn 0.6143 0.6777 0.4043
vn 0.7471 -0.0529 0.6626
vn 0.5398 0.8397 -0.0588
vn 0.7683 0.6394 -0.0303
vn 0.9231 0.3588 0.1384
vn 0.8643 0.4064 0.2965
vn 0.4217 0.8617 -0.2821
vn 0.1098 0.9936 0.0259
vn 0.5950 0.7019 0.3916
vn 0.1315 0.9785 -0.1589
vn -0.2285 0.9732 0.0257
vn -0.2119 0.8581 0.4678
vn -0.1355 0.8591 0.4936
vn -0.1771 0.6001 0.7801
vn -0.3621 0.9244 -0.1196
vn -0.5775 0.8074 -0.1210
vn -0.6874 0.6948 -0.2117
vn -0.1174 0.9832 0.1396
vn -0.0088 0.9983 0.0570
vn -0.0028 0.9730 0.2307
vn -0.3293 0.8157 -0.4757
vn -0.3839 0.7496 -0.5392
vn -0.6952 0.6545 -0.2972
vn -0.6919 0.6602 -0.2923
vn -0.9167 0.1559 -0.3680
vn -0.7659 0.4367 -0.4719
vn -0.8113 0.4758 -0.3396
vn -0.6852 0.5510 -0.4764
vn -0.7912 0.3315 -0.5139
vn -0.9962 -0.0155 -0.0858
vn -0.9904 -0.0153 -0.1377
vn -0.9908 -0.0738 -0.1132
vn -0.9737 -0.1786 0.1414
vn -0.9985 -0.0499 0.0227
vn -0.9918 -0.1241 0.0299
vn -0.9663 -0.2551 -0.0333
vn -0.9421 0.0544 0.3310
vn -0.9244 0.3669 0.1040
vn -0.7264 -0.6298 0.2752
vn -0.2651 -0.9161 -0.3007
vn -0.2570 -0.9467 -0.1942
vn -0.2286 -0.9574 -0.1762
vn -0.1473 -0.9651 -0.2164
vn -0.2933 -0.9529 0.0765
vn -0.3843 -0.9217 -0.0520
vn -0.4843 -0.8028 -0.3477
vn -0.4127 -0.7805 -0.4696
vn -0.3342 -0.8747 -0.3509
vn -0.1989 -0.9284 -0.3138
vn -0.2361 -0.9510 -0.1997
vn 0.0368 -0.9723 -0.2309
vn 0.3666 -0.7858 -0.4981
vn 0.4492 -0.7445 -0.4939
vn 0.2750 -0.9581 -0.0799
vn 0.5137 -0.8393 -0.1778
vn 0.6418 0.7298 -0.2357
vn 0.6182 -0.7789 0.1053
vn 0.3810 -0.1383 0.9142
vn 0.9258 -0.3504 -0.1419
vn 0.9017 -0.4161 -0.1174
vn 0.9836 0.0850 -0.1588
vn 0.7173 -0.2977 -0.6299
vn 0.9613 -0.0728 -0.2657
vn 0.9255 0.2899 -0.2438
vn 0.9032 0.3596 -0.2344
vn 0.8359 0.4927 -0.2418
vn 0.7559 0.6108 -0.2357
vn 0.8612 0.5070 -0.0356
vn 0.9811 0.1333 -0.1405
vn 0.8210 0.5678 0.0593
vn 0.8182 0.5165 0.2525
vn 0.7945 0.3810 0.4729
vn 0.4720 0.6059 -0.6404
vn 0.3600 0.1895 -0.9135
vn -0.0387 -0.0650 -0.9971
vn -0.2378 -0.3640 -0.9005
vn -0.2189 -0.0945 -0.9712
vn 0.7082 0.4718 -0.5252
vn -0.2474 -0.5428 -0.8026
vn 0.9746 0.1950 -0.1099
vn 0.8372 -0.1276 0.5319
vn 0.0081 0.0968 -0.9953
vn 0.6845 -0.6295 -0.3676
vn 0.8352 0.2380 0.4958
vn 0.5375 0.8395 0.0790
vn 0.0796 0.4828 0.8721
vn 0.9715 -0.0699 0.2266
vn -0.4926 -0.4255 0.7591
vn 0.0037 0.4220 0.9066
vn 0.0706 0.0409 0.9967
vn -0.4597 -0.7572 -0.4641
vn 0.8999 0.4223 0.1085
vn 0.1270 0.9832 0.1310
vn -0.0370 0.9101 0.4128
vn -0.1333 0.8298 0.5419
vn 0.3797 0.9235 -0.0547
vn -0.1421 0.8883 0.4368
vn 0.2165 0.8992 0.3801
vn -0.1549 0.9709 0.1829
vn 0.0302 0.9841 0.1753
vn -0.2401 0.9665 -0.0907
vn -0.2745 0.9337 -0.2301
vn -0.2588 0.9440 -0.2049
vn -0.2391 0.9396 -0.2447
vn -0.1191 0.9831 0.1388
vn 0.0418 0.9672 -0.2504
vn -0.1708 0.8748 -0.4534
vn 0.1413 0.9454 -0.2938
vn -0.3867 0.7541 -0.5309
vn -0.3135 0.8909 -0.3286
vn -0.9126 -0.0666 -0.4034
vn -0.9131 0.1356 -0.3845
vn -0.9913 -0.0738 -0.1088
vn -0.9967 -0.0799 0.0119
vn -0.9734 -0.2274 -0.0263
vn -0.9922 0.0392 0.1179
vn -0.8964 0.2931 0.3324
vn -0.9211 0.2789 0.2715
vn -0.4543 -0.8906 -0.0206
vn -0.3689 -0.9227 -0.1121
vn -0.4647 -0.5949 -0.6559
vn -0.6060 -0.7771 -0.1699
vn -0.3063 -0.8964 -0.3202
vn 0.5727 -0.7641 -0.2968
vn 0.0148 -0.8916 -0.4526
vn 0.4401 -0.8455 -0.3024
vn 0.0579 -0.9884 -0.1402
vn 0.6167 -0.7181 -0.3225
vn 0.6182 -0.6953 -0.3667
vn 0.6479 -0.6192 -0.4437
vn 0.6616 -0.7279 -0.1803
vn 0.3565 -0.8641 0.3553
vn 0.8134 0.1775 0.5539
vn 0.5742 0.2250 -0.7872
vn 0.7677 -0.4466 -0.4596
vn 0.6029 -0.7862 -0.1356
vn 0.2760 -0.6836 -0.6756
vn 0.9233 0.2648 -0.2782
vn 0.9246 0.1984 -0.3252
vn 0.9513 0.2722 -0.1449
vn 0.9595 0.2557 -0.1182
vn 0.9585 0.2291 -0.1696
vn 0.8244 0.3922 -0.4081
vn 0.8170 0.4141 -0.4014
vn 0.8574 0.4278 0.2862
vn 0.7473 0.5259 0.4060
vn 0.5665 0.7255 -0.3908
vn 0.2066 -0.0573 -0.9767
vn 0.1394 -0.0405 -0.9894
vn 0.7839 0.3221 -0.5308
vn 0.5447 0.7521 -0.3710
vn 0.9836 -0.1454 0.1063
vn 0.1078 0.8848 0.4533
vn 0.8120 -0.4630 0.3553
vn 0.4126 -0.3549 0.8389
vn 0.2231 0.9733 -0.0543
vn 0.6801 0.5822 -0.4455
vn 0.3116 -0.5582 -0.7690
vn 0.4976 -0.0169 -0.8672
vn -0.2445 0.1301 -0.9609
vn 0.3418 0.4052 -0.8479
vn 0.7806 0.0657 -0.6216
vn 0.6130 0.7811 -0.1189
vn 0.8989 0.2934 -0.3255
vn 0.9442 0.3292 0.0123
vn -0.9835 0.0800 0.1625
vn 0.4665 0.4265 0.7749
vn 0.8578 0.5072 -0.0834
vn 0.5581 0.7512 -0.3525
vn 0.9681 0.1442 -0.2050
vn 0.9874 0.0065 -0.1583
vn 0.9923 0.1176 -0.0385
vn 0.0630 0.9754 0.2111
vn 0.0886 0.9794 0.1814
vn 0.2147 0.8172 0.5348
vn 0.0612 0.9691 0.2388
vn -0.2159 0.8430 0.4926
vn -0.2689 0.9504 -0.1564
vn -0.3611 0.8940 -0.2653
vn 0.0576 0.9758 -0.2107
vn 0.0632 0.9555 -0.2881
vn -0.0637 0.8533 -0.5176
vn -0.1138 0.8943 -0.4328
vn -0.6490 0.7573 -0.0727
vn -0.5874 0.8088 0.0266
vn -0.8804 0.4705 -0.0603
vn -0.8519 0.4944 -0.1724
vn -0.9590 -0.2833 0.0025
vn -0.9662 0.2142 -0.1435
vn -0.9837 0.0414 0.1751
vn -0.9761 0.0320 0.2152
vn -0.1541 -0.9880 -0.0068
vn -0.2508 -0.9637 -0.0920
vn 0.3715 -0.7672 -0.5228
vn 0.5213 -0.7100 -0.4735
vn 0.6920 -0.6052 -0.3934
vn 0.8827 -0.3899 -0.2623
vn 0.8426 -0.2924 -0.4523
vn 0.9258 -0.3224 -0.1974
vn 0.9882 0.1067 0.1099
vn 0.9771 0.1821 0.1104
vn 0.7993 -0.2620 0.5407
vn 0.9994 -0.0243 -0.0239
vn 0.8630 -0.3648 0.3495
vn 0.5929 -0.6034 -0.5333
vn 0.9820 0.1891 -0.0018
vn 0.9328 0.3238 -0.1583
vn 0.9138 0.3914 -0.1085
vn 0.5597 0.6031 0.5683
vn 0.8252 0.5160 -0.2297
vn 0.7565 0.5688 -0.3228
vn 0.7545 0.5747 -0.3168
vn 0.8111 0.5356 -0.2352
vn 0.7933 0.5708 0.2118
vn 0.6352 0.6967 -0.3334
vn 0.4474 0.6344 -0.6303
vn 0.7653 0.6272 0.1447
vn 0.8483 0.0467 -0.5275
vn 0.2267 -0.0671 -0.9717
vn 0.0794 0.0253 -0.9965
vn 0.5012 0.5187 -0.6926
vn 0.3904 0.1330 -0.9110
vn 0.7390 0.5284 -0.4180
vn 0.6514 0.3413 -0.6776
vn 0.6514 -0.0102 -0.7586
vn 0.0974 0.0512 -0.9939
vn 0.9646 -0.2626 0.0240
vn -0.8106 -0.5409 0.2242
vn -0.9169 -0.3978 0.0332
vn 0.7998 0.5728 -0.1798
vn 0.7846 0.3557 -0.5078
vn 0.7700 0.4645 -0.4374
vn 0.8418 0.4451 0.3054
vn 0.7914 0.5469 0.2731
vn 0.9847 0.0092 -0.1740
vn 0.9105 0.4129 0.0237
vn 0.6622 0.5965 0.4535
vn 0.7790 0.6117 -0.1378
vn 0.6694 0.4584 0.5846
vn 0.9986 0.0244 -0.0467
vn 0.6788 0.2857 0.6764
vn 0.6445 0.3985 0.6526
vn 0.9939 0.1091 0.0165
vn 0.1811 0.8414 -0.5091
vn 0.5713 0.6674 -0.4776
vn 0.6598 0.6576 -0.3637
vn 0.4857 0.8679 0.1041
vn 0.1783 0.8906 0.4183
vn 0.2109 0.8784 0.4289
vn -0.1876 0.9429 0.2750
vn -0.1365 0.8641 0.4844
vn 0.0381 0.9908 0.1301
vn 0.0092 0.9973 -0.0727
vn -0.2197 0.9708 0.0968
vn -0.1675 0.9859 -0.0058
vn -0.2235 0.9705 -0.0909
vn 0.0506 0.9942 -0.0953
vn 0.1167 0.9931 -0.0072
vn 0.1531 0.9843 0.0883
vn 0.2207 0.9745 -0.0393
vn 0.1340 0.9847 -0.1117
vn 0.1465 0.9114 -0.3846
vn -0.0562 0.9347 -0.3510
vn -0.0995 -0.5824 -0.8068
vn -0.8618 0.3716 -0.3454
vn -0.9153 0.3491 -0.2008
vn -0.9175 0.1461 -0.3700
vn -0.9083 0.1398 -0.3942
vn -0.9485 0.1141 -0.2956
vn -0.9982 -0.0600 -0.0030
vn -0.9918 -0.0784 0.1011
vn -0.9702 -0.2423 -0.0073
vn -0.9608 -0.2347 0.1477
vn -0.4191 -0.8279 -0.3727
vn -0.4890 -0.8683 -0.0831
vn -0.6273 -0.7148 -0.3091
vn -0.6959 -0.5619 -0.4472
vn -0.7222 -0.4965 -0.4816
vn -0.4000 -0.7482 -0.5293
vn -0.4740 -0.6930 -0.5432
vn -0.3843 -0.8680 -0.3145
vn -0.0393 -0.8375 -0.5451
vn 0.1795 -0.8938 -0.4111
vn 0.7808 -0.3347 -0.5276
vn 0.8774 -0.2219 -0.4254
vn 0.9662 -0.1259 -0.2248
vn 0.5231 -0.0197 -0.8521
vn 0.9252 -0.2092 -0.3168
vn 0.9579 -0.0458 -0.2836
vn 0.9425 0.1792 -0.2820
vn 0.8721 0.3445 -0.3476
vn 0.9791 -0.1932 -0.0640
vn -0.5234 -0.7290 -0.4411
vn 0.9808 0.1603 0.1114
vn 0.9452 0.1876 -0.2672
vn 0.9727 0.0625 -0.2237
vn 0.4971 0.8479 -0.1843
vn 0.6284 0.3723 -0.6831
vn 0.5129 0.4421 -0.7359
vn 0.4007 0.0395 -0.9153
vn 0.2158 0.1070 -0.9706
vn 0.7047 0.4775 -0.5247
vn 0.4677 0.5557 -0.6873
vn 0.5361 0.8171 0.2121
vn 0.7420 0.5247 -0.4172
vn 0.8603 0.5023 -0.0865
vn 0.7563 -0.1699 0.6318
vn 0.8483 0.1238 0.5149
vn -0.2627 -0.8326 -0.4877
vn -0.9013 -0.4322 0.0308
vn -0.2265 0.1527 -0.9620
vn -0.1861 -0.0322 -0.9820
vn 0.5959 0.7212 -0.3532
vn 0.6698 0.3571 -0.6510
vn 0.8108 0.4124 -0.4154
vn 0.7336 0.6639 -0.1448
vn 0.7507 0.4134 0.5153
vn 0.8110 0.5780 -0.0903
vn 0.5040 0.7541 -0.4211
vn 0.2400 0.8638 -0.4430
vn 0.6250 0.5145 -0.5871
vn 0.8324 0.5533 0.0324
vn 0.8737 0.3457 -0.3422
vn 0.8355 0.4260 -0.3470
vn 0.9295 0.3671 0.0343
vn 0.9447 -0.1005 -0.3123
vn 0.9796 -0.1446 -0.1397
vn 0.1110 0.9871 0.1154
vn 0.1851 0.8629 0.4703
vn -0.1393 0.8666 0.4792
vn -0.2081 0.9341 -0.2900
vn -0.1826 0.9191 -0.3492
vn -0.0386 0.9142 -0.4034
vn 0.1299 0.9909 -0.0346
vn 0.2041 0.9745 0.0936
vn 0.2440 0.9690 0.0389
vn 0.0752 0.9592 -0.2727
vn 0.2249 0.9639 -0.1427
vn 0.2337 0.9653 -0.1163
vn -0.3312 0.8943 -0.3009
vn -0.1082 0.9801 0.1662
vn -0.9594 0.1816 -0.2158
vn -0.9953 -0.0401 -0.0885
vn -0.9937 0.0145 -0.1108
vn -0.9981 -0.0119 0.0604
vn -0.8484 -0.1775 -0.4988
vn -0.8372 -0.3168 -0.4457
vn -0.8384 -0.5193 -0.1656
vn -0.4209 -0.8138 -0.4008
vn -0.4134 -0.6155 -0.6710
vn -0.1306 -0.9605 -0.2457
vn -0.0741 -0.8973 -0.4352
vn 0.1771 -0.9098 -0.3753
vn 0.0318 -0.8697 -0.4926
vn 0.5544 -0.6884 -0.4677
vn 0.5464 -0.6293 -0.5526
vn 0.9371 -0.1201 -0.3277
vn 0.8683 -0.3587 -0.3427
vn 0.9459 -0.1367 -0.2942
vn 0.9019 0.0943 -0.4215
vn 0.8367 0.0749 -0.5425
vn 0.9791 -0.0400 -0.1995
vn 0.8902 0.3143 -0.3297
vn 0.8270 0.5614 0.0316
vn 0.3541 0.8945 -0.2727
vn 0.4372 0.6358 -0.6361
vn 0.5169 0.7733 0.3672
vn 0.5584 0.8230 -0.1043
vn 0.6710 0.5550 -0.4917
vn 0.5776 0.6163 -0.5353
vn 0.8513 0.2619 0.4546
vn 0.7448 0.5404 -0.3915
vn 0.7288 0.6673 0.1533
vn 0.7887 0.4511 0.4178
vn 0.7110 0.5274 0.4651
vn 0.6677 0.4216 0.6135
vn 0.9502 0.0162 0.3111
vn 0.5079 -0.7463 0.4303
vn 0.9524 -0.2602 0.1592
vn 0.2675 -0.7007 0.6614
vn 0.2775 -0.6418 0.7149
vn -0.3864 -0.9175 0.0939
vn 0.6066 0.7526 -0.2564
vn 0.3553 -0.2071 0.9115
vn 0.1441 -0.3567 0.9230
vn 0.2016 -0.0708 0.9769
vn 0.9599 0.0507 -0.2758
vn 0.7670 0.4866 -0.4183
vn 0.6340 -0.4155 -0.6522
vn 0.6965 0.6194 0.3622
vn 0.8286 0.5053 -0.2409
vn 0.7234 0.6842 -0.0923
vn 0.3964 0.6176 -0.6793
vn 0.8260 0.5624 -0.0370
vn 0.2419 0.9677 0.0712
vn 0.5656 0.8214 -0.0735
vn 0.0895 0.9893 0.1155
vn 0.2152 0.9613 0.1720
vn 0.3937 0.8259 0.4035
vn 0.4683 0.8228 0.3219
vn 0.0201 0.8653 0.5008
vn 0.0398 0.9109 0.4108
vn 0.0574 0.8709 0.4881
vn -0.2131 0.9762 -0.0415
vn -0.1663 0.9604 -0.2234
vn -0.1252 0.8779 -0.4621
vn 0.4621 0.8861 -0.0357
vn 0.1256 0.9709 -0.2037
vn 0.0855 0.9403 -0.3295
vn -0.1515 0.1759 -0.9727
vn -0.3872 -0.6454 -0.6585
vn -0.9151 0.0582 -0.3991
vn -0.9625 -0.0940 -0.2544
vn -0.9954 -0.0409 -0.0869
vn -0.9589 0.0226 -0.2828
vn -0.8837 -0.2612 -0.3885
vn -0.5751 -0.6803 -0.4544
vn -0.5684 -0.7287 -0.3821
vn -0.4551 -0.7347 -0.5032
vn -0.3164 -0.7636 -0.5629
vn -0.3034 -0.7726 -0.5578
vn 0.5649 -0.6638 -0.4902
vn -0.0244 -0.7835 -0.6210
vn -0.2213 -0.8447 -0.4873
vn 0.4718 -0.6939 -0.5440
vn -0.7197 0.5434 0.4321
vn 0.8677 -0.1917 -0.4586
vn 0.5943 -0.5906 -0.5459
vn 0.7387 -0.0747 -0.6699
vn 0.6579 -0.3549 -0.6642
vn 0.8594 0.2562 -0.4425
vn 0.8191 0.4923 -0.2945
vn 0.7836 0.4110 -0.4658
vn 0.9877 0.0802 -0.1343
vn 0.9425 -0.0063 -0.3342
vn 0.9723 -0.2049 -0.1121
vn 0.9838 0.0994 0.1492
vn 0.9832 0.1825 0.0015
vn 0.9522 0.2764 -0.1301
vn 0.9702 0.0639 -0.2339
vn 0.9834 0.1263 -0.1300
vn 0.9728 0.2318 -0.0061
vn 0.9774 0.2116 -0.0011
vn 0.8520 0.4449 -0.2758
vn 0.8979 0.4120 -0.1550
vn 0.9914 -0.0581 0.1170
vn 0.4725 0.7947 0.3810
vn 0.6033 0.7891 -0.1159
vn 0.7000 0.6633 -0.2645
vn 0.6959 0.6680 -0.2635
vn 0.6166 0.7150 -0.3297
vn 0.5304 0.6662 -0.5242
vn 0.7529 0.6358 0.1702
vn 0.2724 -0.0533 0.9607
vn 0.2243 -0.2871 0.9313
vn 0.2760 -0.3442 0.8974
vn 0.6365 -0.2108 0.7419
vn 0.5284 -0.1164 0.8410
vn 0.1766 -0.4919 0.8526
vn 0.1334 -0.2307 0.9638
vn 0.3515 -0.3624 0.8632
vn 0.6624 0.3628 -0.6555
vn 0.6134 -0.0223 -0.7895
vn 0.6981 0.7089 -0.1006
vn 0.6223 0.7769 -0.0955
vn 0.8295 0.4176 -0.3707
vn 0.9983 0.0504 0.0304
vn 0.3946 0.8199 0.4147
vn 0.1741 0.8905 0.4203
vn 0.1584 0.8035 0.5739
vn 0.1822 0.9348 0.3048
vn -0.1874 0.9415 0.2800
vn 0.2346 0.9721 -0.0003
vn 0.4104 0.8808 -0.2362
vn 0.2250 0.9743 -0.0113
vn 0.1312 0.9337 -0.3331
vn -0.0347 0.9422 -0.3333
vn -0.1168 0.9238 -0.3646
vn -0.1548 0.9271 -0.3414
vn -0.1515 0.9429 -0.2967
vn -0.1743 0.9325 -0.3163
vn -0.5448 0.8383 0.0203
vn -0.4385 0.1870 -0.8791
vn -0.9615 0.1899 -0.1985
vn 0.9601 0.0310 0.2778
vn -0.9463 0.0320 -0.3218
vn -0.9997 0.0073 0.0254
vn -0.9732 -0.0515 0.2241
vn -0.9813 -0.0755 0.1770
vn -0.8923 0.4436 -0.0834
vn -0.5543 -0.7486 -0.3639
vn -0.4763 -0.7412 -0.4730
vn 0.0407 -0.9564 -0.2892
vn 0.4511 -0.3816 -0.8068
vn 0.2119 -0.9014 -0.3775
vn 0.4446 -0.6657 -0.5993
vn 0.5499 -0.5797 -0.6013
vn 0.5759 -0.5766 -0.5796
vn 0.8631 -0.0128 -0.5048
vn 0.6382 -0.3213 -0.6996
vn 0.4638 0.8402 -0.2811
vn 0.7263 0.4409 -0.5273
vn 0.4134 0.6584 -0.6289
vn 0.8641 0.3789 -0.3315
vn 0.9626 0.2433 -0.1192
vn 0.9885 0.0764 -0.1306
vn 0.9749 0.0467 -0.2178
vn 0.9789 0.1749 -0.1060
vn 0.9717 0.2287 -0.0589
vn 0.9775 0.2079 -0.0357
vn 0.8895 0.4463 -0.0980
vn 0.9545 0.2845 -0.0893
vn 0.9072 0.3915 -0.1538
vn 0.8786 0.4179 -0.2311
vn 0.7741 0.4871 -0.4044
vn 0.8478 0.5273 -0.0564
vn 0.9068 0.3427 0.2453
vn 0.8923 0.4485 0.0527
vn 0.8194 0.1642 0.5492
vn 0.9548 0.2772 0.1070
vn 0.8993 0.3424 0.2720
vn -0.7817 -0.6221 -0.0443
vn 0.7689 0.5709 0.2881
vn 0.8509 0.4274 0.3056
vn 0.8851 0.4642 0.0349
vn 0.8440 0.5295 0.0857
vn 0.7394 0.6557 0.1527
vn 0.5815 0.7892 -0.1977
vn 0.4592 0.8832 -0.0950
vn 0.5243 0.8001 -0.2915
vn 0.7597 0.6154 0.2099
vn 0.4982 0.7586 0.4199
vn 0.8224 0.4739 0.3148
vn 0.6363 0.7348 0.2348
vn 0.3068 0.2752 0.9111
vn 0.1963 0.0669 0.9783
vn 0.0613 -0.5174 0.8535
vn 0.2779 -0.6446 0.7122
vn 0.1060 -0.3154 0.9430
vn 0.2416 -0.0373 0.9697
vn 0.5746 0.4547 -0.6805
vn 0.6521 0.4154 -0.6342
vn 0.8429 0.5345 0.0624
vn 0.4139 0.8946 -0.1688
vn 0.2800 0.9502 0.1368
vn 0.8368 0.4027 -0.3709
vn 0.9776 0.1285 -0.1667
vn 0.9949 0.0554 0.0848
vn 0.5588 0.3582 0.7480
vn 0.7725 0.4989 0.3928
vn 0.9999 -0.0078 0.0124
vn -0.9936 -0.0070 -0.1132
vn 0.9922 0.1244 0.0112
vn 0.5994 0.5131 0.6143
vn 0.6549 0.6995 0.2859
vn 0.6250 0.6887 0.3674
vn 0.2179 0.9427 0.2527
vn 0.3722 0.8149 0.4442
vn -0.0970 0.8455 0.5251
vn -0.2062 0.9324 0.2969
vn -0.1919 0.9796 -0.0592
vn -0.5001 0.8452 0.1886
vn -0.4344 0.8964 -0.0874
vn -0.1848 0.9184 -0.3499
vn 0.3306 0.9384 -0.1003
vn 0.1960 0.9469 -0.2547
vn 0.0972 0.9635 -0.2496
vn -0.0347 0.9393 -0.3414
vn -0.1081 0.9494 -0.2949
vn -0.5709 0.4199 -0.7056
vn 0.7699 -0.4496 -0.4528
vn 0.1639 0.9545 -0.2490
vn -0.9741 0.2259 0.0084
vn -0.9622 -0.0438 -0.2687
vn -0.9656 -0.2492 -0.0738
vn -0.9551 -0.2962 -0.0051
vn -0.9990 0.0063 -0.0435
vn -0.9963 0.0663 0.0539
vn -0.9201 0.2851 0.2685
vn -0.9271 0.1906 -0.3227
vn -0.9280 -0.0625 -0.3673
vn -0.8491 -0.3677 -0.3793
vn 0.4805 -0.6583 -0.5795
vn 0.4600 -0.2101 -0.8627
vn 0.5514 -0.3474 -0.7584
vn 0.9528 -0.1493 -0.2643
vn 0.8910 0.2312 -0.3907
vn 0.8837 0.3089 -0.3517
vn 0.3237 0.7754 -0.5423
vn 0.9945 0.0301 0.1008
vn 0.9950 0.0413 -0.0910
vn 0.9861 0.1538 0.0629
vn 0.9166 0.3072 -0.2558
vn 0.8811 0.4112 -0.2334
vn 0.8833 0.4150 -0.2180
vn 0.8262 0.5418 -0.1543
vn 0.9869 0.0832 0.1381
vn 0.9310 0.3267 0.1630
vn 0.7200 0.6721 -0.1732
vn 0.7561 0.6065 0.2459
vn 0.2389 0.9342 0.2651
vn 0.2198 0.9441 0.2457
vn 0.9211 0.3015 -0.2462
vn 0.9989 0.0341 0.0335
vn 0.9985 -0.0108 0.0530
vn 0.9963 -0.0659 0.0546
vn 0.4466 0.7672 0.4603
vn 0.2932 0.8866 0.3576
vn 0.1247 0.8876 0.4433
vn 0.2284 0.7516 0.6188
vn 0.2244 0.8883 0.4007
vn -0.3327 0.9225 0.1956
vn 0.0090 0.9610 0.2764
vn -0.4978 0.8475 -0.1840
vn -0.5117 0.8483 -0.1359
vn -0.2024 0.9600 -0.1935
vn -0.5418 0.8212 -0.1793
vn -0.3097 0.7145 -0.6273
vn 0.2653 0.9638 -0.0278
vn 0.0989 0.9650 -0.2430
vn -0.0457 0.9980 0.0435
vn 0.1494 0.9138 -0.3778
vn -0.1082 0.9444 -0.3104
vn -0.1826 0.8699 -0.4581
vn 0.0096 0.6368 0.7710
vn -0.8151 0.5793 -0.0072
vn -0.9584 0.2850 -0.0163
vn -0.9509 0.2318 -0.2049
vn -0.9875 0.1161 -0.1063
vn -0.9852 0.1038 -0.1361
vn -0.9723 0.0982 -0.2122
vn -0.9632 0.0474 -0.2644
vn -0.9707 0.0532 -0.2345
vn -0.9549 -0.2969 -0.0087
vn -0.9917 0.1107 -0.0652
vn -0.9021 -0.1267 -0.4126
vn -0.4508 -0.7570 -0.4729
vn -0.7999 -0.3831 -0.4618
vn -0.3115 -0.9204 -0.2361
vn -0.4125 -0.8155 -0.4061
vn -0.1513 -0.9494 -0.2754
vn 0.4391 -0.3852 -0.8117
vn 0.5688 -0.5732 -0.5898
vn 0.3738 -0.5772 -0.7261
vn 0.4758 -0.4778 -0.7385
vn 0.4794 -0.4781 -0.7360
vn 0.9575 -0.2612 -0.1225
vn 0.9540 -0.0050 -0.2996
vn 0.6986 0.1582 -0.6978
vn -0.8098 -0.3631 0.4609
vn 0.8329 0.1299 -0.5380
vn 0.7587 0.3357 -0.5583
vn 0.9975 0.0696 -0.0086
vn 0.9866 0.1293 -0.0997
vn 0.9407 0.3387 -0.0215
vn 0.8339 0.4566 -0.3100
vn 0.9846 0.1152 -0.1316
vn 0.6880 0.7136 0.1321
vn 0.4516 0.8652 -0.2181
vn 0.6851 0.6813 0.2579
vn 0.4164 0.8946 -0.1625
vn 0.4338 0.8597 0.2697
vn 0.9828 -0.1617 0.0898
vn 0.9971 -0.0672 -0.0350
vn 0.9497 0.2837 -0.1322
vn 0.9902 -0.0217 0.1376
vn 0.5551 0.7910 0.2573
vn 0.8005 0.4201 0.4274
vn 0.7196 0.6617 0.2106
vn 0.4015 0.6439 0.6513
vn 0.2626 0.7449 0.6134
vn 0.2004 0.9166 0.3459
vn 0.2804 0.8408 0.4630
vn 0.3674 0.8700 0.3287
vn 0.3047 0.8280 0.4707
vn 0.3925 0.7965 0.4599
vn 0.2239 0.7491 0.6235
vn -0.0474 0.8489 0.5264
vn -0.5011 0.8446 0.1885
vn -0.4767 0.8766 -0.0652
vn -0.4980 0.8627 -0.0877
vn -0.1053 0.8088 -0.5786
vn -0.1196 0.8439 -0.5230
vn -0.0902 0.9231 -0.3738
vn 0.2926 0.9549 0.0503
vn 0.0423 0.9944 0.0974
vn 0.3150 0.9432 0.1057
vn 0.0968 0.9737 -0.2063
vn 0.1766 0.9295 -0.3237
vn 0.1441 0.9408 -0.3069
vn -0.9993 0.0366 -0.0126
vn -0.9685 -0.0422 -0.2453
vn -0.9741 -0.1739 -0.1446
vn -0.9941 -0.0760 0.0774
vn -0.9867 -0.1600 -0.0297
vn -0.9488 -0.2540 0.1877
vn -0.9977 0.0672 -0.0024
vn -0.9933 -0.0126 -0.1146
vn -0.9900 0.0729 -0.1205
vn -0.9885 0.0255 -0.1490
vn -0.9336 -0.1120 -0.3405
vn -0.9005 -0.4057 -0.1566
vn -0.8843 -0.4291 -0.1839
vn -0.8808 -0.4312 -0.1956
vn -0.8727 -0.4164 -0.2549
vn -0.4334 -0.8287 -0.3542
vn 0.3500 -0.8925 -0.2845
vn -0.1054 -0.6913 -0.7148
vn 0.7008 -0.5266 0.4812
vn -0.8693 -0.4936 -0.0260
vn -0.1481 -0.7591 -0.6339
vn 0.2511 -0.1547 -0.9555
vn 0.9484 -0.0581 -0.3118
vn 0.4522 0.6422 -0.6190
vn 0.9429 -0.1134 -0.3133
vn 0.8713 0.0849 -0.4833
vn 0.3758 0.7812 -0.4985
vn 0.8592 0.4671 -0.2090
vn 0.9913 0.0615 0.1162
vn 0.9875 0.0989 -0.1229
vn 0.9642 0.2651 -0.0096
vn 0.9592 0.2711 0.0802
vn 0.9715 0.2334 0.0422
vn 0.8887 0.4583 -0.0154
vn 0.9871 0.0097 -0.1599
vn 0.9765 -0.0402 -0.2118
vn 0.9699 -0.0607 -0.2358
vn 0.8108 0.5355 -0.2364
vn 0.5678 0.7275 0.3851
vn 0.2433 0.7023 0.6691
vn 0.2419 0.7258 0.6440
vn 0.1920 0.7707 0.6076
vn 0.2477 0.7579 0.6035
vn 0.1494 0.8526 0.5008
vn -0.4735 0.7540 -0.4553
vn 0.1307 0.8636 -0.4869
vn -0.1553 0.7440 -0.6499
vn 0.1868 0.7621 -0.6200
vn 0.2405 0.9700 -0.0350
vn 0.4109 0.8734 -0.2613
vn 0.2448 0.9693 0.0214
vn 0.2407 0.9677 0.0749
vn 0.1546 0.9879 -0.0099
vn 0.6434 0.1067 -0.7580
vn -0.4686 0.1466 -0.8712
vn -0.0961 0.9859 0.1370
vn -0.4138 0.8751 0.2509
vn -0.2636 0.9183 0.2954
vn -0.9529 -0.2599 -0.1561
vn -0.9696 -0.1864 0.1587
vn -0.9735 -0.0906 -0.2099
vn -0.9969 -0.0120 -0.0776
vn -0.9862 -0.0152 -0.1646
vn -0.9919 -0.1075 -0.0674
vn -0.9932 -0.0037 -0.1159
vn -0.9484 0.1376 -0.2855
vn -0.9615 -0.2657 -0.0694
vn -0.9449 -0.3271 -0.0087
vn -0.8577 -0.3938 -0.3307
vn -0.4936 -0.8359 -0.2403
vn -0.2324 -0.8977 0.3743
vn -0.1461 -0.7604 -0.6328
vn 0.1080 -0.5064 -0.8555
vn 0.0653 -0.7678 -0.6373
vn 0.0051 -0.7143 -0.6998
vn -0.7560 -0.6534 -0.0382
vn 0.2721 -0.7364 -0.6193
vn -0.5639 0.3294 -0.7573
vn 0.8514 0.2052 -0.4826
vn 0.7885 0.1307 -0.6010
vn 0.7808 0.3434 -0.5219
vn 0.4358 0.8290 -0.3504
vn 0.0907 0.9733 -0.2107
vn 0.1116 0.9725 -0.2042
vn 0.8545 0.4768 -0.2062
vn 0.2758 0.7930 -0.5432
vn 0.8213 0.4054 -0.4015
vn 0.9479 0.3181 -0.0194
vn 0.9270 0.3090 -0.2128
vn 0.9896 0.0962 0.1071
vn 0.7894 0.4419 -0.4262
vn 0.9761 -0.0445 -0.2127
vn 0.8547 0.0868 -0.5118
vn 0.7003 0.6501 -0.2949
vn 0.4116 0.9082 -0.0763
vn 0.2368 0.7244 0.6474
vn 0.2251 0.7765 0.5885
vn 0.2291 0.7719 0.5931
vn 0.2207 0.7505 0.6229
vn -0.4403 0.8703 0.2206
vn -0.4445 0.8527 0.2744
vn 0.0222 0.8769 -0.4801
vn 0.1182 0.8254 -0.5520
vn 0.2227 0.8129 -0.5382
vn 0.4702 0.8662 -0.1690
vn 0.1465 0.9670 -0.2086
vn 0.1232 0.9687 -0.2153
vn 0.0902 0.9687 -0.2314
vn 0.1252 0.9578 -0.2586
vn -0.6333 0.7166 0.2923
vn -0.7871 0.5749 -0.2236
vn 0.1665 0.0642 -0.9840
vn 0.2534 0.4089 -0.8767
vn -0.9738 -0.1541 -0.1674
vn -0.9878 -0.0171 -0.1545
vn -0.9882 -0.0240 -0.1514
vn -0.9840 -0.0042 -0.1781
vn -0.9749 -0.1452 -0.1686
vn -0.9748 -0.1438 -0.1706
vn -0.2595 0.9497 0.1752
vn -0.3746 -0.5739 -0.7282
vn -0.0937 -0.6001 -0.7944
vn 0.2469 -0.3256 -0.9127
vn 0.9427 -0.0411 -0.3310
vn 0.9737 -0.0544 0.2211
vn 0.0914 -0.4144 -0.9055
vn 0.2593 -0.7244 -0.6387
vn 0.5191 -0.3244 -0.7907
vn 0.8463 0.4812 -0.2285
vn 0.6006 -0.7107 -0.3663
vn 0.6550 0.6844 0.3202
vn 0.7166 0.2821 -0.6379
vn 0.7448 0.5455 -0.3843
vn 0.7921 0.4337 -0.4295
vn 0.4325 0.8510 -0.2979
vn 0.2656 0.9587 -0.1021
vn 0.0984 0.9209 -0.3771
vn 0.8932 0.4344 -0.1161
vn 0.9829 0.0489 -0.1775
vn 0.9974 -0.0382 -0.0617
vn 0.9788 0.0215 -0.2038
vn -0.9602 -0.2593 0.1036
vn 0.9620 0.2726 -0.0186
vn 0.8533 0.4820 -0.1992
vn 0.7023 -0.1573 -0.6942
vn 0.8709 0.4564 -0.1821
vn 0.5942 0.8037 -0.0323
vn 0.2743 0.7783 0.5649
vn 0.1636 0.7390 0.6536
vn -0.0226 0.6277 0.7781
vn -0.0405 0.8600 0.5087
vn -0.2679 0.9616 -0.0598
vn 0.3219 0.8308 -0.4540
vn -0.0425 0.7610 -0.6474
vn 0.3362 0.7349 -0.5890
vn 0.1945 0.8532 -0.4841
vn 0.2632 0.8664 -0.4244
vn 0.0790 0.9799 -0.1833
vn 0.1100 0.9578 -0.2654
vn 0.1487 0.9748 0.1661
vn 0.1851 0.9810 -0.0589
vn 0.1239 0.9703 -0.2077
vn 0.1162 0.9705 -0.2110
vn 0.0858 0.9400 -0.3302
vn -0.0212 0.9871 -0.1586
vn -0.1345 0.9797 -0.1487
vn -0.3515 0.8530 -0.3858
vn -0.3592 0.9185 -0.1651
vn -0.9826 0.1098 -0.1495
vn -0.9844 -0.0027 -0.1759
vn -0.9866 0.0849 -0.1394
vn -0.9869 -0.0292 -0.1589
vn -0.4700 -0.8674 0.1634
vn -0.9173 -0.3382 -0.2102
vn 0.8699 -0.3189 -0.3762
vn 0.0645 -0.7090 -0.7022
vn 0.5631 -0.2272 -0.7945
vn 0.5372 -0.3470 -0.7688
vn 0.6662 0.7455 0.0217
vn 0.4865 0.5529 -0.6765
vn 0.4049 0.8686 -0.2856
vn 0.4627 0.8341 -0.3004
vn 0.7633 0.6429 -0.0636
vn 0.3374 0.8232 -0.4566
vn 0.3649 0.8980 -0.2460
vn 0.0743 0.9972 0.0116
vn 0.1792 0.9067 -0.3818
vn -0.3054 0.9191 -0.2489
vn -0.6294 0.7490 -0.2069
vn -0.6376 0.7417 -0.2079
vn -0.4734 0.8105 -0.3449
vn -0.7176 0.5832 -0.3808
vn -0.5154 0.5986 -0.6132
vn -0.5240 0.7441 -0.4144
vn -0.8717 0.4788 -0.1045
vn 0.8126 0.0925 0.5754
vn -0.2472 0.7031 -0.6668
vn -0.9898 -0.1093 -0.0912
vn -0.9736 -0.1537 -0.1688
vn 0.4092 0.3789 -0.8301
vn 0.6214 -0.4414 -0.6474
vn 0.0083 -0.8852 -0.4651
vn 0.4032 -0.7146 -0.5716
vn 0.4175 0.8860 -0.2017
vn 0.4870 0.4473 -0.7502
vn 0.8000 0.2184 -0.5588
vn 0.0987 0.9951 0.0055
vn -0.5910 -0.1270 -0.7966
vn 0.7731 0.4409 -0.4560
vn 0.2816 0.8812 -0.3796
vn -0.1359 0.8183 0.5585
vn -0.9835 0.0998 -0.1510
vn -0.6625 0.0331 -0.7483
vn -0.6690 0.3946 -0.6299
vn -0.6446 0.3277 -0.6907
vn -0.9914 0.0491 0.1212
vn -0.3440 -0.8118 -0.4718
vn -0.4902 -0.7705 0.4076
vn -0.9932 -0.0718 -0.0915
vn -0.9954 0.0235 -0.0933
vn -0.9954 0.0234 -0.0932
vn -0.7788 0.5639 0.2746
vn -0.7474 -0.4361 -0.5012
vn -0.7681 -0.2887 -0.5716
vn -0.7569 -0.2974 -0.5820
vn -0.2051 0.1257 -0.9706
vn -0.1873 -0.9163 -0.3539
vn 0.1578 -0.6534 -0.7404
vn 0.0407 -0.7096 -0.7034
vn 0.8817 -0.3792 -0.2807
vn 0.3209 -0.8927 -0.3165
vn 0.0521 0.2978 -0.9532
vn 0.3846 0.3779 -0.8422
vn 0.8241 0.2666 -0.4999
vn 0.7742 0.4482 -0.4469
vn 0.3055 0.8402 -0.4480
vn 0.2855 0.9432 -0.1701
vn 0.2492 0.5887 -0.7690
vn 0.2419 0.9625 -0.1226
vn -0.1953 0.6135 -0.7652
vn 0.2154 0.9719 0.0955
vn -0.4682 0.6899 -0.5521
vn -0.1280 0.5629 -0.8165
vn -0.3390 0.2737 -0.9001
vn -0.2704 0.3250 -0.9063
vn -0.2645 0.5338 -0.8032
vn -0.4331 -0.0743 -0.8983
vn -0.9309 0.1587 -0.3290
vn -0.8057 0.4244 -0.4132
vn -0.7881 0.5041 -0.3531
vn -0.7535 -0.6560 0.0439
vn 0.4566 -0.3653 -0.8112
vn 0.3357 -0.3464 -0.8760
vn 0.4266 0.8941 -0.1367
vn 0.3958 0.9113 -0.1132
vn -0.3369 0.4378 0.8336
vn -0.3401 0.9372 0.0778
vn -0.0536 0.2208 -0.9738
vn -0.3615 -0.0267 -0.9320
vn -0.3592 -0.6022 -0.7129
vn 0.6776 -0.1899 -0.7104
vn 0.5375 0.2614 -0.8017
vn 0.8812 0.1823 -0.4362
vn -0.2445 0.5169 0.8204
vn 0.7201 0.6834 0.1202
vn -0.2671 0.9409 -0.2083
vn 0.3419 -0.5283 -0.7772
vn 0.8170 0.5632 0.1234
vn -0.5427 -0.1624 -0.8241
vn 0.3996 0.6384 -0.6578
vn 0.8371 0.4496 -0.3116
vn 0.7492 0.0691 -0.6587
vn 0.3543 0.5334 -0.7681
vn -0.1171 0.8631 -0.4914
vn 0.0809 0.3468 -0.9344
vn 0.7753 0.0440 -0.6301
vn 0.6965 0.5787 -0.4244
vn 0.7056 0.6588 -0.2608
vn 0.7518 0.2600 -0.6060
vn -0.0475 0.8168 -0.5749
vn 0.0620 0.8293 -0.5553
vn 0.5769 0.8149 0.0558
vn 0.4254 0.7639 0.4853
vn -0.0479 -0.9968 0.0647
vn 0.0728 -0.1131 -0.9909
vn 0.0057 -0.1702 -0.9854
vn -0.6272 0.2609 -0.7338
vn 0.7876 0.1893 -0.5864
vn 0.7030 0.3506 0.6187
vn 0.0439 0.9487 -0.3131
vn 0.2214 0.9739 0.0497
vn -0.7727 -0.4439 -0.4536
vn -0.8068 -0.2104 -0.5520
vn 0.8447 0.4396 -0.3055
vn -0.3770 0.2260 -0.8982
vn 0.1592 0.8247 0.5428
vn -0.9715 -0.0084 -0.2368
vn -0.9189 0.3945 0.0086
vn -0.0163 0.9926 -0.1201
vn -0.4238 0.7851 -0.4517
vn 0.3393 0.9054 -0.2552
vn -0.7899 -0.0251 0.6127
vn -0.9389 0.2816 0.1980
vn 0.1089 0.8696 -0.4816
vn 0.7433 0.6067 -0.2817
vn 0.9995 -0.0141 0.0300
vn 0.8849 0.4602 0.0722
vn 0.8782 0.4775 -0.0271
vn 0.9141 0.3888 -0.1155
vn 0.8971 0.3828 -0.2208
vn 0.8423 -0.1195 -0.5257
vn 0.5950 0.4216 -0.6843
vn 0.6696 0.5830 -0.4602
vn 0.4785 0.8271 -0.2948
vn -0.1207 0.6717 0.7309
vn -0.4517 0.6482 0.6130
vn -0.3354 0.8430 0.4206
vn 0.0041 0.9991 0.0416
vn 0.2201 0.7919 -0.5696
vn 0.2460 0.8469 -0.4715
vn 0.1091 0.9904 -0.0853
vn 0.1048 0.9846 0.1400
vn 0.1022 0.9701 -0.2199
vn 0.0821 0.9710 -0.2246
vn -0.0083 0.9287 -0.3707
vn -0.2114 0.9766 -0.0405
vn 0.9967 -0.0496 -0.0635
vn 0.8825 0.3082 0.3554
vn 0.9844 0.1622 -0.0676
vn 0.9869 0.0263 -0.1591
vn 0.3220 0.8622 0.3910
vn 0.4338 0.5798 -0.6897
vn 0.7749 0.6293 -0.0594
vn 0.8310 0.5537 -0.0534
vn 0.8431 0.5375 -0.0176
vn 0.6798 0.0109 -0.7333
vn 0.5778 0.0116 -0.8161
vn 0.9019 -0.0514 -0.4289
vn 0.8846 0.0994 -0.4557
vn 0.2610 0.6005 0.7558
vn 0.1667 0.6577 0.7347
vn -0.0168 0.6200 0.7845
vn -0.1858 0.6213 0.7612
vn -0.2186 0.8777 0.4264
vn -0.2413 0.9703 -0.0170
vn -0.2574 0.9235 -0.2846
vn 0.4516 0.8527 -0.2625
vn 0.3884 0.7752 -0.4982
vn 0.2184 0.8130 -0.5397
vn -0.2122 0.9496 0.2308
vn -0.0848 0.9457 0.3138
vn -0.0237 0.7061 -0.7077
vn 0.6744 0.4383 -0.5942
vn 0.9866 0.1540 -0.0540
vn 0.9860 0.1617 -0.0403
vn 0.7968 0.6004 -0.0685
vn -0.2028 0.9781 0.0466
vn 0.3105 -0.9300 -0.1967
vn 0.7015 0.6458 -0.3013
vn 0.5520 0.8207 -0.1476
vn 0.3915 0.3285 -0.8595
vn 0.8451 0.4022 -0.3521
vn 0.5639 0.7542 -0.3364
vn 0.5270 0.7719 -0.3556
vn 0.5156 0.8215 -0.2436
vn 0.4611 0.8535 -0.2425
vn 0.3375 0.7456 -0.5747
vn 0.3752 0.8059 -0.4579
vn 0.3023 0.7809 -0.5467
vn 0.3040 0.7872 -0.5366
vn 0.0282 0.9884 -0.1492
vn -0.0794 0.9665 0.2440
vn -0.0047 1.0000 -0.0085
vn -0.2040 0.9765 0.0689
vn -0.2066 0.9437 -0.2582
vn 0.1103 0.9689 -0.2214
vn 0.1192 0.9699 -0.2125
vn 0.1116 0.9675 -0.2268
vn 0.1258 0.9906 -0.0546
vn 0.7842 0.6137 0.0916
vn 0.2545 0.9628 0.0910
vn -0.2237 0.8550 -0.4678
vn 0.3464 0.9214 -0.1761
vn 0.4982 0.8652 0.0570
vn 0.2612 0.8762 -0.4051
vn 0.7739 0.6149 0.1514
vn 0.5469 0.3116 -0.7771
vn 0.5391 0.7734 -0.3335
vn 0.4806 0.8060 -0.3456
vn 0.3585 0.7551 -0.5490
vn 0.9099 0.4124 -0.0444
vn 0.2970 0.8285 -0.4747
vn 0.6841 0.6170 -0.3890
vn 0.5807 0.7743 -0.2516
vn 0.4899 0.4137 -0.7673
vn 0.7162 0.4402 -0.5415
vn 0.6150 0.7854 -0.0703
vn 0.3575 0.7583 -0.5452
vn 0.3051 0.8414 -0.4460
vn 0.1790 0.8536 -0.4892
vn 0.0199 0.9265 -0.3758
vn -0.2193 0.9740 -0.0565
vn -0.0721 0.9974 -0.0016
vn -0.2033 0.9770 -0.0641
vn -0.0040 0.9998 -0.0183
vn -0.1528 0.9732 0.1720
vn 0.8931 0.3249 0.3112
vn -0.2346 0.9486 0.2126
vn 0.0130 0.9674 0.2531
vn -0.2400 0.9707 -0.0146
vn -0.3265 0.9451 0.0127
vn -0.3114 0.9485 -0.0586
vn -0.2185 0.8530 -0.4739
vn -0.1374 0.9798 -0.1452
vn 0.1617 0.7789 -0.6059
vn 0.2600 0.7880 -0.5580
vn 0.4733 0.8594 -0.1934
vn 0.2408 0.7577 0.6065
vn -0.2746 -0.7982 -0.5361
vn 0.1641 0.7453 0.6462
vn -0.1563 0.8639 0.4789
vn -0.0143 0.8689 0.4948
vn 0.0744 0.7930 0.6047
vn 0.3014 0.7635 0.5712
vn 0.8389 -0.1123 -0.5325
vn 0.0335 0.9899 -0.1381
vn 0.1786 0.7971 -0.5768
vn 0.8854 0.4021 -0.2333
vn 0.9057 -0.0418 -0.4220
vn 0.8788 0.4771 0.0091
vn 0.9901 0.0953 0.1035
vn 0.3358 0.8328 -0.4401
vn -0.8775 -0.4121 -0.2454
vn -0.9867 -0.0319 -0.1593
vn -0.4530 0.8574 0.2442
vn 0.4372 -0.4166 -0.7971
vn 0.0130 -0.4168 -0.9089
vn -0.9712 -0.0763 -0.2259
vn -0.9959 0.0160 0.0891
vn -0.0584 0.3399 0.9386
vn 0.8584 0.3759 -0.3491
vn 0.9420 0.2701 -0.1994
vn 0.9750 0.0335 -0.2196
vn 0.8543 0.3211 -0.4087
vn 0.8477 0.3958 -0.3531
vn -0.9201 -0.2875 -0.2661
vn -0.9342 0.3558 -0.0275
vn -0.9858 0.1187 -0.1185
vn 0.4337 0.9009 0.0190
vn -0.0538 0.8763 -0.4787
vn 0.4503 0.8424 0.2960
vn 0.3554 0.9056 -0.2316
vn 0.5737 0.8147 -0.0845
vn 0.6642 0.7453 -0.0585
vn 0.9991 0.0319 0.0275
vn 0.9971 -0.0391 0.0648
vn 0.9878 0.1558 -0.0021
vn 0.7769 0.6231 -0.0905
vn 0.8768 0.4805 0.0168
vn 0.8145 0.5782 -0.0480
vn 0.9898 0.1248 0.0686
vn 0.9994 -0.0119 0.0333
vn 0.7723 0.6349 -0.0220
vn -0.9022 0.3987 0.1647
vn 0.8771 0.4532 0.1592
vn 0.8805 0.4514 0.1445
vn 0.9019 0.3712 -0.2208
vn 0.7277 0.6709 -0.1424
vn 0.5264 0.8245 0.2075
vn 0.3255 0.8187 -0.4730
vn 0.7443 0.4954 -0.4479
vn 0.8247 0.3754 -0.4231
vn -0.6009 0.4373 0.6691
vn -0.3217 0.9426 -0.0895
vn 0.8538 0.4273 -0.2973
vn 0.5430 -0.6034 -0.5840
vn -0.9570 0.2899 -0.0124
vn 0.8109 0.5444 -0.2146
vn 0.1831 0.9807 -0.0680
vn 0.0894 0.9787 -0.1846
vn 0.1341 0.8678 0.4786
vn 0.3437 0.8561 0.3860
vn 0.6461 0.6879 0.3306
vn 0.2223 0.9733 0.0570
vn 0.4117 0.4919 0.7672
vn 0.3992 0.6121 0.6827
vn 0.5951 0.7274 0.3417
vn 0.1119 0.3100 0.9441
vn 0.4960 -0.1341 0.8579
vn 0.4069 0.5001 0.7644
vn 0.7251 0.4636 -0.5093
vn 0.2825 0.5411 0.7920
vn 0.3853 0.2326 0.8930
vn 0.4338 0.0534 0.8994
vn 0.3370 0.2580 0.9055
vn 0.6378 0.6358 0.4347
vn 0.4407 0.8816 -0.1691
vn 0.8870 0.4262 -0.1778
vn 0.8007 0.5799 -0.1505
vn 0.8793 -0.2312 -0.4163
vn 0.9060 0.2606 -0.3335
vn -0.5591 -0.7496 -0.3543
vn -0.4441 -0.7981 -0.4071
vn -0.9268 -0.1179 -0.3566
vn -0.9600 0.1927 -0.2032
vn 0.3948 0.9139 -0.0942
vn -0.3340 0.9390 0.0818
vn 0.0953 0.9878 0.1234
vn 0.9799 0.1958 -0.0393
vn 0.7518 0.1372 0.6449
vn 0.7665 0.6274 -0.1374
vn 0.8585 0.0982 -0.5034
vn -0.9632 0.0457 -0.2647
vn -0.1178 0.9749 -0.1889
vn 0.8017 0.5790 -0.1485
vn 0.6169 0.7441 0.2565
vn 0.9916 0.1273 0.0227
vn 0.7627 -0.4094 -0.5007
vn -0.6588 -0.7470 -0.0898
vn -0.8920 -0.0089 -0.4519
vn -0.2998 0.9344 -0.1921
vn -0.3133 0.9390 -0.1416
vn 0.7574 0.5405 -0.3662
vn -0.3076 -0.2708 -0.9122
vn 0.2580 0.2902 -0.9215
vn 0.7501 0.5684 -0.3380
vn 0.8545 0.4927 -0.1644
vn 0.9482 0.3159 -0.0335
vn 0.8743 -0.4559 -0.1662
vn -0.8921 0.4517 0.0130
vn 0.0505 0.9985 0.0205
vn 0.9889 -0.0306 -0.1451
vn 0.8899 0.4337 -0.1414
vn 0.9103 0.0173 0.4136
vn -0.4235 -0.8185 -0.3883
vn -0.3295 -0.9441 -0.0092
vn -0.1471 -0.9755 0.1635
vn -0.2655 -0.9388 0.2195
vn -0.2076 -0.9725 0.1056
vn -0.1655 -0.9858 -0.0303
vn -0.2768 -0.9521 0.1298
vn 0.1440 -0.9575 0.2498
vn -0.3387 0.8851 -0.3191
vn -0.1698 0.8648 -0.4725
vn 0.3560 0.9282 0.1079
vn 0.8329 0.5526 0.0306
vn 0.2095 0.2016 0.9568
vn 0.6768 -0.7177 -0.1637
vn 0.5515 -0.7852 -0.2816
vn -0.3277 -0.9442 0.0334
vn -0.6597 -0.5454 -0.5171
vn -0.9232 0.2752 0.2684
vn -0.0623 0.9979 0.0200
vn -0.5642 0.8116 -0.1517
vn 0.3573 -0.2251 0.9065
vn 0.2662 -0.4041 0.8751
vn 0.0121 0.0482 -0.9988
vn 0.3839 -0.1432 -0.9122
vn 0.7156 0.4441 -0.5392
vn 0.9507 -0.2282 -0.2100
vn 0.8803 -0.3911 -0.2685
vn -0.1515 -0.9611 -0.2309
vn 0.1103 0.9934 0.0321
vn 0.1636 0.9801 -0.1124
vn 0.2784 0.9516 0.1303
vn 0.4361 0.8477 0.3019
vn 0.4116 0.9114 0.0055
vn 0.3742 -0.0835 0.9236
vn 0.0717 -0.3071 -0.9490
vn 0.1982 0.9471 -0.2524
vn 0.9856 -0.1222 -0.1171
vn -0.1107 -0.9937 0.0177
vn -0.9973 0.0712 -0.0174
vn -0.3549 0.7677 -0.5336
vn 0.1383 0.9765 0.1650
vn 0.7558 0.4621 0.4639
vn 0.2469 -0.2328 -0.9406
vn -0.2198 -0.2801 -0.9345
vn 0.9886 0.0923 -0.1186
vn -0.8003 -0.2054 -0.5634
vn -0.8153 0.5311 -0.2308
vn 0.3689 0.9004 0.2308
vn 0.9042 0.4246 0.0472
vn 0.5985 0.7844 0.1627
vn -0.0547 0.3368 -0.9400
vn -0.0009 0.7893 -0.6141
vn 0.8610 0.4466 0.2435
vn -0.0801 0.8233 -0.5619
vn 0.6490 0.7277 0.2221
vn 0.6171 -0.7695 -0.1643
vn 0.0613 -0.9826 0.1753
vn -0.2752 -0.9599 0.0532
vn -0.3184 -0.9254 0.2057
vn 0.7410 0.6572 -0.1377
vn -0.2200 -0.4385 -0.8714
vn 0.3571 -0.1314 -0.9248
vn -0.3345 -0.9415 0.0418
vn -0.3214 -0.9443 0.0706
vn 0.8896 -0.1709 0.4235
vn 0.5152 -0.4419 0.7344
vn 0.5266 0.2274 -0.8191
vn 0.0342 0.3063 -0.9513
vn 0.2973 0.0087 -0.9547
vn -0.8653 0.4900 -0.1054
vn -0.9390 0.3412 -0.0437
vn 0.0929 0.7801 0.6188
vn 0.9929 0.0195 -0.1177
vn 0.5045 0.1421 -0.8517
vn 0.9966 -0.0643 0.0515
vn -0.2542 -0.0996 -0.9620
vn 0.5626 -0.6749 -0.4774
vn 0.9729 -0.2085 -0.0997
vn -0.8902 0.3799 -0.2514
vn -0.9149 0.3870 -0.1150
vn 0.7369 0.6627 0.1330
vn 0.8483 -0.2376 0.4732
vn -0.1208 0.1783 -0.9765
vn 0.3329 -0.4610 -0.8226
vn -0.0305 -0.4043 -0.9141
vn 0.2695 -0.7646 -0.5855
vn -0.4775 -0.8746 0.0834
vn -0.7659 0.6403 -0.0586
vn 0.5654 0.8049 0.1800
vn 0.0251 0.7907 0.6117
vn 0.6396 0.7494 -0.1714
vn -0.8554 -0.4471 0.2615
vn -0.2895 0.5104 0.8097
vn -0.3060 -0.9515 -0.0328
vn -0.9754 -0.0381 -0.2172
vn 0.8724 0.3012 0.3851
vn 0.4258 -0.0164 0.9046
vn 0.4809 0.7744 -0.4112
vn 0.7285 0.6112 -0.3095
vn 0.9192 -0.2725 -0.2843
vn 0.3962 -0.8407 -0.3690
vn -0.5443 -0.8294 -0.1255
vn -0.7854 0.1260 -0.6060
vn 0.9544 -0.0640 0.2914
vn 0.7378 0.5567 0.3818
vn 0.3936 0.1985 0.8976
vn -0.7532 -0.3175 -0.5760
vn 0.1705 -0.2727 -0.9469
vn -0.7720 -0.1973 -0.6043
vn 0.7785 -0.1027 0.6192
vn -0.1608 0.9651 0.2069
vn 0.2035 -0.9500 -0.2370
vn 0.2164 -0.9530 -0.2119
vn 0.2102 -0.9492 -0.2344
vn -0.1176 -0.9906 0.0699
vn 0.0781 -0.9963 -0.0371
vn -0.0765 -0.8480 -0.5244
vn -0.9496 0.3063 -0.0671
vn 0.7576 0.5545 0.3444
vn 0.9991 0.0232 0.0345
vn 0.7566 0.5328 0.3791
vn 0.3367 0.9345 -0.1158
vn 0.1685 0.7846 -0.5967
vn 0.1468 0.9779 -0.1486
vn 0.6000 0.7580 0.2559
vn 0.5478 -0.7287 0.4110
vn 0.7020 -0.3077 0.6422
vn 0.6823 -0.7309 0.0171
vn -0.5169 -0.8541 -0.0581
vn 0.4699 -0.8692 -0.1538
vn 0.5858 -0.2280 0.7777
vn -0.0115 -0.0299 0.9995
vn 0.3443 -0.7633 0.5467
vn 0.5328 -0.4883 0.6912
vn 0.6580 -0.6021 -0.4522
vn -0.7966 -0.5862 -0.1478
vn 0.1909 -0.7069 -0.6811
vn 0.1644 -0.7344 -0.6585
vn 0.7162 0.0243 -0.6975
vn 0.3331 0.9380 -0.0962
vn 0.1607 0.9636 0.2138
vn -0.0602 0.6189 0.7831
vn 0.7478 -0.6639 -0.0060
vn -0.8084 -0.5850 -0.0654
vn 0.4457 -0.2493 -0.8598
vn 0.2108 -0.8561 -0.4719
vn 0.2959 0.9423 -0.1567
vn -0.5131 -0.8526 -0.0993
vn 0.4925 -0.4995 -0.7127
vn 0.7231 -0.4511 -0.5232
vn 0.8864 0.4630 -0.0027
vn 0.0939 -0.7373 0.6690
vn 0.2245 -0.6615 0.7155
vn 0.2287 -0.4587 0.8587
vn 0.8249 -0.1469 0.5458
vn 0.8767 0.3529 0.3270
vn 0.5949 -0.4765 0.6473
vn 0.9254 0.3441 0.1590
vn -0.8656 0.4466 -0.2264
vn -0.7973 0.5152 0.3145
vn -0.9205 0.1753 0.3492
vn 0.5266 0.5811 0.6204
vn 0.7780 -0.3588 0.5158
vn -0.0163 -0.2836 -0.9588
vn -0.3629 -0.5137 -0.7774
vn -0.5108 -0.8460 -0.1527
vn -0.5009 -0.8636 -0.0565
vn -0.6860 -0.6949 -0.2155
vn -0.7703 -0.3390 -0.5401
vn -0.9117 -0.1148 -0.3945
vn -0.8238 0.0247 -0.5664
vn -0.8620 0.0980 -0.4974
vn -0.9684 0.1024 0.2275
vn 0.6961 -0.5696 0.4371
vn 0.1423 -0.1582 0.9771
vn 0.2844 -0.5140 0.8093
vn -0.0219 0.0404 -0.9989
vn 0.8130 0.2929 0.5033
vn -0.0987 -0.9078 -0.4075
vn -0.9674 -0.2304 -0.1046
vn 0.1752 0.4167 0.8920
vn -0.5345 -0.7123 -0.4549
vn -0.3680 -0.7068 0.6042
vn 0.0909 -0.9449 -0.3145
vn -0.6283 -0.0968 0.7719
vn 0.5481 -0.3866 0.7417
vn 0.7525 -0.1620 0.6383
vn -0.3598 -0.3397 0.8690
vn -0.4621 -0.8259 -0.3230
vn -0.5267 -0.8454 0.0886
vn -0.1821 -0.8493 0.4954
vn -0.8383 -0.1032 -0.5353
vn -0.8802 -0.0814 0.4676
vn -0.4334 -0.5806 0.6892
vn 0.2045 -0.1199 0.9715
vn -0.5480 -0.8354 0.0427
vn -0.4324 -0.8795 -0.1985
vn -0.0416 -0.1334 0.9902
vn -0.5113 -0.8433 0.1655
vn -0.5274 -0.8239 0.2076
vn -0.1665 0.7348 0.6576
vn -0.0758 0.6841 0.7255
vn -0.8710 -0.4912 0.0038
vn -0.3592 -0.9042 -0.2311
vn -0.5587 -0.8061 -0.1952
vn 0.0402 -0.2785 0.9596
vn 0.1223 -0.0118 0.9924
vn 0.9255 0.3481 -0.1490
vn -0.5612 -0.7871 -0.2559
vn -0.4923 -0.8463 -0.2034
vn -0.9257 0.1696 0.3382
vn -0.4631 -0.0160 0.8862
vn 0.0256 -0.9838 0.1776
vn -0.0151 0.0068 0.9999
vn -0.7889 -0.0875 0.6083
vn -0.9051 -0.1856 0.3827
vn -0.9477 -0.0226 0.3182
vn -0.7676 -0.2481 0.5910
vn -0.2844 0.4741 0.8333
vn -0.0565 0.5454 0.8363
vn -0.6228 -0.3090 0.7188
vn -0.6770 -0.4824 0.5558
vn -0.5932 -0.7241 0.3518
vn -0.7593 -0.0643 0.6475
vn -0.6979 -0.2294 0.6785
vn -0.1668 -0.6852 -0.7090
vn -0.6990 -0.1175 0.7054
vn -0.8510 -0.1642 0.4989
vn -0.9834 -0.1814 0.0050
vn -0.8347 -0.3528 0.4228
vn -0.8494 -0.5263 0.0379
vn -0.1744 -0.8088 -0.5617
vn -0.1784 -0.7955 -0.5791
vn -0.7293 -0.0910 0.6781
vn -0.4088 -0.5739 0.7096
vn -0.6984 -0.5422 0.4672
vn -0.9822 -0.1776 -0.0616
vn -0.8509 -0.4762 0.2219
vn -0.8836 -0.3102 0.3507
vn -0.8695 -0.0334 0.4928
vn -0.5534 -0.6241 0.5516
vn -0.5262 -0.7257 0.4433
vn -0.7053 -0.6310 0.3230
vn -0.4967 -0.7569 0.4247
vn -0.8141 -0.5024 0.2912
vn -0.4439 -0.6799 0.5836
vn -0.5704 -0.6125 0.5473
vn -0.6062 -0.7689 -0.2034
vn -0.5028 -0.8511 0.1511
vn -0.8937 -0.0934 0.4388
vn -0.7083 -0.2121 0.6733
vn -0.3120 -0.9491 0.0440
vn -0.7349 0.2489 0.6309
vn -0.9104 -0.3551 0.2120
vn -0.9538 -0.1905 0.2322
vn -0.5396 -0.6039 0.5866
vn -0.3493 -0.7603 0.5476
vn -0.9717 -0.2327 0.0398
vn -0.1614 -0.9821 -0.0970
vn -0.6608 -0.3659 0.6554
vn -0.6297 -0.4926 0.6007
vn -0.7432 -0.6666 0.0586
vn -0.1582 -0.9827 -0.0959
vn -0.2510 -0.9658 0.0651
vn -0.6549 -0.7331 0.1835
vn -0.4311 -0.8991 0.0764
vn -0.8466 -0.4955 -0.1943
vn -0.8349 -0.5175 -0.1873
vn -0.8551 -0.4909 -0.1670
vn -0.8420 -0.5018 -0.1981
vn -0.8351 -0.5172 -0.1872
vn -0.8472 -0.5053 -0.1640
vn -0.8520 -0.4977 -0.1622
vn -0.8547 -0.4926 -0.1637
vn -0.8427 -0.5135 -0.1620
vn -0.8528 -0.4772 -0.2122
vn -0.8431 -0.5086 -0.1749
vn -0.8462 -0.4966 -0.1934
vn -0.8455 -0.5093 -0.1603
vn -0.8160 -0.3699 -0.4442
vn -0.9084 -0.2648 -0.3234
vn -0.7453 -0.1718 -0.6443
vn -0.8813 -0.0917 -0.4636
vn -0.6591 0.1349 -0.7398
vn -0.8760 -0.4066 -0.2592
vn -0.8840 -0.3828 -0.2683
vn -0.8561 -0.4843 -0.1805
vn -0.8311 -0.5286 -0.1729
vn -0.8668 -0.4208 -0.2674
vn -0.8372 -0.5206 -0.1679
vn -0.8208 -0.5158 -0.2455
vn -0.8216 -0.5121 -0.2504
vn 0.0671 0.8294 -0.5546
vn -0.8172 -0.3814 -0.4321
vn -0.8418 -0.5062 -0.1872
vn -0.8289 -0.5166 -0.2144
vn -0.8395 -0.5187 -0.1621
vn -0.8478 -0.4917 -0.1989
vn -0.8428 -0.5009 -0.1969
vn -0.8380 -0.4939 -0.2322
vn -0.8477 -0.4717 -0.2426
vn -0.7206 -0.5077 -0.4723
vn -0.8534 -0.4871 -0.1858
vn -0.8247 -0.5401 -0.1678
vn -0.8337 -0.5143 -0.2010
vn -0.8420 -0.5177 -0.1519
vn -0.8608 -0.3208 -0.3951
vn -0.8535 -0.3329 -0.4009
vn -0.0296 0.9728 -0.2298
vn 0.5166 0.7883 -0.3343
vn 0.3176 0.8437 -0.4329
vn -0.2246 0.3891 -0.8934
vn -0.0366 0.6589 -0.7514
vn 0.5118 0.8035 -0.3041
vn -0.2144 0.6420 -0.7361
vn -0.8688 -0.3192 -0.3785
vn -0.8215 -0.5178 -0.2389
vn -0.8249 -0.5241 -0.2121
vn -0.8366 -0.5194 -0.1740
vn -0.8452 -0.4951 -0.2011
vn -0.8265 -0.5065 -0.2458
vn -0.9721 -0.1556 -0.1758
vn -0.8331 -0.5289 -0.1621
vn 0.4437 0.6038 -0.6622
vn 0.1848 0.6879 -0.7019
vn 0.0530 0.9331 -0.3556
vn 0.2989 0.8478 -0.4380
vn 0.5613 0.7638 -0.3188
vn 0.5919 0.7520 -0.2900
vn 0.5978 0.7455 -0.2946
vn 0.4798 0.7853 -0.3913
vn 0.5710 0.7481 -0.3382
vn -0.0307 0.7140 -0.6995
vn -0.8269 -0.5210 -0.2118
vn -0.8381 -0.5173 -0.1734
vn -0.8305 -0.4458 -0.3340
vn -0.9097 -0.3730 -0.1822
vn -0.8664 -0.4541 -0.2078
vn -0.7997 -0.5942 -0.0855
vn -0.8184 -0.5650 -0.1044
vn -0.7252 -0.6636 -0.1839
vn -0.8439 -0.4930 -0.2117
vn -0.8447 -0.5218 -0.1191
vn -0.8216 -0.5480 -0.1573
vn -0.8702 -0.3024 -0.3890
vn -0.8704 -0.3025 -0.3885
vn -0.8723 -0.3004 -0.3859
vn 0.2762 0.8175 -0.5054
vn 0.5189 0.8060 -0.2847
vn 0.5833 0.7775 -0.2352
vn 0.5750 0.7567 -0.3110
vn 0.5296 0.8121 -0.2448
vn 0.5227 0.7688 -0.3685
vn 0.5722 0.7641 -0.2980
vn 0.5238 0.7706 -0.3630
vn -0.8431 -0.4157 -0.3411
vn -0.8259 -0.5189 -0.2205
vn -0.8204 -0.5234 -0.2304
vn -0.8242 -0.5138 -0.2380
vn -0.9161 -0.2779 -0.2891
vn -0.8594 -0.5088 -0.0502
vn -0.8396 -0.4983 -0.2162
vn -0.8490 -0.4773 -0.2269
vn -0.8288 -0.5134 -0.2227
vn -0.8210 -0.5115 -0.2536
vn -0.7822 -0.5850 -0.2144
vn -0.7370 -0.4178 -0.5313
vn 0.2199 0.5423 -0.8109
vn 0.4006 0.7735 -0.4911
vn 0.4587 0.4616 -0.7593
vn 0.3027 0.8563 -0.4185
vn 0.3057 0.8496 -0.4299
vn 0.5732 0.7844 -0.2370
vn 0.5683 0.7757 -0.2746
vn 0.5840 0.7766 -0.2364
vn 0.5573 0.7661 -0.3201
vn 0.5994 0.7460 -0.2902
vn 0.5428 0.7431 -0.3913
vn 0.5060 0.7948 -0.3350
vn 0.5666 0.7612 -0.3156
vn 0.5749 0.7592 -0.3051
vn 0.5865 0.7680 -0.2572
vn -0.8550 -0.3921 -0.3395
vn -0.8387 -0.4143 -0.3536
vn -0.8269 -0.5168 -0.2218
vn -0.8234 -0.5190 -0.2296
vn -0.8258 -0.5120 -0.2363
vn -0.8261 -0.5230 -0.2099
vn -0.8301 -0.5243 -0.1897
vn -0.8985 -0.2867 -0.3324
vn -0.8630 -0.1787 -0.4726
vn -0.7117 -0.3686 -0.5980
vn -0.7659 -0.6396 -0.0648
vn -0.8750 -0.4828 0.0364
vn -0.7957 -0.5967 -0.1038
vn -0.7450 -0.6306 -0.2176
vn -0.6021 -0.7832 -0.1549
vn -0.8097 -0.5438 -0.2205
vn -0.8143 -0.5368 -0.2207
vn -0.8299 -0.5249 -0.1891
vn -0.8893 -0.3461 -0.2989
vn -0.7429 -0.5060 -0.4382
vn -0.8176 -0.3104 -0.4850
vn 0.8342 0.3502 0.4259
vn 0.2320 0.6726 -0.7027
vn 0.2284 0.6746 -0.7020
vn -0.0308 0.7857 -0.6178
vn 0.5404 0.7993 -0.2629
vn 0.5622 0.7825 -0.2676
vn 0.5953 0.7496 -0.2894
vn 0.5616 0.7621 -0.3222
vn 0.6294 0.7361 -0.2489
vn 0.5772 0.7599 -0.2989
vn 0.5881 0.7616 -0.2722
vn 0.3877 0.5668 -0.7269
vn 0.3124 0.8618 -0.3996
vn -0.7800 -0.3715 -0.5036
vn -0.8429 -0.3522 -0.4068
vn -0.8658 -0.3900 -0.3135
vn -0.8309 -0.5130 -0.2155
vn -0.8276 -0.5203 -0.2107
vn -0.8295 -0.5195 -0.2051
vn -0.8997 0.0035 -0.4364
vn -0.9103 -0.3210 -0.2615
vn -0.9901 -0.0879 -0.1092
vn -0.7740 -0.6304 -0.0591
vn -0.7697 -0.6350 -0.0659
vn -0.7551 -0.6525 -0.0640
vn -0.7618 -0.6430 -0.0794
vn -0.5873 -0.7867 -0.1904
vn -0.6363 -0.7172 -0.2843
vn -0.9428 -0.0651 -0.3271
vn -0.7965 -0.5419 -0.2683
vn -0.8298 -0.5275 -0.1822
vn -0.7927 -0.5504 -0.2621
vn -0.7814 -0.5833 -0.2218
vn -0.8022 -0.5688 -0.1818
vn 0.7597 0.2082 0.6160
vn 0.5514 0.7593 -0.3456
vn 0.5732 0.7694 -0.2819
vn 0.6141 0.7415 -0.2704
vn 0.5245 0.7678 -0.3681
vn 0.6114 0.7591 -0.2236
vn 0.5466 0.7918 -0.2727
vn 0.5630 0.7800 -0.2731
vn 0.5880 0.7705 -0.2461
vn 0.6134 0.7438 -0.2653
vn 0.5698 0.7570 -0.3198
vn 0.5958 0.7302 -0.3343
vn 0.6274 0.7192 -0.2985
vn -0.8353 -0.2710 -0.4783
vn -0.8321 -0.5133 -0.2100
vn -0.8223 -0.5405 -0.1782
vn -0.8249 -0.5132 -0.2368
vn -0.8055 -0.5558 -0.2056
vn -0.8144 -0.5460 -0.1968
vn -0.8094 -0.4155 -0.4150
vn -0.7294 0.0177 -0.6839
vn -0.6509 -0.6435 -0.4028
vn -0.9872 -0.1213 0.1035
vn 0.9858 0.1529 0.0697
vn -0.9883 0.1311 -0.0778
vn -0.8849 -0.2027 -0.4194
vn -0.4337 -0.8847 0.1707
vn -0.8789 -0.4089 -0.2455
vn -0.8316 -0.5432 -0.1156
vn -0.7901 -0.5715 -0.2216
vn -0.8035 -0.5608 -0.1998
vn -0.8583 -0.4946 -0.1369
vn -0.8030 -0.5426 -0.2466
vn -0.8005 -0.5398 -0.2604
vn 0.7551 0.2908 0.5876
vn -0.5475 0.5330 -0.6451
vn 0.1992 0.5362 -0.8202
vn 0.1998 0.5327 -0.8224
vn -0.1368 0.7347 -0.6645
vn 0.2227 0.7318 -0.6440
vn 0.2207 0.7328 -0.6436
vn 0.5867 0.7361 -0.3376
vn 0.6410 0.7187 -0.2694
vn 0.5980 0.7600 -0.2548
vn 0.5929 0.7718 -0.2297
vn 0.6008 0.7738 -0.2005
vn 0.6126 0.7554 -0.2327
vn 0.6089 0.7554 -0.2420
vn 0.5607 0.7823 -0.2714
vn 0.5729 0.7815 -0.2469
vn 0.5738 0.7750 -0.2647
vn 0.5760 0.7713 -0.2707
vn 0.6302 0.7203 -0.2898
vn -0.8108 0.1937 -0.5523
vn -0.6457 -0.2639 -0.7166
vn -0.7994 -0.5536 -0.2334
vn -0.8052 -0.5561 -0.2059
vn -0.8075 -0.3117 -0.5007
vn -0.8154 -0.5531 0.1708
vn -0.8485 -0.2674 -0.4566
vn -0.7280 -0.6853 -0.0194
vn -0.4309 -0.8865 0.1688
vn -0.8252 -0.3096 -0.4724
vn -0.9771 -0.1301 -0.1685
vn -0.8241 -0.4711 -0.3146
vn -0.8203 -0.5434 -0.1786
vn -0.7732 -0.5863 -0.2418
vn -0.7741 -0.5837 -0.2450
vn 0.7753 0.5255 0.3504
vn -0.8070 -0.4591 -0.3715
vn -0.8317 -0.4614 -0.3088
vn -0.8183 -0.4787 -0.3183
vn -0.7362 -0.2792 -0.6165
vn -0.3879 0.3462 -0.8542
vn -0.3528 -0.1520 -0.9233
vn -0.8343 -0.4516 -0.3162
vn -0.8709 -0.4211 -0.2533
vn -0.8265 -0.4690 -0.3114
vn 0.5154 0.7645 -0.3871
vn 0.5885 0.7149 -0.3775
vn 0.5995 0.7207 -0.3483
vn 0.5839 0.7514 -0.3074
vn 0.5806 0.7454 -0.3276
vn 0.5617 0.7808 -0.2736
vn 0.5460 0.7525 -0.3682
vn 0.5569 0.7996 -0.2247
vn 0.5495 0.7840 -0.2886
vn 0.5841 0.7737 -0.2453
vn 0.5737 0.7751 -0.2647
vn 0.5757 0.7706 -0.2732
vn 0.3319 0.8189 -0.4682
vn 0.5311 0.8152 -0.2309
vn 0.5078 0.7517 -0.4209
vn 0.3717 0.8607 -0.3480
vn 0.5885 0.7549 -0.2895
vn 0.6043 0.7405 -0.2942
vn 0.2785 0.8537 -0.4400
vn 0.6800 0.6932 -0.2389
vn 0.6042 0.7625 -0.2316
vn -0.8231 -0.5154 -0.2386
vn -0.8360 -0.5071 -0.2097
vn -0.8390 -0.5190 -0.1635
vn -0.8204 -0.5300 -0.2144
vn -0.8052 -0.5564 -0.2052
vn -0.7985 -0.2420 -0.5512
vn -0.8601 -0.0385 -0.5087
vn -0.9371 -0.0249 -0.3483
vn -0.9377 -0.0331 -0.3458
vn -0.9782 -0.1795 -0.1041
vn -0.3454 -0.9158 0.2049
vn -0.6960 -0.7030 -0.1459
vn -0.7163 -0.6518 -0.2492
vn -0.9284 -0.3656 -0.0663
vn -0.9932 -0.1007 -0.0587
vn -0.9580 -0.0326 -0.2850
vn -0.8089 -0.5675 -0.1537
vn -0.8358 -0.5246 -0.1619
vn -0.3648 -0.7988 -0.4784
vn -0.7149 -0.5231 -0.4639
vn -0.8161 -0.5648 -0.1229
vn -0.7983 -0.4786 -0.3656
vn -0.7782 -0.4842 -0.3999
vn -0.8130 -0.5728 -0.1043
vn -0.8093 -0.5768 -0.1106
vn -0.8065 -0.5321 -0.2579
vn -0.8236 0.0976 -0.5587
vn -0.8136 -0.3278 -0.4802
vn -0.8558 -0.2712 -0.4406
vn -0.4501 0.1787 -0.8749
vn -0.4444 0.1785 -0.8778
vn -0.4399 0.1431 -0.8866
vn -0.1969 0.0437 -0.9794
vn -0.3489 0.5434 -0.7636
vn 0.5556 0.7292 -0.3994
vn 0.5551 0.7247 -0.4083
vn 0.0326 0.4922 -0.8699
vn 0.0358 0.6161 -0.7868
vn 0.6268 0.6943 -0.3537
vn 0.6300 0.7255 -0.2772
vn 0.5831 0.7592 -0.2891
vn 0.5475 0.7870 -0.2844
vn 0.5516 0.7878 -0.2740
vn 0.5862 0.7721 -0.2454
vn 0.3856 0.8132 -0.4359
vn 0.5794 0.7584 -0.2984
vn 0.4628 0.8040 -0.3732
vn -0.8020 -0.5597 -0.2087
vn -0.9018 -0.1901 -0.3881
vn -0.5979 -0.6464 -0.4740
vn -0.6342 -0.6973 -0.3339
vn -0.4048 -0.9091 0.0989
vn 0.0122 0.6534 -0.7569
vn -0.4059 -0.9089 0.0958
vn -0.7537 -0.6572 -0.0073
vn -0.8174 -0.5669 -0.1022
vn -0.7646 -0.6444 -0.0060
vn -0.4081 -0.9093 0.0816
vn -0.7916 -0.5812 -0.1887
vn -0.8855 -0.0161 -0.4644
vn -0.8163 -0.4275 -0.3884
vn -0.8078 -0.5569 -0.1933
vn -0.8111 -0.5552 -0.1841
vn -0.7952 -0.5825 -0.1685
vn -0.8012 -0.5748 -0.1664
vn -0.8181 -0.5593 -0.1340
vn -0.8135 -0.5652 -0.1372
vn -0.7900 -0.5416 -0.2874
vn -0.8501 -0.4523 -0.2697
vn -0.6491 0.2699 -0.7113
vn 0.3014 0.6795 -0.6689
vn 0.4831 0.7416 -0.4655
vn 0.4950 0.7336 -0.4656
vn 0.6660 0.7104 -0.2275
vn 0.6111 0.7259 -0.3157
vn 0.6185 0.7456 -0.2479
vn 0.6115 0.7477 -0.2588
vn 0.6164 0.7443 -0.2570
vn 0.5810 0.7540 -0.3064
vn 0.5770 0.7471 -0.3299
vn 0.5437 0.7841 -0.2993
vn 0.5494 0.7779 -0.3051
vn 0.4868 0.8471 -0.2129
vn 0.5349 0.7606 -0.3679
vn 0.6014 0.7055 -0.3748
vn 0.5820 0.7650 -0.2757
vn 0.6020 0.7474 -0.2811
vn 0.5882 0.7720 -0.2409
vn 0.6715 0.6904 -0.2693
vn 0.6157 0.7686 -0.1740
vn 0.5438 0.7885 -0.2875
vn -0.8124 -0.2948 -0.5031
vn -0.8125 -0.5319 -0.2387
vn -0.7981 -0.5737 -0.1840
vn -0.8005 -0.5294 -0.2810
vn -0.8702 -0.4573 -0.1833
vn -0.8695 -0.2784 -0.4080
vn -0.8241 -0.5629 0.0634
vn -0.5706 -0.8141 -0.1080
vn -0.6099 -0.5942 0.5244
vn -0.4244 -0.7565 0.4976
vn -0.7519 -0.5823 -0.3090
vn -0.9829 -0.1425 -0.1169
vn -0.8612 -0.1955 -0.4692
vn -0.6960 -0.7126 -0.0884
vn -0.7569 -0.6296 -0.1752
vn -0.7728 -0.6236 -0.1175
vn -0.8309 -0.5559 -0.0251
vn -0.4352 -0.8991 0.0465
vn -0.8463 -0.1578 -0.5088
vn -0.8855 -0.1309 -0.4458
vn -0.9044 -0.4053 -0.1334
vn -0.8477 -0.5092 -0.1484
vn -0.8322 -0.5410 -0.1215
vn -0.9109 -0.2189 -0.3497
vn -0.8335 -0.2242 -0.5051
vn -0.7882 -0.5888 -0.1789
vn -0.8299 -0.5475 -0.1072
vn -0.8034 -0.5556 -0.2140
vn 0.5442 0.8059 -0.2331
vn 0.4730 0.7502 -0.4619
vn 0.1968 0.7505 -0.6309
vn 0.4813 0.7463 -0.4598
vn 0.6546 0.7231 -0.2206
vn 0.5794 0.6973 -0.4219
vn 0.6455 0.7052 -0.2934
vn 0.5890 0.7156 -0.3755
vn 0.6175 0.7389 -0.2699
vn 0.5444 0.7856 -0.2940
vn 0.4503 0.8018 -0.3929
vn 0.5522 0.7870 -0.2752
vn 0.6770 0.6734 -0.2970
vn 0.5965 0.7888 -0.1482
vn 0.6332 0.7718 -0.0578
vn 0.6879 0.5392 -0.4859
vn 0.2284 0.5759 -0.7850
vn 0.2762 0.5989 -0.7517
vn 0.0964 0.9941 -0.0504
vn -0.1776 0.9344 -0.3088
vn -0.0643 0.5668 -0.8214
vn 0.2218 0.6766 -0.7022
vn 0.3354 0.9070 -0.2548
vn 0.1689 0.7823 -0.5995
vn 0.4096 0.5955 -0.6911
vn 0.6627 0.6948 -0.2794
vn -0.4930 0.4587 -0.7393
vn -0.9038 -0.2449 -0.3510
vn -0.8609 -0.4642 -0.2085
vn -0.8450 -0.5159 -0.1404
vn -0.8391 -0.4780 -0.2598
vn -0.9898 -0.0869 -0.1129
vn -0.9917 -0.0775 -0.1028
vn -0.7834 -0.6205 0.0364
vn -0.7186 -0.6721 -0.1785
vn -0.3135 -0.9455 -0.0880
vn -0.7545 -0.6192 -0.2174
vn -0.8114 -0.5526 -0.1904
vn -0.8258 -0.5256 -0.2045
vn -0.8245 -0.5302 -0.1979
vn -0.8113 -0.5641 -0.1535
vn -0.3893 -0.7165 -0.5788
vn -0.4626 -0.5385 -0.7043
vn -0.7733 -0.2031 -0.6006
vn 0.1217 0.5244 -0.8427
vn 0.6290 0.7387 -0.2421
vn 0.6173 0.7624 -0.1940
vn 0.6600 0.7080 -0.2513
vn 0.6178 0.7375 -0.2727
vn 0.6555 0.6829 -0.3225
vn 0.6584 0.7199 -0.2194
vn 0.6144 0.7491 -0.2477
vn 0.5949 0.3044 -0.7440
vn 0.6186 0.7450 -0.2496
vn 0.6126 0.7488 -0.2532
vn 0.6337 0.7620 -0.1334
vn 0.6573 0.7071 -0.2607
vn 0.6257 0.7604 -0.1742
vn 0.6843 0.7045 -0.1879
vn 0.4243 0.8264 -0.3702
vn 0.4502 0.7997 -0.3972
vn 0.4585 0.7931 -0.4010
vn -0.1767 0.9630 -0.2033
vn 0.5939 0.7476 -0.2973
vn 0.1179 0.6388 -0.7603
vn 0.5732 0.7857 -0.2326
vn 0.5723 0.7778 -0.2597
vn 0.4617 0.8652 -0.1955
vn 0.4478 0.6778 -0.5831
vn -0.7954 -0.3739 -0.4770
vn -0.8684 -0.4349 -0.2382
vn -0.5783 -0.7370 0.3498
vn -0.7757 -0.6267 0.0739
vn -0.5707 -0.8162 -0.0904
vn -0.2297 -0.9623 0.1456
vn -0.5108 -0.8553 0.0868
vn -0.4114 -0.9102 0.0482
vn -0.6410 -0.7667 0.0368
vn -0.6524 -0.7535 0.0807
vn -0.8484 -0.4605 -0.2611
vn -0.7355 -0.5748 -0.3588
vn -0.3789 -0.4800 -0.7912
vn -0.7641 -0.6006 -0.2354
vn -0.9807 -0.1920 -0.0380
vn -0.8405 0.3670 -0.3985
vn -0.8077 -0.5540 -0.2019
vn -0.7993 -0.5944 -0.0889
vn -0.8569 -0.4953 -0.1430
vn -0.7998 -0.5640 -0.2053
vn -0.7257 -0.2403 -0.6446
vn -0.4373 -0.3210 -0.8401
vn -0.7818 -0.1714 -0.5995
vn -0.4754 0.2370 -0.8472
vn 0.5603 0.7391 -0.3740
vn 0.4849 0.8304 -0.2744
vn 0.6060 0.7937 -0.0518
vn 0.6573 0.7322 -0.1785
vn 0.1220 0.5326 -0.8376
vn 0.5599 0.7795 -0.2809
vn 0.6116 0.7324 -0.2993
vn 0.6491 0.7163 -0.2562
vn 0.6184 0.7529 -0.2254
vn 0.6354 0.7494 -0.1862
vn 0.6378 0.7463 -0.1905
vn 0.6373 0.7466 -0.1907
vn 0.6330 0.7367 -0.2378
vn 0.6128 0.7333 -0.2944
vn 0.6048 0.7500 -0.2678
vn 0.6437 0.7366 -0.2075
vn 0.6230 0.7269 -0.2888
vn 0.5648 0.8019 -0.1949
vn 0.6851 0.6807 -0.2593
vn 0.3486 0.7176 -0.6029
vn 0.5638 0.8029 -0.1939
vn 0.6951 0.6849 -0.2185
vn 0.7290 0.6775 -0.0976
vn 0.7309 0.6744 -0.1050
vn 0.4862 0.8538 -0.1860
vn 0.6288 0.6404 -0.4411
vn 0.6870 0.5347 -0.4921
vn 0.5240 0.7210 -0.4534
vn 0.3195 0.9100 -0.2642
vn 0.5430 0.7173 -0.4367
vn 0.3342 0.8886 -0.3143
vn -0.4133 0.4902 -0.7674
vn -0.7925 -0.5707 -0.2149
vn -0.9138 -0.1412 -0.3810
vn -0.9251 -0.1733 -0.3379
vn -0.6111 -0.7162 -0.3370
vn -0.9165 -0.3734 0.1436
vn -0.5228 -0.7937 0.3109
vn -0.7843 -0.6130 0.0951
vn -0.3548 -0.9347 0.0187
vn -0.9768 -0.0675 -0.2034
vn -0.8468 -0.2303 -0.4794
vn -0.8381 -0.5449 0.0259
vn -0.4277 -0.9034 0.0304
vn -0.7582 -0.6316 -0.1619
vn -0.9651 0.0140 -0.2615
vn -0.9850 -0.1126 -0.1305
vn -0.8023 -0.5906 -0.0869
vn -0.8032 -0.5923 -0.0634
vn -0.7601 -0.2084 -0.6155
vn -0.0345 0.9119 0.4089
vn 0.5049 0.6750 -0.5380
vn 0.5920 0.7722 -0.2310
vn 0.6037 0.7509 -0.2676
vn 0.2920 0.7777 -0.5567
vn 0.9037 -0.0303 -0.4271
vn 0.5445 0.7874 -0.2890
vn 0.6343 0.7480 -0.1953
vn 0.6618 0.7182 -0.2149
vn 0.4689 0.8654 -0.1769
vn 0.7410 0.6505 -0.1670
vn 0.2998 0.9430 0.1446
vn 0.0900 0.9864 -0.1374
vn 0.9395 0.3427 -0.0039
vn 0.1468 0.9878 -0.0525
vn 0.0484 0.7134 -0.6991
vn 0.0032 0.8822 -0.4709
vn 0.0394 0.8761 -0.4805
vn 0.3437 0.8985 -0.2729
vn 0.6074 0.7903 -0.0810
vn 0.4956 0.8461 -0.1960
vn 0.6099 0.7730 -0.1749
vn 0.5115 0.8446 -0.1585
vn -0.8402 -0.5278 -0.1247
vn -0.8461 -0.5023 -0.1785
vn -0.6076 -0.6109 -0.5076
vn -0.8040 -0.3892 -0.4496
vn -0.9617 -0.2384 -0.1352
vn -0.3025 -0.9355 -0.1824
vn -0.3864 -0.9144 0.1204
vn -0.4500 -0.8928 -0.0176
vn -0.4962 -0.8087 0.3159
vn -0.7955 -0.6018 0.0711
vn -0.7954 -0.6055 0.0273
vn -0.7163 -0.6906 0.1002
vn -0.4009 -0.9014 -0.1636
vn -0.3564 -0.9288 -0.1021
vn -0.3466 -0.9376 0.0283
vn -0.9871 -0.1598 0.0053
vn -0.8591 -0.4469 -0.2493
vn -0.8804 -0.4367 -0.1850
vn -0.8439 -0.5364 -0.0026
vn -0.9566 -0.0214 -0.2907
vn -0.1932 -0.9746 -0.1132
vn 0.5635 0.6311 -0.5332
vn -0.9596 -0.1444 0.2415
vn -0.8617 -0.4922 -0.1230
vn -0.7963 -0.5964 -0.1011
vn -0.7910 -0.6092 -0.0562
vn -0.8396 -0.5225 -0.1483
vn -0.8351 -0.5450 -0.0742
vn -0.8220 -0.5649 -0.0728
vn -0.0597 0.3154 -0.9471
vn -0.8582 -0.3977 -0.3245
vn 0.3478 0.7910 -0.5034
vn 0.7715 0.6128 -0.1709
vn 0.8510 0.3965 -0.3444
vn 0.6142 0.7213 -0.3202
vn 0.6576 0.6941 -0.2929
vn 0.6878 0.7212 -0.0819
vn 0.6465 0.7367 -0.1980
vn 0.6870 0.7016 -0.1893
vn 0.6692 0.6549 -0.3510
vn -0.1873 0.6156 -0.7655
vn 0.1471 0.9232 -0.3550
vn 0.1202 0.9692 -0.2150
vn 0.4029 0.9004 -0.1641
vn 0.0773 0.8461 -0.5274
vn 0.5897 0.7528 -0.2925
vn 0.7533 0.6171 -0.2275
vn 0.1129 0.8044 -0.5833
vn 0.4514 0.7244 -0.5210
vn 0.3915 0.9196 -0.0328
vn 0.0373 -0.8933 -0.4480
vn 0.3356 0.9359 0.1068
vn 0.2964 0.9536 -0.0521
vn 0.0605 0.9981 0.0081
vn 0.4438 0.7969 -0.4099
vn 0.7696 0.6380 -0.0264
vn 0.6993 0.5204 -0.4901
vn 0.5235 0.7262 0.4456
vn 0.2449 0.5344 -0.8090
vn 0.1136 0.8480 -0.5177
vn 0.4476 0.7148 -0.5372
vn 0.8711 0.4835 -0.0862
vn 0.8446 0.5004 0.1903
vn 0.9736 0.2033 -0.1041
vn 0.2204 0.8089 -0.5451
vn 0.6319 0.7193 -0.2886
vn 0.6072 0.6959 -0.3834
vn 0.3677 0.9252 -0.0935
vn 0.1586 0.8741 -0.4591
vn -0.7498 0.6257 -0.2154
vn -0.4210 0.4495 -0.7878
vn -0.8847 -0.4610 -0.0691
vn -0.9019 -0.4319 0.0062
vn -0.9012 -0.4190 -0.1109
vn -0.8208 -0.4998 -0.2766
vn -0.8511 -0.5180 -0.0859
vn -0.8330 -0.5390 -0.1252
vn -0.8536 -0.5118 -0.0976
vn -0.8392 -0.5340 -0.1028
vn -0.9312 -0.3051 -0.1995
vn -0.9410 -0.1515 -0.3027
vn -0.6023 -0.7939 -0.0831
vn -0.9065 -0.1423 -0.3975
vn -0.5147 -0.5871 0.6248
vn -0.6862 -0.6829 0.2506
vn -0.7204 -0.6860 0.1021
vn -0.6060 -0.7687 0.2047
vn -0.6058 -0.7685 0.2058
vn -0.6056 -0.7688 0.2054
vn -0.7162 -0.6905 0.1011
vn -0.7239 -0.6818 0.1052
vn -0.5994 -0.7763 -0.1953
vn -0.5494 -0.8193 0.1640
vn -0.5824 -0.8126 -0.0213
vn -0.6103 -0.7348 0.2961
vn -0.8824 -0.4294 0.1925
vn -0.9002 -0.3971 -0.1790
vn -0.8512 -0.5182 0.0837
vn -0.9119 -0.3537 -0.2082
vn -0.8433 -0.5370 -0.0211
vn -0.2501 -0.9316 0.2638
vn -0.3170 -0.9482 -0.0183
vn -0.4181 -0.9020 0.1082
vn -0.9107 -0.4048 -0.0823
vn -0.7371 -0.5666 -0.3683
vn -0.9791 -0.1236 -0.1615
vn -0.9115 -0.0907 -0.4012
vn -0.8728 -0.3345 -0.3553
vn -0.9569 -0.1480 -0.2498
vn -0.8094 -0.5712 -0.1363
vn -0.8026 -0.5930 -0.0641
vn -0.3708 -0.9260 -0.0718
vn -0.7669 -0.5534 -0.3250
vn -0.8481 -0.5266 -0.0585
vn -0.7859 -0.5916 -0.1802
vn -0.7847 -0.1705 -0.5960
vn -0.7545 -0.2464 -0.6083
vn 0.3604 0.9307 -0.0628
vn -0.0511 0.5454 -0.8366
vn 0.4558 0.3940 0.7981
vn 0.6522 0.2551 -0.7139
vn 0.4298 0.9027 0.0179
vn 0.4119 0.1211 0.9032
vn 0.6263 0.7377 -0.2521
vn 0.6913 0.7075 -0.1468
vn 0.7191 0.6535 -0.2362
vn 0.4312 0.8435 0.3204
vn 0.3301 0.8659 -0.3758
vn 0.8128 0.4473 -0.3732
vn 0.1123 0.8883 -0.4453
vn 0.8161 0.3277 -0.4760
vn 0.7139 0.6792 -0.1703
vn 0.2064 0.9772 -0.0496
vn 0.7075 0.6650 0.2390
vn 0.9202 0.2053 0.3334
vn 0.9851 0.1178 0.1252
vn 0.6607 0.6400 -0.3922
vn 0.6629 0.6337 -0.3988
vn 0.5709 0.7624 -0.3047
vn 0.8795 0.4635 -0.1078
vn 0.2006 0.3436 -0.9174
vn 0.7040 0.7066 0.0715
vn 0.5787 0.7815 -0.2333
vn 0.6157 0.7735 -0.1504
vn 0.5931 0.7918 -0.1461
vn 0.1783 0.9686 -0.1732
vn -0.6143 0.5063 -0.6052
vn -0.9018 0.2397 -0.3597
vn -0.9001 -0.4146 -0.1342
vn -0.6512 -0.7210 -0.2369
vn -0.6238 -0.7775 -0.0799
vn -0.6512 -0.7578 -0.0406
vn -0.4938 -0.8558 -0.1544
vn -0.4233 -0.8595 0.2865
vn -0.5641 -0.8233 -0.0628
vn -0.3223 -0.9303 -0.1751
vn -0.6113 -0.7767 0.1515
vn -0.7255 -0.6854 0.0622
vn -0.8825 -0.4463 -0.1485
vn -0.7676 -0.5844 0.2632
vn -0.8413 -0.4314 -0.3256
vn -0.8508 -0.4935 -0.1807
vn -0.7098 -0.6759 0.1984
vn -0.7089 -0.6763 0.2001
vn -0.9368 -0.0532 -0.3458
vn -0.9630 -0.1249 -0.2388
vn -0.7971 -0.5899 -0.1295
vn -0.7686 -0.6250 -0.1360
vn -0.8976 -0.4341 -0.0764
vn 0.7148 0.6713 -0.1960
vn -0.1268 0.9374 -0.3243
vn 0.5324 -0.0409 0.8455
vn 0.8898 0.4540 0.0467
vn 0.6526 0.7549 -0.0659
vn 0.0345 0.8491 -0.5272
vn 0.7818 0.4829 -0.3944
vn 0.9480 0.2987 0.1103
vn 0.8108 0.5853 -0.0017
vn 0.7862 0.6179 -0.0129
vn 0.3469 0.8370 -0.4232
vn 0.9200 0.2059 0.3336
vn 0.9896 0.0364 -0.1391
vn -0.8352 -0.5499 0.0107
vn 0.9351 0.3117 -0.1689
vn 0.8275 0.2793 -0.4871
vn 0.2185 0.9419 -0.2551
vn 0.8435 0.4290 0.3231
vn 0.6177 0.6160 -0.4889
vn 0.8667 0.4410 -0.2329
vn 0.8654 0.4486 -0.2234
vn 0.2419 0.7613 -0.6016
vn 0.4919 0.8455 -0.2079
vn 0.8477 0.5005 -0.1759
vn 0.3099 0.7231 -0.6174
vn 0.5577 0.8095 -0.1835
vn 0.5811 0.7796 -0.2335
vn 0.5683 0.7752 -0.2758
vn 0.5548 0.7927 -0.2528
vn 0.5848 0.7761 -0.2360
vn 0.5628 0.7920 -0.2368
vn 0.6055 0.7864 -0.1220
vn 0.4969 0.8462 -0.1927
vn -0.6895 0.6941 -0.2072
vn -0.5877 0.7266 -0.3557
vn -0.8423 -0.5369 -0.0479
vn -0.8476 -0.5178 -0.1158
vn -0.8286 -0.5508 -0.0997
vn -0.6171 -0.7679 -0.1718
vn -0.5939 -0.7962 -0.1151
vn -0.6500 -0.7471 -0.1389
vn -0.5788 -0.8151 0.0252
vn -0.8509 -0.5114 -0.1206
vn -0.5368 -0.8370 0.1063
vn -0.7707 -0.6323 -0.0796
vn -0.5718 -0.7866 0.2332
vn -0.6093 -0.7798 0.1441
vn -0.9286 -0.3696 -0.0323
vn -0.9188 -0.3659 0.1483
vn -0.1452 -0.9892 -0.0211
vn -0.1369 -0.9898 -0.0387
vn -0.6962 -0.2984 -0.6528
vn -0.1851 -0.5685 0.8016
vn 0.4331 0.5970 -0.6753
vn 0.7331 -0.0332 -0.6793
vn -0.9186 0.1499 -0.3657
vn 0.7662 0.6410 -0.0442
vn 0.5816 0.7968 -0.1640
vn 0.7145 0.6934 -0.0931
vn 0.2169 0.9611 -0.1711
vn 0.3958 0.6751 -0.6226
vn 0.2962 0.9442 -0.1437
vn 0.9024 0.4291 -0.0399
vn 0.6874 0.7068 -0.1671
vn 0.7522 0.4556 -0.4761
vn 0.8269 0.5621 -0.0129
vn 0.6995 0.7069 -0.1047
vn 0.7129 0.6924 -0.1110
vn 0.4409 0.7906 -0.4249
vn 0.1329 0.9789 -0.1550
vn 0.3515 0.9267 0.1331
vn 0.8660 0.3177 0.3862
vn 0.5553 0.8133 -0.1737
vn 0.5452 0.6156 0.5690
vn 0.9465 0.2874 0.1467
vn -0.8537 -0.5059 -0.1237
vn 0.4431 0.6783 0.5862
vn 0.8660 0.4571 0.2028
vn 0.5847 0.7758 -0.2372
vn 0.5910 0.7674 -0.2486
vn 0.5785 0.7853 -0.2207
vn 0.5791 0.7847 -0.2211
vn 0.5813 0.7947 -0.1746
vn 0.5925 0.7961 -0.1228
vn 0.5761 0.8105 -0.1059
vn 0.3113 0.8934 -0.3239
vn -0.8490 -0.5239 -0.0691
vn -0.8327 -0.5279 -0.1672
vn -0.8286 -0.5249 -0.1947
vn -0.6364 -0.7701 0.0441
vn -0.7785 -0.6105 -0.1454
vn -0.7758 -0.6111 -0.1574
vn -0.7557 -0.6354 0.1585
vn -0.8885 -0.4318 -0.1555
vn 0.0355 0.9992 -0.0204
vn -0.9895 -0.1312 -0.0607
vn -0.8233 -0.4619 -0.3300
vn -0.9882 -0.0885 0.1250
vn -0.7267 -0.6571 0.2003
vn -0.6290 -0.6870 0.3637
vn -0.5816 -0.7890 0.1981
vn -0.4627 -0.8864 -0.0089
vn -0.2636 -0.8154 0.5154
vn -0.8598 -0.4445 -0.2514
vn -0.9435 -0.3200 -0.0863
vn -0.9027 -0.4254 -0.0640
vn -0.6243 -0.7805 -0.0330
vn -0.5958 -0.6471 0.4757
vn -0.8479 -0.4709 0.2438
vn -0.9264 -0.2295 -0.2984
vn -0.1893 -0.9533 -0.2355
vn -0.7039 -0.6972 -0.1358
vn -0.8905 -0.2618 -0.3721
vn -0.4969 -0.7388 -0.4553
vn -0.7396 -0.3912 -0.5477
vn -0.7544 -0.6289 -0.1880
vn -0.7603 -0.6175 -0.2015
vn -0.4998 -0.5501 -0.6690
vn -0.7975 -0.5966 -0.0897
vn -0.8257 -0.5421 -0.1562
vn -0.8264 -0.5417 -0.1533
vn -0.5674 -0.8056 0.1707
vn -0.5682 -0.7827 0.2541
vn -0.5334 -0.8198 0.2086
vn -0.6795 -0.7328 0.0358
vn -0.8600 -0.4541 -0.2328
vn 0.8448 -0.5294 0.0779
vn -0.3964 0.0421 -0.9171
vn 0.5923 0.7419 -0.3141
vn 0.6549 0.7485 -0.1042
vn 0.5971 0.7930 -0.1211
vn -0.0573 0.8932 -0.4460
vn 0.9270 0.3742 0.0273
vn 0.8848 0.3017 -0.3551
vn 0.0767 0.9943 -0.0741
vn 0.0578 0.9866 -0.1529
vn 0.9676 0.2522 -0.0141
vn 0.7848 0.6154 -0.0729
vn 0.6485 0.6597 -0.3798
vn 0.4691 0.8664 0.1713
vn 0.5079 0.8558 -0.0984
vn 0.9816 0.1079 -0.1574
vn 0.8104 0.1794 0.5577
vn 0.9990 0.0375 -0.0254
vn 0.9961 0.0619 -0.0630
vn 0.9551 0.2000 -0.2187
vn 0.6892 0.7099 -0.1450
vn 0.6799 0.7193 -0.1427
vn 0.6321 0.7358 -0.2432
vn 0.5768 0.8011 -0.1595
vn 0.5664 0.8091 -0.1567
vn 0.5883 0.8005 -0.1143
vn 0.5941 0.7975 -0.1049
vn 0.1370 0.9807 -0.1398
vn -0.8850 0.1880 -0.4260
vn -0.9028 -0.4088 -0.1335
vn -0.8567 -0.5150 -0.0272
vn -0.8532 -0.5208 -0.0267
vn -0.8546 -0.5174 -0.0442
vn -0.8528 -0.5199 -0.0482
vn -0.8567 -0.5069 -0.0959
vn -0.8482 -0.5034 -0.1647
vn -0.8466 -0.5043 -0.1700
vn -0.8427 -0.5169 -0.1506
vn -0.8362 -0.5258 -0.1560
vn -0.8431 -0.5067 -0.1798
vn -0.8344 -0.5261 -0.1644
vn -0.8401 -0.5343 -0.0933
vn -0.8030 -0.5765 -0.1511
vn -0.8210 -0.5602 -0.1104
vn -0.6402 -0.7674 -0.0344
vn -0.7260 -0.6847 -0.0645
vn -0.9821 -0.0314 -0.1856
vn -0.6265 -0.7563 0.1882
vn -0.8289 -0.5104 -0.2289
vn -0.8791 -0.4702 -0.0781
vn -0.3909 -0.9203 -0.0184
vn -0.4341 -0.9008 -0.0131
vn -0.7996 -0.3925 -0.4545
vn -0.6883 -0.7078 -0.1591
vn -0.5043 -0.7725 -0.3859
vn -0.5586 -0.7262 0.4008
vn 0.2516 -0.9253 0.2839
vn -0.6137 -0.7893 0.0209
vn -0.9160 -0.4008 -0.0159
vn -0.5709 -0.8190 -0.0581
vn -0.7172 -0.3305 0.6135
vn -0.8094 -0.0586 -0.5843
vn -0.8023 -0.5764 -0.1553
vn -0.7874 -0.6095 -0.0924
vn -0.8074 -0.1276 0.5761
vn -0.9649 0.2605 -0.0342
vn -0.7614 -0.6300 0.1528
vn 0.0212 -0.9977 -0.0637
vn -0.7471 -0.6589 -0.0878
vn -0.7290 -0.2563 -0.6348
vn 0.4429 0.8264 -0.3478
vn 0.8111 0.5671 0.1433
vn 0.5161 0.7942 0.3208
vn 0.9322 0.0367 -0.3600
vn 0.6472 0.6503 -0.3978
vn -0.2080 0.6610 0.7210
vn 0.0957 0.9644 0.2466
vn 0.7691 0.4908 0.4095
vn 0.6295 0.7175 -0.2983
vn 0.8549 0.5182 0.0226
vn 0.6079 0.7321 -0.3074
vn 0.1656 0.9847 -0.0537
vn 0.5647 0.8004 -0.2013
vn 0.0584 0.9866 -0.1523
vn 0.5668 0.8100 -0.1502
vn 0.7067 0.7070 -0.0256
vn 0.7698 0.5752 -0.2767
vn -0.2741 0.9601 -0.0550
vn 0.9971 0.0729 0.0198
vn 0.7995 0.1658 0.5773
vn 0.8279 0.1761 0.5326
vn 0.7599 0.6373 -0.1280
vn 0.7304 0.6823 0.0321
vn 0.7568 0.6335 -0.1610
vn 0.9850 0.1185 0.1254
vn 0.5912 0.7740 -0.2266
vn 0.5718 0.7665 -0.2923
vn 0.5047 0.8387 -0.2047
vn 0.8586 0.4953 -0.1320
vn 0.5867 0.7689 -0.2543
vn 0.5912 0.7679 -0.2466
vn 0.6812 0.7176 -0.1448
vn 0.6288 0.7520 -0.1978
vn 0.5731 0.8074 -0.1403
vn 0.5870 0.8015 -0.1144
vn 0.5838 0.7957 -0.1616
vn 0.5907 0.7950 -0.1379
vn 0.6255 0.7728 -0.1075
vn 0.5829 0.8088 -0.0778
vn 0.1561 0.9859 -0.0600
vn 0.2124 0.9376 -0.2752
vn -0.8476 0.5152 -0.1268
vn -0.8586 0.4906 -0.1486
vn -0.9179 -0.3959 -0.0271
vn -0.9202 -0.3845 -0.0737
vn -0.8384 -0.5451 -0.0080
vn -0.9021 -0.4312 -0.0175
vn -0.8435 -0.5356 -0.0415
vn -0.8694 -0.4882 -0.0765
vn -0.8493 -0.5241 -0.0629
vn -0.8678 -0.4946 -0.0476
vn -0.8515 -0.5155 -0.0961
vn -0.7961 -0.6002 -0.0772
vn -0.7168 -0.6928 -0.0790
vn -0.8397 -0.5283 -0.1258
vn -0.7752 -0.6183 -0.1296
vn -0.8251 -0.5534 -0.1138
vn -0.8227 -0.5460 -0.1582
vn -0.8224 -0.5466 -0.1582
vn -0.8430 -0.5235 -0.1238
vn -0.8046 -0.5923 -0.0410
vn -0.8353 -0.5367 -0.1192
vn -0.5637 -0.8136 -0.1422
vn -0.8925 -0.4509 0.0107
vn -0.9898 -0.0499 -0.1332
vn -0.8525 -0.3637 -0.3754
vn -0.4359 -0.4802 -0.7612
vn -0.6413 -0.4115 0.6476
vn -0.8170 -0.5181 0.2532
vn -0.3665 -0.8069 0.4631
vn -0.7210 -0.6120 0.3250
vn -0.5038 -0.6240 0.5973
vn -0.9784 -0.0100 -0.2067
vn -0.9976 -0.0609 -0.0333
vn -0.9757 -0.1624 -0.1473
vn -0.6436 -0.7620 -0.0724
vn -0.5057 -0.8611 -0.0521
vn -0.6773 -0.3147 -0.6650
vn -0.7458 -0.6396 -0.1864
vn -0.5862 -0.7010 -0.4062
vn -0.1852 -0.8998 -0.3951
vn -0.8685 -0.0485 0.4934
vn -0.5884 -0.3433 -0.7321
vn -0.7540 -0.4990 -0.4272
vn -0.0680 0.9643 -0.2561
vn 0.5834 0.7353 -0.3451
vn 0.6399 0.7525 -0.1558
vn 0.7179 -0.6722 0.1811
vn 0.6113 0.5781 -0.5405
vn 0.6675 0.7247 -0.1710
vn 0.6543 0.5567 -0.5119
vn 0.2415 0.5521 -0.7980
vn 0.2541 0.9615 -0.1046
vn 0.7251 0.6488 -0.2310
vn 0.4816 0.8727 -0.0807
vn 0.9741 0.1839 0.1315
vn 0.6763 0.7275 -0.1156
vn 0.7688 0.6386 -0.0338
vn 0.6585 0.7477 -0.0864
vn 0.6856 0.6939 -0.2201
vn 0.5692 0.8016 -0.1828
vn 0.5700 0.7286 -0.3798
vn 0.8382 0.4395 -0.3228
vn 0.9695 0.0847 0.2300
vn 0.8419 0.5134 0.1664
vn 0.6728 0.7264 -0.1402
vn 0.7572 0.6416 -0.1225
vn 0.3059 0.9489 -0.0779
vn 0.4956 0.8013 -0.3352
vn 0.7710 0.6366 -0.0170
vn 0.7771 0.5916 -0.2147
vn 0.7459 0.6055 -0.2774
vn 0.7344 0.6196 -0.2772
vn 0.7624 0.6451 -0.0504
vn 0.6573 0.7461 -0.1065
vn 0.6957 0.6979 -0.1699
vn 0.6606 0.7340 -0.1579
vn 0.6047 0.7738 -0.1883
vn 0.6596 0.7398 -0.1328
vn 0.5095 0.8375 -0.1973
vn 0.5439 0.7990 -0.2566
vn 0.6854 0.7147 -0.1389
vn 0.6137 0.7166 -0.3314
vn 0.5592 0.8168 -0.1420
vn 0.5798 0.8019 -0.1443
vn 0.6153 0.5855 -0.5278
vn 0.6212 0.7799 -0.0770
vn 0.6219 0.7796 -0.0731
vn 0.5893 0.8029 -0.0901
vn 0.3630 0.9151 -0.1758
vn 0.6587 0.7299 -0.1826
vn -0.7370 0.5975 -0.3159
vn -0.0842 0.9964 -0.0042
vn -0.9998 0.0119 -0.0173
vn -0.9948 -0.0176 -0.1000
vn -0.9058 -0.4236 -0.0072
vn -0.8361 -0.5470 -0.0426
vn -0.8626 -0.5004 -0.0740
vn -0.8707 -0.4846 -0.0836
vn -0.8457 -0.5285 -0.0732
vn -0.8352 -0.5376 -0.1158
vn -0.8497 -0.5048 -0.1520
vn -0.8275 -0.5360 -0.1672
vn -0.9087 -0.3075 -0.2823
vn -0.7285 -0.6796 -0.0863
vn -0.8374 -0.4000 -0.3724
vn -0.8217 -0.5123 0.2497
vn -0.9277 -0.1174 0.3544
vn -0.4814 -0.6716 0.5631
vn -0.4038 -0.8852 0.2311
vn -0.3766 -0.8174 0.4360
vn -0.4987 -0.8364 -0.2274
vn -0.4248 -0.8276 -0.3670
vn -0.7882 -0.4880 -0.3749
vn -0.9807 -0.1946 0.0168
vn -0.8596 -0.5110 0.0023
vn -0.3320 -0.8809 0.3374
vn -0.7287 -0.5713 -0.3778
vn -0.9294 -0.3506 -0.1151
vn -0.3409 -0.9300 0.1372
vn -0.9085 -0.2360 -0.3448
vn -0.5484 -0.6620 -0.5109
vn 0.1633 -0.9117 0.3771
vn -0.7146 -0.6766 0.1775
vn 0.6602 -0.1830 0.7285
vn -0.0946 0.4196 -0.9028
vn 0.0336 0.7729 -0.6337
vn 0.7179 0.6704 -0.1874
vn 0.6897 0.6663 -0.2836
vn -0.0165 0.8765 0.4811
vn -0.1261 0.3325 0.9346
vn -0.3691 0.9015 0.2259
vn 0.6723 0.5659 -0.4772
vn -0.0687 0.6905 -0.7201
vn 0.6218 0.6913 -0.3681
vn 0.0349 0.9805 -0.1935
vn 0.6318 0.7475 -0.2051
vn 0.6703 0.7351 -0.1016
vn 0.6519 0.7472 -0.1296
vn 0.7417 0.6646 -0.0902
vn -0.6044 -0.7619 -0.2328
vn 0.9467 0.2986 -0.1206
vn 0.4670 0.8449 -0.2608
vn 0.9302 0.3520 0.1041
vn 0.6500 0.7598 0.0139
vn 0.7147 0.6878 -0.1269
vn 0.8837 0.4597 0.0879
vn 0.6283 0.4066 -0.6632
vn 0.7745 0.6168 -0.1405
vn 0.7549 0.6398 -0.1439
vn 0.7084 0.7025 -0.0675
vn 0.7859 0.6181 0.0146
vn 0.7465 0.6580 -0.0991
vn 0.5884 0.7917 -0.1643
vn 0.5708 0.8132 -0.1136
vn 0.6025 0.7810 -0.1647
vn 0.5748 0.8125 -0.0970
vn 0.5892 0.8029 -0.0904
vn 0.6559 0.7491 -0.0926
vn 0.6410 0.7641 -0.0720
vn 0.6297 0.7707 -0.0973
vn 0.6496 0.7564 -0.0758
vn 0.5231 0.7919 -0.3151
vn 0.4527 0.8871 -0.0903
vn -0.3985 0.8250 -0.4007
vn 0.4571 0.8816 -0.1178
vn -0.9116 0.4111 -0.0047
vn -0.9460 0.2402 -0.2179
vn 0.3452 0.9332 0.0997
vn -0.0815 0.9967 -0.0071
vn -0.9666 -0.2532 0.0398
vn -0.9018 -0.4317 0.0184
vn -0.8934 -0.4476 -0.0376
vn -0.8900 -0.4553 -0.0237
vn -0.8871 -0.4524 -0.0918
vn -0.8577 -0.5126 -0.0382
vn -0.8452 -0.5344 0.0086
vn -0.8297 -0.5582 0.0093
vn -0.8242 -0.5630 -0.0608
vn -0.8596 -0.4963 -0.1213
vn -0.8582 -0.4959 -0.1326
vn -0.8298 -0.5564 -0.0427
vn -0.8107 -0.5728 -0.1211
vn -0.6983 -0.7152 -0.0295
vn -0.7638 -0.6440 -0.0444
vn -0.7636 -0.6442 -0.0446
vn -0.8356 -0.5410 -0.0952
vn -0.7994 -0.5976 -0.0619
vn -0.9242 -0.3447 -0.1646
vn -0.8428 -0.4175 -0.3398
vn -0.3768 -0.6512 -0.6588
vn -0.6972 -0.6781 0.2324
vn -0.6749 -0.7319 0.0942
vn -0.7368 -0.5468 0.3977
vn -0.6958 -0.7123 -0.0919
vn -0.5854 -0.7971 -0.1480
vn -0.8931 -0.4373 0.1056
vn -0.5264 -0.5694 0.6315
vn -0.5503 -0.8143 0.1847
vn -0.5754 -0.8040 0.1497
vn -0.8231 -0.2820 0.4930
vn -0.6001 -0.7954 0.0853
vn -0.8692 -0.4746 0.1384
vn -0.8039 -0.5366 -0.2565
vn -0.7146 -0.3467 -0.6075
vn -0.8287 -0.3102 0.4659
vn -0.8650 -0.1971 -0.4613
vn 0.4290 0.7336 -0.5270
vn 0.0824 0.8097 -0.5811
vn 0.6478 0.7535 -0.1125
vn 0.6398 0.7224 -0.2625
vn 0.6842 0.7246 -0.0831
vn 0.6613 0.7227 -0.2011
vn 0.6838 0.7085 -0.1747
vn 0.8724 0.4099 0.2662
vn 0.5738 0.8116 0.1099
vn 0.5257 0.7584 0.3853
vn 0.4721 0.7868 0.3976
vn 0.4254 0.8320 -0.3561
vn 0.3736 0.8029 0.4645
vn -0.6727 0.7335 0.0975
vn 0.7048 0.6253 0.3349
vn 0.5675 0.7815 -0.2594
vn 0.9625 0.2069 -0.1753
vn 0.7848 0.6193 -0.0228
vn 0.4909 0.8144 0.3096
vn 0.6945 0.7162 -0.0696
vn 0.6310 0.7542 -0.1818
vn 0.5860 0.7877 0.1903
vn 0.6997 0.7144 -0.0086
vn 0.7142 0.6925 -0.1018
vn 0.6552 0.7552 0.0202
vn 0.8195 0.5712 0.0478
vn 0.3440 0.7185 -0.6045
vn 0.7461 0.6655 0.0208
vn 0.7360 0.6188 -0.2747
vn 0.6962 0.7148 0.0655
vn 0.4563 0.7582 -0.4657
vn 0.6594 0.7510 0.0346
vn 0.7009 0.7030 -0.1201
vn 0.8062 0.5911 -0.0246
vn 0.7573 0.6448 -0.1036
vn -0.6722 -0.7403 0.0014
vn 0.9494 0.3107 0.0464
vn 0.8004 0.5696 -0.1871
vn 0.5885 0.7957 -0.1430
vn 0.5873 0.7962 -0.1452
vn 0.6117 0.7783 -0.1417
vn 0.6095 0.7869 -0.0962
vn 0.6303 0.7662 -0.1253
vn 0.6425 0.7584 -0.1100
vn 0.6546 0.7519 -0.0781
vn 0.6565 0.7492 -0.0870
vn 0.6012 0.7965 -0.0639
vn 0.6892 0.7198 -0.0824
vn -0.1356 -0.2064 -0.9690
vn 0.3052 0.9510 0.0500
vn -0.9145 0.4003 0.0588
vn 0.4513 0.8826 -0.1316
vn -0.9821 0.1507 -0.1131
vn -0.8254 -0.5645 0.0074
vn -0.8412 -0.5397 -0.0337
vn -0.8111 -0.5849 -0.0089
vn -0.8157 -0.5781 -0.0204
vn -0.8643 -0.5028 -0.0118
vn -0.8147 -0.5799 -0.0100
vn -0.8593 -0.5080 -0.0602
vn -0.8756 -0.4754 -0.0857
vn -0.8722 -0.4843 -0.0688
vn -0.8047 -0.5884 -0.0787
vn -0.7580 -0.6519 -0.0226
vn -0.6541 -0.7561 -0.0213
vn -0.7818 -0.6228 -0.0307
vn -0.4739 -0.8800 -0.0323
vn -0.7002 -0.5290 -0.4794
vn -0.2926 -0.4076 0.8650
vn -0.8301 -0.4300 -0.3551
vn -0.1466 -0.2565 0.9554
vn -0.6540 -0.6570 0.3750
vn -0.7900 -0.5971 0.1393
vn 0.5100 0.2892 0.8101
vn -0.6125 -0.5154 0.5994
vn 0.1852 -0.7143 0.6749
vn -0.6613 -0.7334 0.1573
vn -0.6057 -0.7957 -0.0004
vn -0.6172 -0.7811 -0.0944
vn -0.8465 -0.5289 0.0600
vn -0.3575 -0.8888 -0.2867
vn -0.9806 -0.1956 0.0152
vn -0.3470 -0.8716 0.3461
vn -0.4632 -0.8222 0.3309
vn -0.0513 -0.4501 0.8915
vn -0.7840 -0.6205 -0.0210
vn -0.8047 -0.5919 -0.0463
vn -0.5938 -0.7990 0.0952
vn -0.5091 -0.8235 -0.2502
vn -0.9619 -0.0867 -0.2591
vn -0.9678 0.0499 -0.2466
vn -0.7765 -0.6164 -0.1304
vn -0.8032 -0.5785 -0.1418
vn -0.7316 -0.6599 0.1713
vn -0.7965 -0.6028 0.0464
vn 0.4328 0.6781 -0.5940
vn 0.3119 0.6518 -0.6913
vn 0.9030 0.4170 0.1031
vn 0.8596 0.5110 -0.0002
vn 0.9236 0.3590 -0.1346
vn 0.6404 0.7206 -0.2656
vn 0.9683 -0.2426 0.0598
vn 0.4402 0.7598 -0.4784
vn -0.2731 0.9619 -0.0125
vn 0.9620 0.2131 0.1705
vn 0.7457 0.6209 -0.2418
vn 0.8048 0.5892 -0.0716
vn 0.7281 0.6534 -0.2071
vn 0.6140 0.7068 -0.3513
vn 0.4985 0.8114 -0.3053
vn 0.4973 0.7812 -0.3773
vn 0.5985 0.7118 -0.3676
vn 0.6443 0.7186 0.2618
vn 0.9867 0.0454 -0.1561
vn 0.7511 0.5195 0.4073
vn 0.6553 0.7449 0.1256
vn 0.5513 0.8239 -0.1310
vn 0.6166 0.7807 -0.1014
vn 0.6745 0.5850 0.4502
vn 0.6383 0.7405 0.2105
vn 0.9579 0.2640 -0.1126
vn 0.8407 0.3745 -0.3911
vn 0.8087 0.5849 0.0624
vn 0.0008 0.9991 0.0413
vn 0.7280 0.6701 -0.1449
vn 0.5936 0.7695 -0.2354
vn 0.6930 0.6526 -0.3062
vn 0.6963 0.7113 -0.0959
vn 0.6978 0.7096 -0.0975
vn 0.7848 0.6191 0.0274
vn 0.9833 -0.1755 0.0484
vn 0.9847 -0.1304 0.1159
vn 0.9784 0.1286 0.1620
vn 0.9817 -0.0682 0.1781
vn 0.8097 0.5865 -0.0206
vn 0.6740 0.7188 -0.1703
vn 0.6614 0.7433 -0.1008
vn 0.6909 0.7144 -0.1111
vn -0.7365 -0.5389 -0.4087
vn 0.6410 0.7607 -0.1024
vn 0.5952 0.8005 -0.0705
vn 0.6435 0.7653 -0.0174
vn 0.4903 0.8686 0.0716
vn -0.3712 -0.9280 0.0332
vn 0.5238 0.8206 -0.2285
vn -0.7635 0.2009 -0.6138
vn -0.6489 0.7599 -0.0385
vn -0.9901 0.1381 -0.0271
vn -0.8209 -0.5711 -0.0012
vn -0.8178 -0.5754 0.0051
vn -0.8162 -0.5777 0.0008
vn -0.8130 -0.5822 -0.0020
vn -0.8108 -0.5852 -0.0153
vn -0.8160 -0.5780 -0.0020
vn -0.8144 -0.5803 -0.0041
vn -0.8389 -0.5441 -0.0106
vn -0.8122 -0.5783 -0.0767
vn -0.8123 -0.5792 -0.0686
vn -0.8046 -0.5881 -0.0825
vn -0.4296 -0.9022 -0.0379
vn -0.4530 -0.8867 -0.0919
vn -0.2825 -0.9370 0.2053
vn -0.2928 -0.9552 0.0444
vn -0.6902 -0.7225 -0.0389
vn -0.5978 -0.7961 0.0946
vn -0.7637 -0.6441 -0.0430
vn -0.7784 -0.6264 -0.0427
vn -0.6266 -0.7468 -0.2227
vn -0.6019 -0.7947 0.0788
vn -0.3580 -0.8130 0.4592
vn -0.4913 -0.8518 0.1821
vn -0.4837 -0.8387 0.2504
vn 0.2448 -0.8644 0.4392
vn 0.4259 -0.9009 -0.0840
vn 0.0767 -0.9383 0.3371
vn -0.5514 -0.8160 0.1733
vn -0.3758 -0.9142 -0.1520
vn -0.0870 -0.9909 0.1028
vn -0.8451 -0.5258 0.0964
vn -0.7946 -0.5759 0.1920
vn -0.9325 -0.3606 -0.0177
vn -0.7582 -0.6394 0.1276
vn -0.9911 -0.1329 0.0092
vn -0.8670 -0.2121 0.4509
vn 0.2494 -0.9650 -0.0807
vn -0.0670 -0.9815 0.1793
vn -0.5491 -0.5937 -0.5882
vn -0.7268 -0.6001 0.3341
vn -0.8006 -0.5688 -0.1884
vn -0.7465 -0.5944 -0.2989
vn -0.3384 0.2065 -0.9181
vn -0.3689 0.4175 -0.8304
vn 0.3664 0.7472 -0.5545
vn 0.5413 0.7220 -0.4310
vn 0.7553 0.5872 -0.2912
vn 0.8416 0.5400 -0.0108
vn 0.8147 0.5681 0.1167
vn 0.8015 0.5834 0.1314
vn 0.8276 0.5494 0.1152
vn 0.8596 0.5103 -0.0260
vn 0.8458 0.5335 -0.0044
vn 0.6654 0.7052 -0.2448
vn 0.6497 0.7190 -0.2468
vn 0.6648 0.7064 -0.2430
vn 0.6308 0.7285 -0.2672
vn 0.6367 0.7382 0.2230
vn 0.1090 0.9832 0.1464
vn 0.3998 0.9166 0.0071
vn 0.5617 0.7939 -0.2328
vn 0.3032 0.7502 -0.5876
vn 0.6239 0.5554 -0.5498
vn 0.7645 0.6089 -0.2117
vn 0.5493 0.6979 -0.4596
vn 0.6933 0.7076 -0.1364
vn 0.3139 0.9494 0.0106
vn 0.4036 0.8749 -0.2677
vn 0.9671 0.2544 -0.0050
vn 0.8194 0.4676 0.3315
vn 0.9380 -0.2910 0.1885
vn 0.9287 -0.2899 0.2312
vn 0.8794 0.4716 0.0648
vn 0.9815 -0.1124 0.1550
vn 0.9997 -0.0128 -0.0210
vn 0.6994 -0.6228 0.3507
vn 0.7485 -0.6246 0.2227
vn 0.9796 -0.0701 0.1885
vn 0.9629 -0.2288 0.1429
vn 0.7837 0.5951 -0.1782
vn 0.6727 0.3157 -0.6691
vn 0.9331 0.3072 0.1872
vn 0.6873 0.7140 -0.1338
vn 0.9678 0.1728 -0.1831
vn 0.6912 0.7141 -0.1109
vn 0.9739 0.1609 -0.1599
vn 0.8202 0.5712 0.0322
vn 0.7234 0.6791 -0.1244
vn 0.6821 0.7260 -0.0872
vn 0.6705 0.7395 -0.0592
vn 0.6819 0.7262 -0.0879
vn 0.6891 0.7160 -0.1121
vn 0.6748 0.7360 -0.0546
vn 0.6541 0.7516 -0.0859
vn 0.6573 0.7454 -0.1110
vn -0.5899 0.4647 0.6603
vn -0.9995 -0.0319 -0.0053
vn -0.7914 -0.6111 0.0157
vn -0.8064 -0.5907 -0.0288
vn -0.7930 -0.6092 -0.0064
vn -0.7977 -0.6028 -0.0166
vn -0.8163 -0.5761 0.0425
vn -0.7852 -0.6192 -0.0070
vn -0.6286 -0.7753 -0.0607
vn -0.8192 -0.5736 -0.0036
vn -0.8126 -0.5824 -0.0224
vn -0.8236 -0.5645 -0.0541
vn -0.8157 -0.5724 -0.0835
vn -0.4412 -0.8967 -0.0349
vn -0.4365 -0.8994 -0.0243
vn 0.1567 -0.9876 -0.0125
vn -0.2262 -0.9384 0.2613
vn -0.3071 -0.9512 0.0307
vn -0.7381 -0.6747 -0.0023
vn -0.7607 -0.6490 0.0104
vn -0.7068 -0.6871 -0.1686
vn -0.6263 -0.6926 -0.3578
vn -0.5737 -0.7660 -0.2901
vn -0.8827 -0.4697 -0.0152
vn 0.2107 -0.9024 0.3758
vn 0.0387 -0.8759 0.4809
vn 0.6781 -0.6035 0.4194
vn 0.3910 -0.8063 0.4438
vn -0.5141 -0.6346 0.5770
vn -0.7980 -0.5935 -0.1043
vn -0.0960 -0.9587 0.2676
vn -0.3561 -0.9255 0.1293
vn -0.3360 -0.9388 0.0765
vn -0.9792 -0.1854 -0.0829
vn -0.9962 -0.0845 0.0224
vn -0.7252 -0.6852 0.0679
vn -0.3497 -0.9048 0.2431
vn -0.4315 -0.8824 0.1876
vn -0.4729 -0.8180 0.3275
vn -0.7770 -0.6232 0.0888
vn -0.9794 -0.2011 -0.0206
vn -0.7898 -0.3384 0.5115
vn -0.8788 -0.3259 0.3486
vn -0.5571 -0.8263 -0.0834
vn -0.8421 -0.5195 -0.1450
vn -0.7157 -0.1923 -0.6714
vn -0.9181 -0.1335 -0.3733
vn -0.8780 -0.2094 -0.4304
vn -0.8780 -0.2098 -0.4302
vn -0.2160 0.4963 -0.8408
vn 0.6948 0.3626 -0.6211
vn 0.3142 0.7389 -0.5961
vn 0.5318 0.7312 -0.4273
vn 0.6842 0.7035 -0.1924
vn 0.6756 0.7028 -0.2228
vn 0.6581 0.7262 -0.1988
vn 0.6606 0.7231 -0.2017
vn 0.7594 -0.5126 -0.4006
vn 0.4765 0.8460 -0.2392
vn 0.8007 0.4924 -0.3413
vn 0.9818 -0.1771 -0.0692
vn 0.7603 0.6494 0.0143
vn 0.8065 0.5848 0.0869
vn 0.8703 0.4708 0.1445
vn 0.8594 0.5104 0.0308
vn 0.3318 0.9404 -0.0741
vn 0.3728 0.8481 0.3765
vn 0.2479 0.8276 -0.5036
vn 0.8183 0.5017 -0.2804
vn 0.9403 -0.2697 0.2075
vn 0.8537 -0.4857 0.1878
vn 0.7360 -0.6513 0.1848
vn 0.7001 -0.6207 0.3530
vn 0.7043 -0.6204 0.3451
vn 0.7560 -0.5923 0.2786
vn 0.7641 -0.6441 0.0370
vn 0.9962 0.0822 -0.0292
vn 0.7530 -0.3263 -0.5714
vn 0.9980 -0.0619 0.0098
vn 0.7628 0.6279 -0.1542
vn 0.7126 0.6858 -0.1480
vn 0.9937 -0.0655 0.0911
vn 0.5717 0.5187 -0.6357
vn 0.8946 0.4021 0.1950
vn 0.6945 0.7127 -0.0988
vn 0.7687 0.5657 -0.2986
vn 0.7292 0.6837 -0.0280
vn 0.6882 0.7193 -0.0943
vn 0.6744 0.7278 -0.1244
vn 0.6851 0.7248 -0.0724
vn -0.7911 -0.6116 -0.0125
vn -0.7880 -0.6156 0.0111
vn -0.7525 -0.6578 -0.0308
vn -0.8048 -0.5921 -0.0405
vn -0.7977 -0.6027 -0.0217
vn 0.7450 0.6567 0.1171
vn -0.7768 -0.6293 -0.0247
vn 0.3675 -0.9260 -0.0861
vn -0.5048 -0.8631 0.0165
vn -0.7966 -0.6042 -0.0177
vn -0.8077 -0.5891 -0.0232
vn -0.8301 -0.5569 -0.0287
vn -0.8231 -0.5649 -0.0584
vn -0.8151 -0.5778 -0.0422
vn 0.2060 -0.9744 -0.0903
vn 0.3920 -0.9175 0.0677
vn 0.4500 -0.8551 0.2576
vn 0.1602 -0.9871 -0.0060
vn -0.2150 -0.9766 0.0017
vn -0.2177 -0.9613 0.1686
vn -0.2862 -0.9550 0.0785
vn -0.7379 -0.6749 -0.0082
vn -0.2646 -0.9643 0.0146
vn -0.3605 -0.8090 0.4643
vn 0.3416 -0.8760 0.3406
vn 0.0786 -0.9378 0.3381
vn 0.0910 -0.7828 0.6156
vn -0.1063 -0.8489 0.5177
vn -0.5223 -0.8254 0.2143
vn -0.0606 -0.9712 0.2306
vn -0.8073 -0.5900 0.0126
vn -0.9622 -0.2606 0.0789
vn -0.7793 -0.6263 -0.0212
vn -0.7534 -0.6559 0.0470
vn -0.7853 -0.4555 -0.4194
vn 0.8741 0.4854 0.0164
vn -0.8865 -0.3374 -0.3168
vn -0.2097 -0.5352 -0.8183
vn -0.7886 -0.5954 -0.1536
vn -0.8668 -0.3919 0.3084
vn -0.7783 -0.5632 0.2775
vn -0.7827 -0.5912 -0.1945
vn 0.8464 0.5058 0.1665
vn -0.7947 -0.5985 -0.1010
vn -0.7930 -0.5904 -0.1503
vn -0.4624 -0.8693 0.1749
vn -0.7824 -0.3980 -0.4790
vn 0.9134 0.3966 0.0920
vn -0.9568 0.1760 -0.2315
vn -0.8040 0.4664 0.3689
vn 0.5249 0.6078 -0.5959
vn 0.8370 0.5335 0.1222
vn 0.7189 0.6479 -0.2520
vn 0.6125 0.7887 -0.0540
vn 0.7104 0.6834 -0.1680
vn 0.7023 0.6787 -0.2148
vn 0.6685 0.7048 -0.2374
vn 0.6600 0.7269 -0.1899
vn 0.3168 0.9043 -0.2861
vn 0.4757 0.2222 -0.8510
vn 0.7704 0.1107 -0.6278
vn 0.7735 0.6293 -0.0761
vn 0.5058 0.8617 -0.0399
vn 0.4775 0.8733 -0.0960
vn 0.8677 0.4096 0.2818
vn 0.8253 0.3754 0.4218
vn 0.8060 0.5815 0.1103
vn 0.8702 0.4710 0.1448
vn 0.3211 0.8491 -0.4194
vn 0.0389 0.9813 -0.1884
vn 0.7860 0.5823 -0.2077
vn 0.8053 0.5563 -0.2051
vn 0.9295 0.2601 0.2615
vn 0.8301 0.4902 0.2656
vn 0.9061 0.3524 0.2339
vn 0.9309 -0.1354 0.3393
vn 0.9715 0.2350 0.0309
vn 0.9622 0.2299 0.1458
vn 0.8895 -0.3560 0.2863
vn 0.9749 -0.1967 -0.1047
vn 0.7818 -0.6222 0.0411
vn 0.5511 -0.7467 0.3725
vn 0.8129 -0.4754 0.3365
vn 0.7074 -0.6108 0.3557
vn 0.6588 -0.6550 0.3701
vn 0.5204 -0.8491 0.0908
vn 0.3751 -0.8484 0.3734
vn -0.2053 -0.9443 0.2571
vn 0.3994 -0.8779 0.2641
vn 0.3705 -0.9170 0.1477
vn 0.3482 -0.9277 0.1347
vn 0.1978 -0.9082 -0.3690
vn 0.0483 -0.9701 0.2379
vn 0.0151 -0.9809 0.1939
vn 0.1638 -0.9556 0.2450
vn -0.3120 -0.9007 0.3025
vn -0.5501 -0.8351 -0.0029
vn -0.0675 -0.8914 0.4482
vn 0.0955 -0.8982 0.4292
vn -0.0976 -0.4449 0.8902
vn 0.0159 -0.6357 0.7718
vn -0.0051 -0.5792 0.8152
vn -0.0378 -0.8729 0.4864
vn -0.7074 -0.6215 0.3366
vn 0.0224 -0.6942 0.7194
vn 0.1825 -0.7089 0.6813
vn -0.7152 -0.6779 0.1698
vn -0.3119 -0.8209 0.4783
vn 0.0485 -0.9723 0.2288
vn 0.0497 -0.6590 0.7505
vn -0.5769 -0.8123 0.0854
vn -0.7373 -0.6684 -0.0979
vn -0.8721 -0.3867 -0.2998
vn -0.9034 -0.4287 -0.0109
vn -0.7858 -0.6178 -0.0297
vn -0.5750 -0.8096 -0.1181
vn 0.1654 -0.8650 0.4738
vn -0.8568 -0.2943 0.4235
vn -0.2025 0.0441 -0.9783
vn -0.8635 -0.4036 0.3025
vn -0.7113 -0.5478 -0.4405
vn -0.6644 -0.5735 -0.4792
vn -0.4245 -0.7931 -0.4369
vn -0.9075 -0.1990 -0.3699
vn -0.8025 -0.5680 -0.1829
vn -0.6738 -0.7363 0.0627
vn -0.5921 -0.7710 0.2344
vn -0.6741 -0.5990 -0.4322
vn -0.8815 -0.1895 -0.4325
vn 0.8233 0.1602 0.5445
vn -0.8527 -0.2622 -0.4518
vn -0.6311 -0.3724 -0.6805
vn -0.8100 -0.4236 -0.4056
vn -0.5423 0.2002 -0.8160
vn 0.4272 0.6983 -0.5743
vn 0.4579 0.1333 -0.8789
vn -0.0145 0.8473 -0.5310
vn 0.5951 0.6409 -0.4848
vn 0.7152 0.6506 -0.2554
vn 0.8141 0.5790 0.0453
vn 0.7920 0.6104 0.0094
vn 0.5320 0.7630 0.3672
vn -0.2233 0.8918 -0.3934
vn 0.8182 0.5450 0.1834
vn 0.7098 0.6964 -0.1056
vn 0.7642 0.6328 -0.1246
vn 0.7209 0.6925 -0.0273
vn 0.7825 0.5615 0.2692
vn 0.5481 0.8322 -0.0842
vn 0.8503 0.5204 0.0780
vn 0.5451 0.8384 -0.0013
vn 0.5067 0.8604 0.0542
vn 0.4785 0.8780 -0.0087
vn 0.1629 0.9662 -0.1996
vn 0.0912 0.8753 -0.4750
vn 0.5571 0.6821 -0.4737
vn 0.7551 0.6549 0.0296
vn 0.8437 0.5227 0.1224
vn 0.7803 0.6094 0.1407
vn 0.8254 0.5586 -0.0819
vn 0.8657 0.4530 0.2128
vn 0.1922 0.9402 0.2812
vn 0.4819 0.7196 -0.5000
vn 0.2819 0.8196 -0.4989
vn 0.8681 0.4721 -0.1533
vn 0.9391 0.3315 0.0903
vn 0.9536 -0.1466 0.2631
vn 0.9463 0.0242 0.3224
vn 0.7371 -0.5233 -0.4276
vn 0.2897 -0.9117 0.2913
vn -0.0901 -0.9810 0.1720
vn 0.3908 -0.8469 0.3605
vn -0.1562 -0.9149 0.3722
vn -0.3447 -0.9199 0.1870
vn -0.3334 -0.9033 0.2701
vn -0.0090 -0.9425 0.3341
vn 0.3410 -0.8924 0.2956
vn 0.0377 -0.9300 0.3656
vn -0.0100 -0.9478 0.3186
vn -0.5438 -0.8292 0.1290
vn -0.2342 -0.8859 0.4003
vn 0.6727 -0.6827 0.2852
vn 0.1394 -0.8323 0.5366
vn 0.0263 -0.9893 0.1435
vn 0.5031 -0.2844 0.8161
vn -0.1520 -0.7412 0.6538
vn -0.7278 -0.6452 0.2324
vn -0.7074 -0.6873 0.1652
vn -0.1523 -0.5637 0.8118
vn 0.0722 -0.7680 0.6364
vn -0.3148 -0.8297 0.4609
vn -0.3466 -0.9367 0.0488
vn -0.5018 -0.7386 0.4501
vn -0.8009 -0.5595 0.2132
vn -0.3787 -0.8596 0.3430
vn -0.6887 -0.6876 -0.2300
vn -0.8642 -0.4929 -0.1008
vn -0.7220 -0.6838 -0.1053
vn -0.1286 -0.8183 0.5602
vn 0.1274 -0.8276 0.5466
vn 0.0480 -0.9838 0.1725
vn -0.7415 -0.5398 -0.3985
vn -0.9814 -0.0542 0.1843
vn -0.9577 -0.1408 0.2511
vn -0.8051 -0.5757 -0.1427
vn -0.7694 -0.6068 -0.1997
vn -0.7855 -0.6122 -0.0906
vn -0.5988 -0.7512 0.2776
vn -0.7392 -0.6670 -0.0937
vn -0.7867 -0.4420 -0.4310
vn -0.8156 -0.2477 -0.5229
vn -0.8713 -0.1730 -0.4592
vn 0.0930 0.9183 -0.3848
vn -0.4889 0.4539 -0.7449
vn -0.4297 0.4156 -0.8016
vn -0.4265 0.4836 -0.7643
vn 0.4533 0.7483 -0.4844
vn 0.5810 0.7552 -0.3035
vn -0.0899 0.5076 -0.8569
vn 0.5987 0.7592 -0.2554
vn 0.1649 0.9809 0.1034
vn 0.1582 0.6960 -0.7003
vn 0.7539 0.6563 0.0312
vn 0.9441 0.1232 0.3058
vn -0.0966 0.9853 0.1407
vn -0.0874 0.9103 -0.4047
vn 0.0973 0.9941 -0.0469
vn 0.3768 0.8354 -0.4000
vn 0.9843 0.0168 0.1758
vn 0.3994 0.9165 -0.0239
vn 0.7879 0.5947 0.1600
vn 0.1974 0.9803 0.0018
vn 0.9068 0.4111 -0.0938
vn 0.9662 0.2280 -0.1203
vn 0.6380 0.7478 -0.1835
vn 0.9763 0.1705 0.1331
vn 0.8612 0.4966 -0.1088
vn 0.8024 -0.5600 0.2064
vn 0.9305 0.3144 0.1881
vn 0.9307 0.2471 0.2697
vn 0.7277 -0.6474 0.2264
vn -0.2785 -0.9501 0.1403
vn -0.5505 -0.7496 0.3675
vn -0.2017 -0.9736 -0.1072
vn -0.3357 -0.8965 0.2890
vn -0.2233 -0.9425 0.2486
vn 0.0846 -0.9690 0.2320
vn 0.3745 -0.8169 0.4386
vn -0.2590 -0.9658 0.0126
vn -0.0647 -0.2162 0.9742
vn 0.0410 -0.9020 0.4298
vn -0.2187 -0.9727 -0.0775
vn 0.7766 -0.6285 0.0429
vn 0.4594 -0.7475 0.4798
vn 0.6085 -0.2907 0.7384
vn -0.0370 -0.8750 0.4827
vn 0.1905 -0.5707 0.7987
vn -0.6664 -0.7297 0.1529
vn -0.9563 -0.2838 -0.0701
vn -0.8810 -0.4381 -0.1790
vn -0.8194 -0.5732 0.0081
vn -0.7419 -0.6701 0.0222
vn -0.3431 -0.8951 0.2846
vn -0.8238 -0.5379 0.1791
vn -0.8367 -0.1808 -0.5170
vn -0.8277 -0.5249 -0.1986
vn -0.7530 -0.6461 0.1247
vn -0.9407 -0.3390 0.0114
vn -0.7921 -0.5856 -0.1721
vn -0.7329 -0.6716 -0.1090
vn -0.2477 -0.9526 0.1767
vn -0.5907 -0.7778 -0.2146
vn -0.6845 -0.6992 -0.2061
vn -0.4912 0.7404 -0.4588
vn -0.8251 -0.1611 -0.5415
vn -0.8243 -0.1631 -0.5421
vn -0.9646 0.0674 -0.2551
vn -0.7340 0.3086 -0.6050
vn 0.6268 0.7122 -0.3161
vn -0.5312 0.5924 -0.6057
vn -0.5268 0.7706 -0.3588
vn -0.0312 0.9176 -0.3962
vn 0.9773 0.1917 -0.0900
vn 0.9750 0.2213 0.0213
vn 0.8601 0.3127 -0.4031
vn 0.9015 0.4315 -0.0333
vn 0.8862 0.4615 0.0418
vn -0.7236 -0.6443 0.2478
vn 0.7194 0.6469 -0.2530
vn 0.6373 0.7257 -0.2593
vn -0.0799 0.9805 -0.1797
vn 0.6850 0.7286 0.0022
vn -0.1014 0.8569 -0.5054
vn 0.5165 0.6193 -0.5914
vn 0.8124 0.5465 0.2033
vn 0.9963 -0.0618 0.0601
vn 0.8229 0.4285 0.3731
vn 0.2496 0.9582 -0.1395
vn 0.4451 0.8779 -0.1766
vn 0.9296 0.1926 0.3142
vn 0.9778 0.0816 -0.1929
vn 0.8705 0.3749 0.3188
vn 0.2534 0.9310 0.2627
vn 0.2211 0.9147 0.3382
vn 0.8037 0.4176 0.4240
vn 0.9915 0.1292 0.0160
vn 0.9512 0.1008 0.2916
vn 0.7730 0.4270 0.4691
vn 0.2002 -0.0819 -0.9763
vn 0.4761 0.8707 -0.1234
vn 0.9815 0.1482 0.1209
vn 0.9112 0.1618 0.3787
vn 0.8870 0.2200 0.4059
vn 0.9119 -0.3815 0.1515
vn 0.1242 -0.9288 0.3492
vn 0.0227 -0.9907 0.1342
vn -0.2967 -0.8943 0.3349
vn -0.2067 -0.9160 0.3438
vn 0.4738 -0.5806 0.6622
vn 0.3569 -0.6246 0.6946
vn 0.3702 -0.6129 0.6980
vn 0.4615 -0.4174 0.7828
vn 0.6834 -0.4559 0.5702
vn 0.7335 -0.6355 0.2410
vn 0.3116 -0.0118 0.9501
vn 0.1174 -0.9225 0.3677
vn 0.8473 0.0358 0.5298
vn 0.6566 -0.7541 -0.0099
vn 0.5392 -0.3000 0.7869
vn 0.3276 -0.4185 0.8471
vn 0.4873 -0.7874 0.3777
vn 0.2283 -0.5982 0.7682
vn -0.1370 -0.5481 0.8251
vn 0.0271 -0.8791 0.4758
vn 0.2758 -0.8015 0.5305
vn 0.2020 -0.9083 0.3663
vn 0.0883 -0.8143 0.5736
vn 0.0746 -0.8106 0.5808
vn -0.7647 -0.5326 0.3628
vn -0.7614 -0.5403 0.3583
vn -0.7699 -0.5399 0.3401
vn -0.3793 -0.9125 -0.1534
vn -0.7612 -0.6284 -0.1601
vn -0.7588 -0.6273 -0.1754
vn -0.7378 -0.6656 -0.1121
vn -0.7009 -0.7012 -0.1305
vn -0.8676 -0.3889 -0.3098
vn -0.7369 -0.5209 -0.4309
vn -0.9410 0.1998 0.2732
vn -0.3764 0.2495 -0.8922
vn 0.0465 0.8585 -0.5107
vn 0.0538 0.7491 -0.6603
vn -0.7950 0.6051 -0.0439
vn -0.0358 0.8395 -0.5422
vn 0.4651 0.7821 -0.4146
vn 0.4833 0.7646 -0.4264
vn 0.7396 0.5619 -0.3704
vn 0.6359 0.7701 0.0509
vn 0.6027 0.7915 0.1012
vn 0.5805 0.8142 0.0118
vn 0.6315 0.7754 0.0002
vn 0.5164 0.8454 0.1363
vn 0.9892 0.1467 0.0059
vn 0.8738 0.4549 -0.1717
vn 0.5436 0.7559 -0.3649
vn 0.1547 0.9605 -0.2311
vn 0.7802 0.2731 0.5628
vn 0.1665 0.6373 -0.7524
vn 0.0025 0.9075 -0.4201
vn 0.7828 0.5949 0.1825
vn 0.8673 0.2403 0.4358
vn 0.5309 0.6911 -0.4905
vn 0.8739 -0.1640 0.4576
vn 0.7255 0.6712 -0.1520
vn 0.3640 0.9290 -0.0673
vn 0.7845 0.6178 -0.0537
vn 0.5788 0.7971 0.1720
vn 0.1006 0.9949 0.0058
vn 0.3470 0.8507 -0.3948
vn 0.2417 0.9664 0.0881
vn 0.7169 0.4314 0.5477
vn 0.8122 0.5717 0.1162
vn 0.8845 0.1774 0.4314
vn 0.4975 0.5756 0.6490
vn 0.6464 0.7607 -0.0598
vn 0.5426 -0.3040 0.7830
vn 0.3921 0.8050 0.4452
vn 0.7893 0.5271 0.3150
vn 0.7561 0.5161 0.4024
vn 0.8631 0.4343 0.2580
vn 0.7158 -0.6296 0.3021
vn 0.9179 0.3809 -0.1111
vn 0.2416 -0.9628 0.1210
vn 0.8017 0.3332 0.4962
vn 0.2908 -0.7875 0.5434
vn -0.2181 -0.9539 0.2062
vn 0.1561 -0.9594 0.2348
vn -0.0120 -0.9683 0.2494
vn -0.4388 -0.8650 0.2432
vn 0.6581 0.3736 0.6537
vn 0.7646 -0.6439 -0.0276
vn 0.5581 -0.3689 0.7433
vn 0.9039 0.2369 0.3561
vn 0.9224 -0.1808 0.3412
vn 0.9094 0.2283 0.3477
vn 0.4544 0.3401 0.8233
vn 0.0096 0.1182 0.9929
vn 0.0029 -0.7002 0.7140
vn 0.6020 -0.4512 0.6588
vn 0.3434 -0.3141 0.8851
vn 0.1319 -0.8986 0.4185
vn -0.3792 -0.7715 0.5109
vn -0.2743 -0.9221 0.2730
vn -0.6834 -0.6729 0.2831
vn -0.4406 -0.8683 -0.2277
vn -0.7331 -0.6658 -0.1388
vn -0.9329 -0.0862 -0.3496
vn -0.9645 -0.2303 -0.1289
vn -0.7576 -0.6421 0.1172
vn -0.5595 -0.3273 -0.7614
vn -0.5708 -0.4512 -0.6860
vn -0.7308 -0.3115 -0.6073
vn -0.7637 -0.6251 -0.1615
vn -0.7727 -0.6205 -0.1343
vn -0.7730 -0.6193 -0.1375
vn -0.7780 -0.6002 -0.1857
vn -0.8186 -0.5558 -0.1449
vn -0.8444 -0.4563 -0.2808
vn -0.7793 -0.5752 -0.2487
vn -0.0150 0.8831 -0.4690
vn 0.3455 0.9269 0.1467
vn -0.9910 -0.1168 0.0649
vn -0.9064 0.2742 -0.3214
vn 0.0816 0.9806 -0.1783
vn 0.0663 0.7555 -0.6518
vn -0.0390 0.8417 -0.5385
vn 0.5331 0.7758 -0.3375
vn 0.6267 0.7180 -0.3027
vn 0.5828 0.7294 -0.3582
vn 0.9895 0.1348 -0.0521
vn 0.7337 0.6683 -0.1226
vn 0.6341 0.6600 -0.4029
vn 0.7170 0.3240 0.6173
vn 0.8982 0.0803 0.4322
vn 0.9327 0.3606 -0.0038
vn 0.0552 0.8224 -0.5663
vn -0.0097 0.8693 -0.4941
vn 0.8999 0.4045 -0.1632
vn 0.8757 -0.0746 0.4771
vn 0.7585 0.6278 -0.1750
vn 0.4381 0.8290 -0.3476
vn 0.3631 0.9001 -0.2408
vn 0.7121 0.6899 0.1306
vn 0.6713 0.7399 -0.0436
vn 0.6809 0.7096 0.1811
vn 0.1380 0.9876 0.0750
vn 0.6811 0.7095 0.1806
vn 0.9633 0.2666 -0.0315
vn 0.9652 -0.2177 0.1451
vn 0.9188 0.0372 0.3930
vn 0.8263 0.4940 0.2704
vn 0.6686 0.7253 -0.1639
vn 0.9798 0.1520 -0.1300
vn 0.8265 -0.5604 -0.0534
vn 0.9816 0.0406 0.1864
vn 0.9113 0.4106 -0.0312
vn 0.9338 0.2834 -0.2182
vn 0.8614 -0.5079 0.0068
vn 0.8581 -0.4112 -0.3074
vn 0.3276 -0.9292 -0.1709
vn -0.1286 -0.8258 -0.5491
vn -0.4088 -0.9067 -0.1041
vn -0.2984 -0.8964 0.3279
vn -0.3188 -0.8515 0.4164
vn -0.1958 -0.7933 0.5764
vn -0.3239 -0.8026 0.5009
vn -0.4959 -0.8607 0.1151
vn 0.3534 -0.6465 0.6762
vn -0.1203 -0.2148 -0.9692
vn 0.5372 -0.5253 0.6599
vn 0.9782 0.2054 0.0291
vn 0.2122 -0.5524 0.8061
vn 0.9207 -0.3433 0.1857
vn 0.9002 -0.1594 0.4053
vn 0.9478 0.1792 0.2639
vn 0.9002 0.0323 0.4343
vn 0.9309 -0.0268 0.3643
vn 0.9699 0.0635 0.2349
vn 0.9112 0.4115 -0.0196
vn -0.3103 -0.9506 -0.0092
vn -0.1620 -0.9868 0.0039
vn -0.5360 -0.7983 0.2746
vn -0.5488 -0.8152 0.1852
vn -0.5034 -0.8262 0.2530
vn -0.1827 -0.8569 0.4821
vn 0.4596 0.1929 0.8669
vn 0.9095 0.3512 0.2224
vn 0.9476 0.2374 0.2140
vn 0.8706 0.4837 0.0902
vn 0.9984 -0.0550 0.0142
vn 0.7424 0.5864 -0.3240
vn 0.9833 0.0196 -0.1807
vn 0.9881 0.1026 -0.1144
vn 0.9539 0.2699 -0.1312
vn -0.5353 -0.8438 -0.0382
vn -0.4408 -0.8512 0.2850
vn -0.5221 -0.8442 0.1215
vn -0.4810 -0.8752 0.0514
vn 0.1225 0.5624 0.8177
vn 0.6136 0.5488 0.5677
vn 0.7584 -0.1140 0.6418
vn -0.3129 -0.9498 0.0010
vn 0.3129 -0.5516 0.7732
vn -0.4932 -0.7414 0.4550
vn 0.9548 0.1169 0.2734
vn 0.9551 0.0584 0.2905
vn 0.9581 0.1072 0.2656
vn 0.9090 0.0799 0.4090
vn 0.9352 -0.0983 0.3403
vn 0.6089 -0.7781 0.1542
vn -0.5256 -0.8505 -0.0206
vn 0.0253 -0.6018 0.7983
vn -0.0915 -0.7838 0.6142
vn 0.6427 0.0283 0.7656
vn 0.2179 -0.7213 0.6575
vn 0.2534 -0.8195 0.5140
vn 0.4305 -0.7589 0.4886
vn -0.6292 -0.7702 0.1048
vn 0.0807 -0.5701 0.8176
vn 0.0596 -0.6138 0.7872
vn -0.0893 -0.9890 -0.1178
vn 0.9617 -0.2375 0.1366
vn 0.4682 -0.3648 0.8048
vn 0.9279 0.3424 -0.1478
vn 0.6195 -0.7236 -0.3044
vn 0.8677 0.0388 0.4955
vn 0.8673 0.2790 0.4123
vn 0.0911 -0.7171 0.6910
vn 0.3106 -0.0846 0.9468
vn 0.6300 -0.6967 0.3430
vn -0.4061 -0.8275 0.3877
vn 0.6983 0.4578 0.5503
vn 0.6250 -0.6498 0.4327
vn 0.6731 -0.5828 0.4553
vn 0.5857 -0.2939 0.7554
vn 0.2392 -0.3692 0.8980
vn 0.1951 -0.7371 0.6470
vn 0.8725 -0.1032 -0.4775
vn 0.6316 -0.2889 0.7194
vn 0.6835 -0.2803 0.6739
vn 0.9321 -0.0010 0.3622
vn 0.9932 0.0924 -0.0703
vn 0.7744 -0.4495 0.4453
vn 0.8586 -0.0521 0.5101
vn -0.0767 -0.7491 0.6580
vn -0.2596 -0.4437 0.8578
vn 0.1227 -0.6187 0.7760
vn -0.1430 -0.5434 0.8272
vn -0.2993 -0.9311 0.2084
vn -0.7646 -0.5325 0.3631
vn -0.4454 -0.8749 0.1903
vn -0.6725 -0.7257 -0.1454
vn -0.7215 -0.6879 0.0784
vn -0.7653 -0.6437 -0.0010
vn -0.7682 -0.6345 -0.0854
vn -0.1488 -0.8165 0.5578
vn -0.2268 -0.9679 -0.1084
vn -0.9858 -0.1184 0.1191
vn -0.5047 -0.8631 -0.0148
vn -0.2701 -0.1439 -0.9520
vn -0.7086 -0.7040 -0.0476
vn -0.1548 -0.9879 0.0002
vn -0.5978 -0.7741 -0.2083
vn -0.8698 0.1524 -0.4692
vn -0.5301 -0.2592 -0.8074
vn -0.8849 0.2136 0.4139
vn -0.9103 0.4132 0.0240
vn -0.4900 0.8417 -0.2267
vn -0.6008 0.2965 -0.7423
vn 0.6966 0.7164 0.0391
vn 0.5934 0.7411 0.3141
vn 0.0272 0.9568 -0.2893
vn 0.1477 0.9424 -0.3001
vn 0.5207 0.6429 -0.5618
vn 0.4887 0.8689 -0.0786
vn 0.7308 0.5281 -0.4324
vn 0.9307 0.3145 0.1869
vn 0.7183 0.5370 -0.4424
vn 0.5663 0.6247 0.5377
vn 0.7793 -0.0287 0.6259
vn 0.9474 -0.2540 0.1948
vn 0.7824 0.6217 0.0373
vn 0.9155 -0.0588 0.3980
vn 0.0237 0.9952 0.0950
vn 0.4654 0.7113 0.5267
vn 0.9877 0.1553 -0.0152
vn 0.7302 0.6830 0.0191
vn 0.3917 0.6552 -0.6459
vn 0.7933 0.6057 -0.0615
vn 0.9412 0.3347 -0.0468
vn 0.8103 0.5390 -0.2301
vn 0.8883 0.3569 0.2890
vn 0.6604 0.7163 -0.2253
vn 0.8244 0.0645 0.5623
vn 0.4667 -0.0038 0.8844
vn 0.6525 -0.3778 0.6569
vn 0.3333 -0.4174 0.8454
vn 0.2488 -0.3878 0.8875
vn 0.8026 -0.0054 0.5965
vn 0.4865 -0.6521 0.5815
vn 0.0511 0.1042 0.9932
vn -0.0558 -0.3680 0.9282
vn 0.0547 -0.7887 0.6124
vn -0.6682 -0.6527 0.3571
vn 0.3006 -0.5111 0.8052
vn 0.1591 -0.7058 0.6903
vn 0.1717 -0.6520 0.7385
vn -0.6487 -0.7232 0.2370
vn -0.6132 -0.7618 0.2090
vn -0.7495 -0.6591 -0.0620
vn -0.8565 -0.5000 0.1278
vn -0.8910 -0.4523 -0.0388
vn -0.9191 -0.3940 -0.0074
vn -0.2162 -0.8900 0.4015
vn -0.8003 -0.5829 -0.1402
vn -0.5936 -0.7590 -0.2676
vn -0.8415 0.1750 -0.5112
vn 0.8292 0.4480 0.3342
vn -0.6707 -0.0588 -0.7394
vn -0.8636 -0.2060 0.4602
vn -0.0716 0.9606 -0.2684
vn -0.8245 0.5511 0.1286
vn -0.1502 0.9522 -0.2661
vn -0.1015 0.8442 -0.5264
vn 0.4628 0.6998 -0.5442
vn 0.3958 0.6949 -0.6003
vn 0.4731 0.8332 -0.2864
vn 0.5383 0.8403 -0.0647
vn 0.4566 0.3921 0.7986
vn 0.6452 0.7632 0.0359
vn 0.9260 0.2427 -0.2891
vn 0.6705 0.6481 -0.3612
vn 0.6982 0.4670 0.5426
vn 0.6607 0.7200 0.2123
vn 0.6924 -0.2916 -0.6600
vn 0.1688 0.9650 0.2008
vn 0.2011 0.9563 -0.2124
vn 0.7776 0.5954 0.2022
vn 0.8533 -0.2642 0.4495
vn -0.2239 -0.9520 -0.2087
vn 0.3165 -0.9388 -0.1361
vn 0.1785 0.1243 0.9761
vn 0.9403 0.3214 -0.1124
vn 0.7449 0.6612 0.0894
vn 0.9559 0.2855 -0.0686
vn 0.9496 0.3125 0.0242
vn 0.9149 0.3980 0.0681
vn 0.9301 0.3674 -0.0046
vn 0.2965 0.9513 -0.0842
vn 0.9748 0.0845 0.2065
vn -0.8523 0.0180 -0.5227
vn 0.8531 -0.1450 0.5011
vn 0.8163 0.5101 -0.2709
vn 0.8363 0.5212 0.1702
vn 0.8968 0.0487 0.4398
vn 0.5909 -0.4190 0.6894
vn 0.8130 -0.5736 -0.1003
vn -0.1999 0.1667 0.9655
vn -0.2460 -0.9294 0.2751
vn -0.2625 -0.5068 0.8211
vn -0.0359 -0.8135 0.5805
vn -0.4365 -0.7388 0.5135
vn -0.7716 -0.6300 0.0882
vn -0.6996 -0.7029 0.1288
vn -0.7764 -0.6195 0.1162
vn -0.6658 -0.7193 0.1983
vn 0.6798 -0.1794 -0.7112
vn -0.2956 -0.9149 -0.2748
vn -0.4089 -0.8769 -0.2527
vn -0.7764 -0.6253 -0.0795
vn -0.9554 -0.1327 -0.2639
vn -0.5922 -0.6995 0.4000
vn -0.5911 0.0537 -0.8048
vn -0.7289 -0.5696 -0.3797
vn -0.7734 -0.5873 -0.2384
vn -0.2855 -0.9342 0.2140
vn -0.7072 -0.6799 -0.1937
vn -0.9311 0.1392 -0.3373
vn -0.8459 -0.1003 -0.5238
vn -0.6019 -0.3965 -0.6932
vn -0.7862 -0.5611 -0.2590
vn -0.5114 0.8580 0.0478
vn -0.9275 -0.3712 -0.0434
vn -0.9463 0.3068 0.1021
vn -0.9161 0.4010 0.0021
vn -0.9855 -0.1616 -0.0521
vn -0.2305 0.9591 0.1641
vn 0.7950 0.6038 -0.0582
vn 0.3772 0.5144 -0.7701
vn 0.3940 0.9166 0.0686
vn 0.6435 0.5093 -0.5714
vn 0.6344 0.5211 -0.5710
vn 0.5881 0.5131 -0.6253
vn 0.5592 0.8267 0.0614
vn -0.5369 0.7001 -0.4708
vn 0.5906 0.7912 -0.1585
vn 0.7966 0.6005 -0.0695
vn 0.6714 0.6887 -0.2737
vn 0.6925 0.7107 0.1241
vn 0.3970 0.3352 0.8544
vn 0.3947 0.3375 0.8546
vn 0.9052 0.1292 0.4049
vn 0.8696 0.2219 0.4411
vn 0.7480 0.2174 0.6271
vn 0.6734 0.4208 -0.6079
vn 0.2285 -0.1527 -0.9615
vn -0.2815 0.9537 0.1055
vn -0.4909 0.8116 -0.3168
vn -0.2668 0.9537 -0.1389
vn 0.4409 0.8971 -0.0278
vn 0.9304 0.3640 -0.0439
vn 0.8963 -0.4399 0.0564
vn 0.9313 -0.0577 -0.3598
vn 0.3714 0.6624 -0.6506
vn 0.7869 0.3981 0.4716
vn 0.2862 0.8280 -0.4822
vn 0.7448 0.6273 -0.2277
vn 0.3193 0.9431 0.0927
vn 0.3496 0.9355 0.0510
vn 0.7997 0.4681 0.3760
vn 0.7463 0.4313 0.5069
vn 0.4310 -0.3374 0.8369
vn 0.9382 0.0820 0.3362
vn 0.9458 0.1651 0.2795
vn 0.8116 -0.3194 0.4892
vn 0.9993 -0.0232 0.0296
vn -0.8230 -0.2021 -0.5309
vn 0.8262 -0.2545 0.5026
vn 0.8690 -0.1725 0.4637
vn 0.8811 0.1762 0.4388
vn 0.4952 0.8073 0.3208
vn 0.9363 0.3464 0.0571
vn 0.9529 0.2015 0.2268
vn 0.9744 0.1520 0.1657
vn 0.8218 -0.0896 0.5627
vn 0.7253 0.4530 0.5185
vn 0.5368 -0.1948 0.8209
vn 0.4982 0.3433 0.7962
vn 0.6184 0.7363 0.2748
vn 0.1673 -0.3501 0.9217
vn 0.3888 -0.9196 0.0560
vn 0.3151 -0.3539 0.8806
vn 0.2699 -0.7544 0.5984
vn 0.3897 -0.8197 0.4198
vn 0.0444 -0.7617 0.6464
vn -0.4366 -0.1017 0.8939
vn -0.0451 -0.5140 0.8566
vn -0.4905 -0.8370 0.2426
vn -0.6502 -0.7013 0.2923
vn -0.7742 -0.6318 0.0379
vn -0.7156 -0.5129 0.4743
vn -0.6174 -0.4494 0.6457
vn -0.7421 -0.6675 -0.0618
vn -0.2071 -0.2406 0.9483
vn -0.3339 -0.7474 0.5744
vn -0.3529 -0.6787 0.6441
vn -0.8043 -0.1502 0.5750
vn -0.6885 -0.7236 0.0485
vn 0.3997 -0.3958 0.8268
vn -0.8157 -0.5760 0.0525
vn -0.8667 -0.4903 -0.0921
vn -0.5950 -0.8037 -0.0095
vn -0.5362 -0.7729 -0.3393
vn -0.5702 -0.7560 0.3216
vn -0.6546 -0.3834 -0.6516
vn -0.9430 -0.3324 -0.0137
vn -0.9848 0.0051 0.1737
vn -0.7228 0.6667 0.1819
vn -0.6435 0.7254 0.2442
vn 0.2554 -0.9518 -0.1697
vn -0.4693 0.3642 0.8044
vn -0.5294 0.6047 0.5951
vn 0.0831 0.8573 -0.5080
vn 0.4581 0.7149 0.5283
vn 0.7735 0.5241 -0.3564
vn 0.7612 -0.5507 -0.3425
vn 0.9232 0.1190 0.3653
vn 0.2317 0.9161 0.3273
vn 0.5268 0.1051 0.8435
vn 0.4135 0.6989 0.5836
vn -0.0357 0.9989 -0.0304
vn 0.6556 0.4968 0.5686
vn 0.7501 0.6611 0.0150
vn 0.9834 0.1122 0.1429
vn 0.5847 0.7541 -0.2990
vn 0.6825 0.7304 -0.0268
vn 0.5963 -0.0821 0.7985
vn 0.7708 0.4958 0.4000
vn 0.6177 -0.3984 0.6781
vn 0.4658 -0.7649 0.4449
vn 0.0149 -0.9348 0.3548
vn 0.1950 -0.5846 0.7876
vn -0.2214 -0.6582 0.7195
vn 0.3796 -0.6684 0.6397
vn -0.5599 -0.5642 0.6068
vn -0.9895 -0.0714 0.1260
vn -0.7809 -0.6225 -0.0522
vn -0.4407 0.0734 0.8947
vn -0.7271 -0.6395 0.2498
vn -0.7231 -0.6862 0.0790
vn -0.5027 -0.8216 -0.2690
vn -0.7567 -0.6467 0.0961
vn -0.3425 -0.6234 0.7029
vn -0.8245 -0.5428 0.1601
vn -0.8111 -0.4881 0.3222
vn -0.7923 -0.6086 0.0439
vn -0.8160 -0.5638 0.1278
vn -0.8365 -0.5469 0.0328
vn -0.8494 -0.4697 0.2408
vn -0.6687 -0.7428 0.0322
vn -0.9447 -0.3280 0.0014
vn -0.8254 0.2734 0.4940
vn -0.7086 0.7017 0.0749
vn -0.1887 0.9656 0.1789
vn 0.7816 0.6142 0.1090
vn 0.7744 0.6048 0.1855
vn -0.4617 0.3620 0.8098
vn -0.2950 0.9053 0.3057
vn 0.5065 0.5644 0.6519
vn 0.6524 0.5962 -0.4679
vn 0.8640 0.3645 0.3474
vn 0.8103 0.4074 0.4212
vn 0.3834 0.3315 0.8620
vn -0.0347 0.8216 0.5690
vn 0.1814 0.4232 0.8877
vn -0.1219 0.0815 0.9892
vn 0.7345 -0.6431 0.2167
vn 0.3008 0.9367 0.1794
vn 0.1991 0.9766 -0.0810
vn 0.9160 0.3996 -0.0349
vn 0.4587 0.8676 0.1920
vn 0.7898 0.6129 -0.0218
vn 0.3255 0.8849 -0.3330
vn 0.7358 0.6096 0.2951
vn 0.7790 0.6115 -0.1385
vn 0.5977 0.7304 -0.3306
vn 0.9313 0.3643 0.0049
vn 0.3386 0.0340 0.9403
vn 0.9465 -0.0223 0.3220
vn 0.4662 0.3459 0.8143
vn 0.2728 -0.3569 0.8934
vn -0.0083 -0.7817 0.6236
vn -0.3524 -0.5290 0.7720
vn 0.7191 -0.4405 0.5374
vn 0.3554 -0.9339 0.0393
vn -0.0593 -0.7488 0.6602
vn -0.5860 -0.4754 0.6562
vn -0.1112 -0.9621 0.2491
vn -0.4815 -0.7397 0.4701
vn -0.6734 -0.7363 0.0659
vn -0.6113 -0.7680 -0.1910
vn -0.9007 -0.4329 0.0361
vn -0.7327 -0.6629 0.1540
vn -0.7173 -0.6884 0.1074
vn -0.5893 -0.7901 0.1684
vn -0.7401 -0.5829 -0.3355
vn -0.5773 -0.8083 -0.1156
vn -0.7640 -0.5539 -0.3310
vn -0.7157 -0.6482 -0.2600
vn -0.3091 0.5099 0.8028
vn 0.1266 0.3218 0.9383
vn -0.9339 0.2119 0.2881
vn -0.7447 -0.5679 0.3506
vn -0.9622 -0.0338 0.2702
vn 0.5411 0.7875 -0.2950
vn -0.2695 0.8733 -0.4058
vn 0.7975 0.5193 0.3072
vn 0.6998 0.5046 0.5056
vn 0.5793 0.5544 0.5976
vn 0.5770 0.7946 -0.1892
vn 0.3556 -0.4942 -0.7933
vn 0.8794 0.4711 0.0686
vn 0.4909 0.8595 0.1424
vn 0.7189 0.6823 0.1325
vn 0.9197 0.3310 -0.2111
vn 0.7059 0.7080 0.0213
vn 0.7114 0.7025 -0.0205
vn 0.9382 0.3448 -0.0296
vn 0.1402 -0.7495 -0.6469
vn 0.6617 0.7496 0.0134
vn 0.7842 0.2581 0.5642
vn 0.4913 0.3445 0.8000
vn 0.5801 -0.0053 0.8146
vn 0.9952 0.0553 -0.0805
vn 0.7491 -0.0599 0.6598
vn -0.0945 0.5196 0.8491
vn -0.2944 -0.2560 0.9207
vn 0.4078 -0.2831 0.8681
vn 0.3122 -0.2278 0.9223
vn 0.8699 -0.2316 0.4355
vn 0.2820 -0.9444 0.1693
vn 0.2353 -0.1146 0.9652
vn 0.1420 -0.3394 0.9299
vn -0.2080 -0.6046 0.7689
vn 0.3693 -0.2883 0.8835
vn -0.9069 -0.1978 0.3721
vn -0.8011 -0.5981 0.0239
vn -0.7179 -0.6765 0.1644
vn -0.6094 -0.7209 0.3300
vn -0.3124 -0.3302 0.8907
vn 0.0810 -0.3252 0.9422
vn 0.0258 0.9366 0.3494
vn -0.6188 -0.7400 0.2636
vn -0.1708 -0.4449 0.8792
vn -0.8333 -0.5523 -0.0225
vn -0.8307 -0.5370 0.1468
vn -0.5172 -0.7964 -0.3133
vn -0.8837 -0.0123 0.4678
vn -0.8169 -0.0064 0.5768
vn -0.8052 -0.5252 0.2752
vn -0.8399 0.2763 0.4671
vn -0.2191 0.9674 0.1272
vn 0.3057 0.8632 0.4019
vn 0.7594 0.6065 0.2353
vn 0.1147 0.3752 0.9198
vn -0.0617 -0.0916 0.9939
vn -0.1354 0.6808 0.7199
vn -0.7728 0.6310 0.0677
vn 0.2588 0.2131 0.9421
vn 0.4906 0.0902 0.8667
vn 0.5200 0.7479 0.4126
vn 0.7552 0.3958 0.5225
vn 0.6662 0.3828 0.6401
vn 0.4236 0.8923 0.1559
vn 0.7664 0.5442 0.3412
vn 0.6338 0.3040 0.7112
vn 0.4537 0.7721 0.4450
vn 0.7734 0.5860 -0.2418
vn 0.6774 0.5978 0.4287
vn 0.7149 0.6360 0.2907
vn 0.6314 -0.1959 0.7503
vn 0.7633 -0.2512 0.5951
vn 0.4605 -0.4461 0.7675
vn 0.7844 0.2756 0.5557
vn 0.7003 0.5782 0.4186
vn 0.7872 0.6100 0.0906
vn 0.7573 -0.0940 0.6462
vn 0.7141 0.5980 0.3641
vn 0.1434 -0.9629 0.2286
vn 0.0484 0.0550 0.9973
vn 0.0440 0.0540 0.9976
vn 0.5234 -0.2513 0.8142
vn 0.2711 -0.2899 0.9179
vn -0.6658 -0.5155 0.5394
vn 0.0519 -0.5445 0.8372
vn -0.5230 -0.4566 0.7197
vn -0.4315 -0.7853 0.4440
vn 0.7349 0.1972 0.6488
vn -0.1185 -0.9921 0.0416
vn -0.7788 -0.2332 -0.5823
vn -0.6556 -0.0264 0.7546
vn 0.2050 -0.0514 0.9774
vn -0.2822 0.2310 0.9311
vn -0.2298 -0.4220 0.8770
vn -0.1556 -0.2751 0.9487
vn -0.1233 -0.2807 0.9518
vn -0.1312 -0.7490 0.6494
vn -0.1194 -0.6125 0.7814
vn -0.9548 0.2931 -0.0502
vn 0.2600 -0.5822 -0.7704
vn -0.9078 -0.4170 0.0438
vn -0.8190 -0.5433 0.1845
vn -0.2079 0.5379 0.8170
vn -0.3969 0.4881 0.7773
vn 0.1306 0.2220 0.9663
vn 0.0424 0.7977 0.6015
vn 0.8478 0.4756 0.2348
vn 0.5488 0.7166 0.4305
vn 0.5010 0.7400 0.4488
vn -0.5261 -0.6961 -0.4886
vn 0.6230 0.4078 0.6675
vn 0.9533 -0.2271 0.1991
vn 0.6686 0.1082 0.7357
vn 0.7892 -0.0210 0.6138
vn 0.5947 0.7872 -0.1633
vn 0.6094 0.7773 -0.1561
vn 0.7578 0.6338 -0.1546
vn 0.7692 0.4686 0.4344
vn 0.7593 0.4312 0.4873
vn 0.4743 0.8317 0.2886
vn -0.0658 0.9108 0.4077
vn 0.6921 0.6857 -0.2254
vn 0.9517 -0.1832 0.2464
vn 0.5453 0.3404 0.7660
vn 0.7158 0.1584 0.6801
vn 0.4743 -0.3770 0.7956
vn 0.4637 -0.3321 0.8214
vn 0.6255 -0.1370 0.7681
vn 0.4053 -0.2938 0.8657
vn 0.9013 0.4330 0.0103
vn 0.2807 0.1211 0.9521
vn 0.1869 -0.4358 0.8804
vn -0.6853 -0.1498 0.7127
vn -0.5026 -0.7999 0.3280
vn -0.4896 -0.8647 0.1121
vn 0.0666 -0.5592 0.8264
vn -0.5211 -0.4598 0.7190
vn -0.5334 -0.8238 0.1922
vn -0.2725 -0.3242 0.9059
vn -0.3050 -0.3377 0.8905
vn -0.6545 0.5361 0.5331
vn -0.2586 -0.4226 -0.8686
vn -0.3619 -0.4247 0.8299
vn -0.7625 -0.5785 0.2898
vn -0.6925 -0.6360 0.3405
vn 0.3334 -0.3950 0.8560
vn -0.1692 -0.2597 0.9507
vn -0.4890 -0.5377 0.6868
vn -0.2143 0.2103 0.9538
vn -0.0343 0.0345 0.9988
vn -0.3436 0.1305 0.9300
vn -0.8566 0.2262 0.4637
vn -0.8561 -0.0291 0.5160
vn -0.2344 -0.1223 0.9644
vn -0.4383 -0.2852 0.8524
vn 0.1142 0.0115 0.9934
vn 0.6717 -0.0025 0.7408
vn 0.3157 0.4070 0.8572
vn -0.0047 -0.0443 0.9990
vn -0.5297 0.3293 0.7817
vn 0.5022 0.8066 0.3117
vn 0.0983 0.0209 0.9949
vn 0.1310 0.1951 0.9720
vn -0.0464 0.1440 0.9885
vn 0.2304 0.7360 0.6365
vn 0.4284 0.2013 0.8809
vn -0.8771 -0.4665 -0.1146
vn 0.8293 0.1090 0.5480
vn 0.4534 0.5873 0.6704
vn 0.4748 0.3909 0.7885
vn 0.2359 0.6537 0.7191
vn 0.2360 0.4935 0.8371
vn 0.1841 0.6540 0.7337
vn 0.9736 0.0057 -0.2284
vn 0.9647 -0.0344 -0.2611
vn 0.7951 0.5853 -0.1589
vn 0.3063 0.0172 0.9518
vn 0.8908 -0.3502 -0.2896
vn -0.1079 -0.0587 0.9924
vn 0.2673 -0.0674 0.9612
vn 0.1553 0.2563 0.9540
vn -0.0146 0.1008 0.9948
vn -0.5885 0.0154 0.8084
vn -0.9737 0.0257 0.2265
vn -0.6460 -0.7382 0.1942
vn -0.5613 -0.7858 0.2596
vn -0.2863 -0.6486 0.7053
vn -0.6891 -0.5996 0.4069
vn -0.2262 -0.3915 0.8919
vn -0.6171 -0.2770 0.7365
vn -0.2681 -0.4070 0.8732
vn -0.1472 -0.9890 -0.0166
vn -0.1193 -0.9647 0.2349
vn -0.5823 0.5699 0.5798
vn 0.3929 0.0908 0.9151
vn 0.4322 0.5535 0.7119
vn 0.5710 -0.2589 0.7790
vn 0.0071 0.7996 0.6005
vn -0.3199 0.5037 0.8025
vn 0.2587 0.1790 0.9492
vn -0.0726 0.0309 0.9969
vn -0.0011 -0.1457 0.9893
vn -0.8224 -0.4883 0.2919
vn -0.1059 0.2137 0.9712
vn 0.6472 -0.5981 0.4727
vn 0.5747 0.6347 0.5165
vn 0.4662 0.3924 0.7929
vn 0.4095 0.2364 0.8811
vn 0.2532 -0.1291 0.9588
vn 0.2752 -0.1411 0.9510
vn 0.8769 0.2362 0.4186
vn -0.1499 -0.7382 0.6578
vn 0.8221 0.0745 0.5645
vn 0.7607 -0.3521 0.5454
vn 0.6268 0.2137 0.7493
vn -0.7273 -0.4663 0.5036
vn 0.1889 -0.9488 -0.2531
vn -0.0085 -0.7346 0.6785
vn -0.2934 -0.7018 0.6492
vn 0.2280 -0.3052 0.9246
vn 0.7517 0.1973 0.6293
vn -0.1569 -0.5805 0.7990
vn -0.3912 -0.8608 0.3254
vn -0.0932 -0.1034 0.9903
vn 0.0678 -0.0299 0.9973
vn -0.4383 -0.5965 0.6723
vn -0.7594 -0.4617 0.4584
vn -0.6081 -0.7543 0.2474
vn -0.6947 -0.6111 0.3794
vn -0.3473 -0.5926 0.7268
vn -0.6558 -0.5083 0.5581
vn 0.6536 -0.5442 0.5260
vn 0.5069 0.7458 0.4323
vn 0.4635 0.7614 0.4532
vn -0.1911 -0.1180 0.9745
vn 0.6281 0.2636 0.7322
vn -0.8108 -0.4473 0.3775
vn 0.0191 0.4008 0.9160
vn 0.3335 -0.2904 0.8969
vn 0.5581 0.4787 0.6778
vn 0.3860 -0.3754 0.8426
vn 0.0362 -0.2579 0.9655
vn -0.4437 -0.6916 0.5699
vn -0.4788 -0.5475 0.6863
vn -0.8213 -0.2513 0.5121
vn 0.5306 0.2902 0.7964
vn -0.2349 0.1795 0.9553
vn 0.6908 0.3432 0.6364
vn 0.6609 -0.4537 0.5978
vn 0.2998 -0.0171 0.9538
vn 0.2368 -0.9009 0.3638
vn -0.7150 -0.0352 0.6982
vn -0.3258 0.0893 0.9412
vn 0.7262 0.3242 0.6062
vn -0.0485 -0.3103 0.9494
vn 0.2596 -0.4583 0.8500
vn 0.2705 -0.4801 0.8345
vn 0.2038 0.0803 0.9757
vn -0.3074 -0.6964 0.6484
vn -0.3564 -0.6348 0.6855
vn -0.2495 -0.6225 0.7418
vn 0.6208 -0.5851 0.5218
vn 0.4381 0.2355 0.8675
vn 0.3963 -0.2327 0.8881
vn 0.2228 -0.2475 0.9429
vn -0.0267 -0.5451 0.8380
vn -0.4821 0.8224 0.3021
vn 0.2320 -0.0062 0.9727
vn -0.3390 -0.6960 -0.6330
vn -0.9915 0.1119 -0.0657
vn 0.7543 0.3049 0.5814
vn 0.2534 -0.1515 0.9554
vn 0.5521 0.1317 0.8233
vn 0.7288 0.3795 0.5700
vn 0.4931 -0.1617 0.8548
vn 0.6196 0.0369 0.7841
vn -0.4674 -0.7868 -0.4031
vn -0.3225 0.9296 -0.1784
vn 0.9095 -0.2416 -0.3382
vn 0.6218 -0.7831 -0.0128
vn -0.2643 -0.3393 0.9028
vn -0.3682 -0.6910 0.6221
vn -0.7027 -0.5306 0.4740
vn 0.4309 -0.7830 0.4486
vn -0.5879 -0.4266 0.6873
vn -0.0568 -0.6322 0.7727
vn -0.3643 -0.6082 0.7052
vn 0.1755 -0.1638 0.9707
vn 0.5505 0.1028 0.8285
vn 0.7358 0.4359 0.5183
vn 0.7959 0.4160 0.4399
vn 0.8192 0.1506 0.5533
vn 0.5123 0.3829 0.7687
vn -0.0079 -0.0891 0.9960
vn 0.5705 -0.5216 0.6344
vn -0.5642 -0.7590 0.3248
vn -0.3561 0.2093 0.9107
vn -0.0103 -0.1120 0.9936
vn -0.2354 -0.9717 0.0207
vn 0.4901 0.1236 0.8628
vn 0.8701 0.1635 0.4650
vn 0.4141 0.6152 0.6709
vn 0.5286 0.6254 0.5740
vn 0.5792 -0.6701 0.4642
vn -0.7495 0.0676 0.6586
vn 0.8422 -0.0798 0.5332
vn 0.7243 0.5371 0.4323
vn -0.4074 0.4626 0.7874
vn 0.5356 -0.7869 0.3065
vn 0.2448 -0.1191 0.9622
vn -0.5704 -0.8028 0.1738
vn 0.4097 -0.7860 0.4629
vn 0.5122 -0.5167 0.6860
vn -0.0695 -0.6036 0.7942
vn 0.0280 0.3467 0.9375
vn 0.6158 0.5586 0.5557
vn 0.5483 -0.2756 0.7896
vn 0.8706 0.1787 0.4583
vn 0.3485 0.2577 0.9012
vn -0.0724 -0.8506 0.5208
vn 0.2181 0.1132 0.9693
vn 0.3293 -0.0559 0.9426
vn -0.5616 -0.2228 0.7969
vn -0.0558 -0.0643 0.9964
vn -0.5158 0.3250 0.7927
vn 0.5376 0.6001 0.5923
vn 0.1123 -0.2832 0.9525
vn 0.1213 0.0522 0.9912
vn 0.8641 0.2948 0.4080
vn 0.0911 -0.4043 0.9101
vn 0.0704 0.7520 0.6554
vn -0.0183 0.2218 0.9749
vn 0.7817 0.1801 0.5971
vn 0.2811 0.3861 0.8786
vn -0.4757 -0.6608 0.5805
vn -0.4674 -0.5632 0.6814
vn -0.6468 -0.2428 -0.7229
vn -0.1127 0.2777 0.9540
vn 0.4876 0.6496 0.5833
vn -0.4851 -0.6267 0.6098
vn -0.7855 -0.5293 0.3206
vn -0.6802 -0.5254 0.5111
vn -0.9787 0.1164 -0.1688
vn -0.5378 -0.0968 0.8375
vn -0.1082 0.2772 0.9547
vn -0.4842 -0.2119 0.8489
vn -0.1032 -0.1605 0.9816
vn -0.3107 0.0760 0.9475
vn 0.0450 -0.0732 0.9963
vn 0.8600 0.1342 0.4923
vn 0.7923 0.1991 0.5768
vn 0.1232 -0.9921 -0.0231
vn 0.7489 0.6041 0.2725
vn -0.3014 -0.2747 0.9131
vn -0.3781 -0.5935 0.7104
vn 0.0507 -0.3581 0.9323
vn 0.6301 -0.3277 0.7040
vn 0.8367 0.0417 0.5461
vn 0.6243 0.5922 0.5094
vn 0.1190 0.1944 0.9737
vn 0.1328 -0.4053 0.9045
vn -0.0017 0.9947 0.1032
vn 0.0946 -0.3811 0.9197
vn -0.6386 -0.7478 -0.1818
vn -0.5491 0.3348 0.7658
vn 0.0333 0.4224 0.9058
vn -0.7236 -0.6650 -0.1848
vn -0.8781 -0.4763 0.0467
vn -0.5289 -0.7689 -0.3592
vn -0.2053 -0.5320 0.8215
vn 0.7916 -0.0633 0.6078
vn 0.7950 0.6065 -0.0127
vn 0.9169 -0.2014 0.3445
vn -0.0549 -0.5656 -0.8228
vn -0.6539 -0.6334 -0.4138
vn -0.9804 0.1922 -0.0432
vn -0.9690 -0.1757 -0.1738
vn -0.6198 -0.5331 0.5759
vn 0.5457 0.4355 0.7160
vn 0.8609 0.3759 0.3430
vn -0.2252 0.1322 0.9653
vn -0.7073 -0.6919 0.1450
vn -0.4643 -0.8842 0.0520
vn -0.2763 -0.5274 0.8034
vn 0.5481 0.0013 0.8364
vn 0.7872 -0.1981 0.5841
vn 0.6343 0.5429 0.5504
vn 0.8338 -0.2274 0.5030
vn 0.6711 0.6882 -0.2758
vn -0.7325 -0.6638 0.1512
vn 0.2844 -0.4805 0.8296
vn 0.9267 0.0381 0.3738
vn -0.5126 -0.8504 0.1182
vn 0.0899 -0.4520 0.8875
vn 0.0051 -0.8432 0.5376
vn 0.9688 -0.2453 0.0353
vn 0.8121 0.0609 0.5803
vn -0.7056 -0.2937 -0.6448
vn -0.8701 -0.4704 -0.1471
vn 0.9441 0.1027 0.3132
vn 0.9080 -0.1965 0.3699
vn 0.7582 0.6005 -0.2541
vn -0.0356 0.9962 -0.0789
vn -0.2003 0.9575 0.2077
vn -0.2527 -0.9614 -0.1088
vn -0.6229 -0.7751 0.1058
vn -0.2422 -0.7802 0.5768
vn 0.5070 0.8340 -0.2175
vn -0.8846 0.2058 -0.4185
vn -0.8350 0.0769 -0.5449
vn 0.8803 -0.3660 0.3020
vn -0.4206 -0.9045 -0.0712
vn -0.4250 -0.9026 -0.0685
vn 0.9212 0.2884 0.2613
vn 0.9844 -0.0669 0.1630
vn 0.5117 0.8591 -0.0021
vn -0.4552 -0.7757 0.4372
vn -0.0326 0.8516 -0.5232
vn -0.7618 -0.5530 -0.3376
vn -0.1504 -0.9881 0.0311
vn -0.4997 -0.6891 0.5249
vn -0.1371 -0.8701 0.4735
vn 0.3786 0.9188 -0.1116
vn 0.5341 0.6943 -0.4823
vn -0.2089 0.6615 -0.7203
vn -0.6074 0.7903 0.0810
vn -0.7386 0.4094 -0.5356
vn -0.6327 0.0596 -0.7721
vn -0.2577 -0.9601 0.1084
vn -0.7157 -0.2747 0.6421
vn -0.5921 -0.7843 -0.1851
vn -0.7336 -0.6303 0.2543
vn -0.3519 -0.8867 0.2998
vn 0.0008 -0.9916 0.1291
vn -0.2264 -0.9023 0.3667
vn 0.4618 -0.8826 0.0885
vn -0.0004 0.3077 -0.9515
vn -0.7828 -0.5462 -0.2982
vn -0.4781 -0.8783 -0.0099
vn 0.5755 -0.7488 0.3286
vn 0.9995 -0.0275 0.0147
vn 0.7940 0.4472 -0.4117
vn 0.6768 0.7087 -0.1995
vn -0.8844 -0.3608 -0.2960
vn 0.6697 -0.6864 0.2834
vn -0.3455 -0.9219 0.1750
vn 0.3696 -0.8819 0.2927
vn 0.5473 -0.7540 0.3633
vn 0.5459 -0.7543 0.3647
vn 0.6234 -0.7791 0.0654
vn 0.8866 -0.4379 -0.1488
vn 0.9910 -0.0165 0.1326
vn 0.8896 0.2407 -0.3882
vn 0.8386 0.4003 0.3695
vn 0.9829 0.1686 -0.0745
vn 0.9291 0.2686 -0.2542
vn 0.7891 0.4790 0.3845
vn -0.7387 -0.6650 -0.1105
vn -0.6600 -0.7385 0.1383
vn 0.2641 -0.8521 0.4519
vn 0.5671 -0.3001 0.7670
vn 0.9769 0.0771 0.1994
vn 0.7898 -0.6082 -0.0793
vn 0.9878 -0.1344 -0.0781
vn 0.9580 -0.2748 0.0817
vn 0.9384 -0.3119 -0.1490
vn 0.7620 0.6423 -0.0822
vn 0.6667 -0.7355 -0.1205
vn 0.7007 -0.7071 -0.0949
vn 0.7054 -0.7040 -0.0822
vn 0.7219 -0.6671 -0.1841
vn 0.9647 0.2617 -0.0284
vn 0.6876 0.7209 -0.0869
vn 0.7155 0.6916 -0.0993
vn 0.7416 0.4064 -0.5337
vn 0.8445 0.5351 -0.0211
vn 0.6807 0.7292 -0.0701
vn 0.6958 0.7090 -0.1148
vn -0.7966 -0.6028 -0.0456
vn -0.7535 -0.6571 0.0223
vn -0.3354 -0.8925 -0.3017
vn -0.7667 -0.6399 -0.0509
vn -0.7215 -0.6920 -0.0237
vn -0.4963 -0.8206 0.2833
vn 0.4994 -0.8664 0.0035
vn -0.8045 -0.5940 -0.0036
vn -0.8111 -0.5833 -0.0424
vn -0.8147 -0.5791 -0.0290
vn -0.4551 -0.8903 -0.0174
vn 0.2547 -0.9659 -0.0452
vn 0.2627 -0.9637 0.0480
vn 0.8227 -0.5685 0.0024
vn 0.5671 -0.8190 -0.0871
vn 0.6416 -0.7636 0.0723
vn 0.6698 -0.7339 -0.1134
vn 0.7829 -0.6139 -0.1016
vn 0.7519 -0.6570 0.0549
vn 0.9464 -0.2616 -0.1892
vn 0.9764 0.2054 -0.0670
vn 0.6793 0.7207 -0.1385
vn 0.7164 0.6911 -0.0958
vn 0.8646 0.5003 0.0466
vn 0.8027 -0.5720 -0.1688
vn -0.2677 -0.9615 -0.0624
vn 0.5940 -0.3777 -0.7103
vn 0.9930 -0.0956 0.0699
vn 0.6898 0.7197 -0.0790
vn 0.6765 0.7257 -0.1254
vn 0.0823 0.9773 -0.1954
vn 0.4505 0.5912 -0.6690
vn 0.4954 0.8012 -0.3356
vn -0.7866 -0.6164 -0.0358
vn -0.7937 -0.6081 -0.0174
vn -0.7922 -0.6101 -0.0097
vn -0.7617 -0.6478 0.0130
vn 0.8247 -0.0124 -0.5655
vn -0.7559 0.6544 -0.0195
vn -0.6634 -0.7387 -0.1190
vn -0.7433 -0.6672 -0.0483
vn -0.1245 -0.9555 -0.2673
vn 0.4047 -0.5533 -0.7281
vn 0.9590 0.0778 0.2726
vn 0.1292 0.6857 0.7163
vn -0.7853 -0.6188 -0.0190
vn -0.0157 -0.9954 -0.0943
vn -0.9961 -0.0878 -0.0054
vn -0.7914 -0.6107 -0.0270
vn 0.5430 -0.6900 -0.4787
vn 0.2153 0.7791 0.5887
vn -0.0408 0.9825 0.1818
vn 0.7169 0.6875 -0.1157
vn 0.6126 0.1496 -0.7761
vn 0.8638 0.4509 -0.2247
vn 0.7174 0.1751 -0.6743
vn 0.4896 0.3652 -0.7918
vn 0.1759 0.8290 0.5309
vn 0.7397 0.6602 0.1306
vn 0.7058 0.7066 0.0507
vn 0.5434 -0.6851 -0.4851
vn -0.5492 -0.8351 -0.0309
vn -0.6559 -0.7423 -0.1372
vn -0.5583 -0.8296 -0.0108
vn 0.9063 -0.4190 -0.0553
vn -0.3918 -0.9198 0.0231
vn -0.6579 -0.7512 -0.0542
vn -0.7764 -0.6299 -0.0233
vn -0.6817 -0.7226 -0.1148
vn 0.4437 -0.8731 0.2019
vn 0.8034 -0.5622 -0.1964
vn 0.9736 -0.0066 -0.2281
vn 0.8996 0.4279 -0.0873
vn 0.6537 -0.6747 -0.3428
vn 0.1656 -0.9704 -0.1760
vn 0.6370 -0.7082 -0.3045
vn 0.5768 -0.8169 0.0006
vn 0.7304 -0.6815 -0.0464
vn 0.1244 -0.9860 -0.1106
vn 0.1037 -0.9834 -0.1488
vn 0.9332 -0.2121 -0.2901
vn 0.9790 0.0949 0.1803
vn -0.3993 -0.9161 0.0366
vn -0.5281 -0.8478 -0.0488
vn -0.8078 -0.5891 -0.0230
vn -0.4678 -0.8768 -0.1108
vn -0.5222 -0.8514 -0.0498
vn -0.5230 -0.8519 -0.0283
vn -0.4943 -0.8664 -0.0708
vn 0.2478 -0.9682 0.0356
vn 0.5145 -0.8559 -0.0515
vn 0.5356 -0.8440 -0.0275
vn 0.7391 -0.6735 -0.0004
vn 0.6484 -0.7588 0.0618
vn 0.6342 -0.7713 0.0540
vn 0.3783 -0.9244 -0.0494
vn 0.4736 -0.8798 -0.0409
vn 0.5036 -0.8566 -0.1125
vn 0.4816 -0.8625 -0.1555
vn -0.5063 -0.8623 -0.0075
vn 0.2963 -0.9545 0.0329
vn 0.3335 -0.9376 -0.0989
vn 0.2422 -0.9679 0.0677
vn 0.9721 0.0434 -0.2307
vn 0.9671 0.2543 -0.0063
vn 0.2067 0.8562 -0.4735
vn 0.8247 0.3627 0.4339
vn 0.9994 -0.0270 -0.0238
vn -0.6883 -0.7254 0.0082
vn -0.6846 -0.7262 0.0633
vn -0.7975 -0.6032 -0.0090
vn -0.7808 -0.6247 0.0097
vn -0.5284 -0.8468 0.0616
vn -0.4884 -0.8446 -0.2192
vn -0.8073 -0.5901 -0.0106
vn 0.8337 0.5376 0.1259
vn 0.7419 0.6692 0.0416
vn 0.5333 0.6760 -0.5085
vn 0.4687 0.8768 -0.1077
vn 0.6489 0.7327 -0.2050
vn 0.2724 0.7627 -0.5866
vn -0.6967 -0.7138 0.0717
vn -0.7887 -0.6112 -0.0654
vn -0.4684 -0.8813 -0.0628
vn 0.6911 0.7146 -0.1086
vn 0.6769 0.7360 -0.0103
vn 0.8017 0.5733 -0.1689
vn 0.7896 0.5908 -0.1659
vn 0.9988 0.0281 0.0408
vn -0.0042 0.9306 -0.3659
vn 0.6436 0.7073 -0.2924
vn 0.6413 0.7201 -0.2648
vn 0.6608 0.6989 -0.2738
vn -0.4252 -0.8765 -0.2257
vn -0.8168 -0.4198 -0.3957
vn 0.8275 0.5516 -0.1045
vn 0.7529 0.6382 -0.1606
vn 0.5157 0.8022 -0.3008
vn -0.7883 -0.6130 -0.0536
vn -0.8607 -0.5060 -0.0562
vn 0.5970 0.7986 -0.0759
vn 0.5551 0.8313 0.0298
vn 0.9779 -0.1094 0.1780
vn 0.9294 0.3663 -0.0458
vn 0.3185 0.6586 -0.6818
vn 0.5974 0.6040 0.5276
vn -0.9737 -0.1569 -0.1652
vn -0.6953 0.7108 -0.1059
vn 0.6426 0.7642 -0.0565
vn 0.6347 0.7667 -0.0971
vn 0.5821 0.8092 -0.0800
vn 0.5660 0.8100 -0.1538
vn 0.7573 0.4412 0.4815
vn 0.4797 0.8687 -0.1233
vn -0.4837 -0.8745 -0.0349
vn -0.9483 -0.3124 -0.0559
vn -0.8131 -0.5351 0.2295
vn -0.9743 -0.1882 0.1238
vn -0.8879 -0.4154 -0.1978
vn 0.3956 0.9156 0.0721
vn 0.6312 0.7671 -0.1143
vn 0.5967 0.7928 -0.1241
vn 0.7002 0.7139 -0.0069
vn 0.9799 0.1927 0.0512
vn -0.1223 0.9118 -0.3921
vn 0.7677 0.5965 -0.2341
vn -0.5782 -0.8066 -0.1227
vn -0.9209 -0.2211 0.3211
vn -0.9944 0.0971 -0.0410
vn -0.7785 0.5028 -0.3755
vn 0.2385 0.9031 -0.3570
vn 0.5974 0.7951 -0.1041
vn 0.5958 0.7959 -0.1079
vn 0.4747 0.8728 -0.1134
vn 0.5749 0.8010 -0.1673
vn 0.5917 0.7810 -0.1999
vn 0.6245 0.7492 -0.2206
vn 0.5589 0.7992 -0.2211
vn 0.5799 0.7753 -0.2504
vn 0.4890 0.7712 -0.4076
vn 0.9687 0.2466 -0.0297
vn -0.3837 -0.9234 -0.0115
vn -0.8688 -0.1884 0.4579
vn -0.8424 -0.5114 -0.1695
vn -0.8471 -0.5035 -0.1697
vn 0.5438 0.8306 -0.1201
vn 0.5358 0.8036 -0.2592
vn -0.2155 0.8276 -0.5184
vn -0.2995 0.1464 -0.9428
vn -0.8075 -0.5397 0.2379
vn -0.8836 -0.4677 -0.0249
vn -0.5511 -0.8130 0.1879
vn -0.6734 -0.7299 -0.1180
vn 0.5603 0.7967 -0.2264
vn 0.0354 0.8535 -0.5199
vn 0.0513 -0.8349 0.5479
vn -0.0279 0.8827 -0.4691
vn -0.5009 -0.8138 -0.2947
vn -0.7156 -0.6982 0.0207
vn -0.5966 -0.7816 -0.1821
vn 0.3686 0.8303 -0.4180
vn 0.6003 0.7728 -0.2063
vn -0.8772 -0.3159 -0.3615
vn -0.1513 -0.9684 0.1985
vn -0.9217 -0.2822 -0.2662
vn 0.6072 0.7766 -0.1679
vn 0.9957 -0.0111 -0.0919
vn 0.9587 -0.0732 -0.2748
vn 0.9761 0.0491 -0.2118
vn 0.6862 0.7107 -0.1550
vn -0.3987 -0.8552 -0.3312
vn 0.3814 0.8521 -0.3584
vn 0.1817 0.7063 -0.6841
vn 0.2434 0.9691 -0.0393
vn -0.8528 -0.3452 -0.3918
vn 0.4851 0.8267 -0.2851
vn 0.5993 0.7857 -0.1535
vn 0.6619 0.7289 -0.1750
vn 0.6467 0.7361 -0.1999
vn -0.9883 -0.0456 -0.1456
vn -0.6400 -0.6857 0.3467
vn 0.0350 0.9001 -0.4343
vn 0.6826 0.7061 -0.1886
vn 0.6717 0.7200 -0.1746
vn -0.4826 -0.8514 -0.2052
vn -0.9778 -0.0590 -0.2009
vn -0.3583 -0.8994 0.2503
vn -0.9262 -0.2715 -0.2618
vn 0.7045 0.6831 -0.1926
vn 0.6737 0.6763 -0.2978
vn -0.5374 -0.8429 0.0275
vn -0.7893 -0.3941 -0.4707
vn -0.8061 -0.5698 -0.1596
vn 0.5788 0.7004 -0.4177
vn 0.3134 0.8924 0.3248
vn -0.6930 -0.7025 0.1619
vn -0.3941 0.8979 -0.1962
vn -0.1148 0.1445 -0.9828
vn 0.5142 0.7688 -0.3803
vn 0.4433 0.8111 -0.3816
vn -0.4405 0.0794 -0.8943
vn -0.6216 0.0121 -0.7832
vn -0.8466 -0.5203 0.1118
vn -0.8248 -0.4641 -0.3230
vn -0.7854 -0.5540 -0.2761
vn -0.5571 -0.8072 -0.1950
vn -0.9174 -0.2678 -0.2944
vn 0.3103 0.8875 -0.3406
vn 0.3228 0.8538 -0.4084
vn 0.5850 0.7718 -0.2493
vn -0.7426 -0.3832 -0.5492
vn 0.6091 0.7497 -0.2589
vn 0.5888 0.7610 -0.2724
vn -0.7711 -0.5799 -0.2629
vn 0.5589 0.8011 -0.2142
vn 0.6042 0.7417 -0.2914
vn 0.0363 0.9496 -0.3114
vn 0.6072 0.7473 -0.2698
vn 0.6149 0.7446 -0.2598
vn -0.7734 -0.3483 -0.5297
vn 0.5748 0.7625 -0.2970
vn -0.8979 -0.3433 -0.2754
vn -0.8388 -0.3951 -0.3745
vn -0.8420 -0.4854 -0.2355
vn -0.8425 -0.5137 -0.1620
vn -0.8766 -0.3234 -0.3563
vn 0.3101 0.7451 -0.5904
vn 0.3919 0.6800 -0.6197
vn 0.4237 0.6626 -0.6175
vn -0.8311 -0.3371 -0.4422
vn -0.8261 -0.3347 -0.4534
vn -0.8626 -0.3846 -0.3287
vn -0.8273 -0.5389 -0.1584
vn -0.8195 -0.5281 -0.2226
vn -0.6775 -0.6031 -0.4210
vn -0.8330 -0.4664 -0.2975
vn 0.3534 -0.3370 0.8727
vn 0.5218 -0.3362 0.7840
vn 0.5253 -0.3313 0.7837
vn 0.5005 -0.5075 0.7014
vn 0.8002 0.2871 0.5265
vn 0.4295 0.7041 0.5655
vn 0.6491 0.4363 0.6232
vn 0.3515 -0.3372 0.8734
vn -0.3802 0.4287 0.8195
vn 0.3209 0.2887 0.9021
vn 0.6210 -0.2941 0.7265
vn -0.0720 0.7720 -0.6315
vn -0.9109 0.2813 0.3020
vn -0.5936 0.8032 0.0511
vn 0.1602 0.4581 0.8744
vn -0.2696 0.5337 0.8016
vn -0.8545 -0.5102 0.0975
vn 0.3921 -0.3847 0.8356
vn 0.5596 -0.6815 0.4716
vn -0.5060 0.6279 0.5914
vn 0.6527 0.2530 0.7141
vn -0.1474 0.9352 0.3220
vn 0.0630 0.7971 0.6006
vn -0.1736 -0.6954 0.6973
vn 0.0593 -0.6636 0.7457
vn -0.3217 0.9445 0.0662
vn 0.0235 -0.3891 0.9209
vn 0.2884 -0.5220 0.8027
vn 0.4530 -0.7655 0.4569
vn 0.4537 -0.7639 0.4589
vn 0.5537 -0.7570 0.3470
vn 0.5534 -0.7572 0.3470
vn 0.6788 -0.5667 0.4670
vn 0.5706 -0.6780 0.4633
vn 0.6962 -0.4052 0.5926
vn 0.9194 -0.0924 0.3823
vn 0.7858 -0.0663 -0.6149
vn 0.9597 0.2698 0.0788
vn 0.4436 0.6671 -0.5984
vn -0.4139 0.2731 0.8684
vn -0.6633 0.6016 0.4450
vn -0.6243 0.7779 0.0712
vn -0.6973 0.6948 -0.1763
vn -0.7509 -0.5220 0.4044
vn 0.3617 0.2772 0.8902
vn 0.3428 -0.7675 0.5417
vn 0.3010 -0.7663 0.5676
vn 0.2983 -0.7685 0.5660
vn 0.3168 -0.6873 0.6537
vn 0.4456 -0.5496 0.7066
vn 0.2814 -0.5323 0.7984
vn 0.6115 -0.6609 0.4351
vn 0.9112 -0.4057 0.0718
vn 0.1593 -0.9499 -0.2690
vn 0.4746 -0.8700 0.1338
vn 0.4412 -0.8444 0.3040
vn 0.5527 -0.7335 0.3957
vn 0.4118 0.0296 -0.9108
vn 0.6837 -0.7161 0.1403
vn 0.7904 -0.5810 0.1940
vn 0.5913 0.3515 0.7259
vn 0.9659 -0.1879 -0.1780
vn 0.6800 -0.3707 -0.6326
vn 0.7916 0.0859 0.6049
vn 0.9557 0.1448 0.2564
vn 0.8926 -0.2396 -0.3819
vn 0.9272 0.3581 0.1093
vn 0.8614 0.4525 -0.2309
vn 0.8042 -0.2463 0.5409
vn -0.8171 0.2475 0.5206
vn 0.3364 0.8938 0.2965
vn 0.3561 0.8359 0.4178
vn 0.9645 0.1705 0.2017
vn 0.4244 -0.7044 0.5690
vn -0.2328 0.8536 0.4660
vn -0.2489 0.8633 0.4390
vn 0.7107 0.3411 0.6152
vn -0.8212 0.5706 0.0003
vn -0.3230 0.8399 0.4362
vn -0.4056 0.5960 0.6930
vn -0.3491 0.6221 0.7008
vn 0.4694 0.7602 0.4492
vn 0.9129 -0.2630 -0.3121
vn 0.3240 -0.3393 -0.8831
vn -0.2610 0.8081 -0.5281
vn -0.8931 0.1359 -0.4288
vn -0.9750 0.1332 0.1777
vn -0.8994 -0.4161 0.1340
vn -0.8657 -0.4580 0.2022
vn 0.1723 -0.7532 -0.6348
vn -0.9062 0.0266 0.4220
vn 0.6012 -0.7765 0.1888
vn 0.4575 -0.7630 0.4567
vn -0.5325 -0.8323 -0.1542
vn -0.3670 -0.9253 0.0954
vn -0.1699 -0.9797 -0.1062
vn 0.0861 -0.9501 -0.2997
vn 0.3200 -0.7578 -0.5687
vn 0.2198 -0.9423 0.2524
vn 0.2770 -0.9186 0.2819
vn 0.8572 -0.3912 -0.3348
vn 0.9915 -0.1175 -0.0555
vn 0.6905 -0.7207 0.0626
vn 0.6160 -0.7855 -0.0600
vn 0.0206 -0.9821 -0.1870
vn 0.0918 -0.9880 -0.1245
vn 0.5275 -0.8494 0.0163
vn 0.5302 -0.8478 -0.0105
vn -0.4762 -0.8168 -0.3258
vn -0.1844 -0.9811 -0.0589
vn 0.8627 -0.0183 -0.5054
vn 0.9604 -0.1278 0.2475
vn 0.8367 0.5426 0.0749
vn 0.8050 0.5932 0.0118
vn 0.8050 0.5355 0.2555
vn 0.6519 0.7431 0.1509
vn 0.0476 0.9492 0.3111
vn 0.1339 0.9343 0.3305
vn 0.4266 0.8896 0.1635
vn 0.3983 0.8389 0.3710
vn 0.0674 0.9306 0.3597
vn 0.2476 0.9304 0.2702
vn -0.0881 0.9816 0.1696
vn -0.3625 0.9261 0.1045
vn -0.3529 0.9177 0.1826
vn -0.6833 0.6360 0.3586
vn -0.6913 0.5922 0.4141
vn -0.8455 0.2913 0.4475
vn -0.8432 0.2880 0.4539
vn -0.9515 0.0192 0.3069
vn -0.7443 -0.6024 0.2883
vn -0.8867 -0.3313 0.3224
vn -0.8934 -0.2756 0.3547
vn -0.9736 0.1758 0.1455
vn 0.1057 0.9450 0.3094
vn -0.5789 -0.5664 0.5866
vn 0.4952 0.0136 0.8687
vn -0.3031 0.3760 0.8757
vn -0.9263 -0.3685 0.0788
vn -0.7279 -0.6830 0.0603
vn -0.7672 -0.6054 0.2119
vn -0.7151 -0.6263 0.3105
vn -0.4242 -0.9056 -0.0031
vn -0.6216 -0.7803 -0.0693
vn 0.0721 -0.1501 0.9860
vn 0.0477 -0.9944 0.0940
vn -0.1784 -0.8561 -0.4851
vn -0.4980 -0.8516 -0.1634
vn 0.0138 -0.9980 -0.0623
vn -0.1891 -0.9670 -0.1710
vn 0.1196 -0.9516 -0.2830
vn 0.5556 -0.8299 -0.0506
vn 0.9969 -0.0744 0.0265
vn 0.8789 -0.1511 0.4525
vn 0.8563 -0.5072 0.0977
vn 0.8098 -0.4822 -0.3343
vn 0.8086 -0.4828 -0.3362
vn 0.9995 -0.0263 0.0150
vn 0.7588 0.6117 -0.2238
vn 0.2886 0.9458 0.1486
vn 0.6487 0.7518 0.1184
vn 0.9243 0.3810 0.0235
vn 0.9909 0.1298 -0.0368
vn -0.0927 0.9822 0.1635
vn -0.3681 0.9232 0.1103
vn -0.9423 0.3335 0.0300
vn -0.9965 0.0752 -0.0356
vn -0.9984 0.0530 -0.0172
vn -0.9089 0.4034 0.1058
vn -0.6662 0.7417 0.0777
vn -0.6970 0.7044 0.1343
vn -0.9087 0.4155 0.0408
vn -0.9614 0.2010 0.1878
vn -0.9985 0.0525 -0.0148
vn -0.9363 0.1810 0.3010
vn -0.9404 0.0186 0.3395
vn -0.9611 -0.1754 0.2134
vn -0.8987 -0.3281 0.2911
vn -0.6730 -0.7394 -0.0198
vn -0.6732 0.1171 0.7301
vn -0.8464 -0.0951 -0.5240
vn -0.7220 -0.6576 -0.2151
vn -0.5014 -0.8476 -0.1740
vn -0.3065 -0.8787 -0.3660
vn 0.6444 -0.6920 -0.3254
vn 0.8273 -0.5611 0.0267
vn 0.9454 -0.0879 -0.3137
vn 0.9776 0.1226 -0.1708
vn 0.8541 0.4874 -0.1815
vn 0.7823 0.6208 0.0506
vn 0.3771 0.9228 -0.0786
vn 0.1465 0.9888 -0.0274
vn 0.0809 0.9828 -0.1661
vn -0.0722 0.9859 0.1506
vn -0.0775 0.9968 -0.0181
vn 0.0562 0.9761 -0.2101
vn 0.1561 0.8944 0.4191
vn 0.2568 0.9533 0.1588
vn 0.0892 0.9957 0.0249
vn -0.0251 0.9742 0.2243
vn -0.3843 0.8959 0.2230
vn -0.4991 0.8646 0.0582
vn -0.4493 0.8918 -0.0539
vn -0.7435 0.6634 0.0851
vn -0.7244 0.6881 0.0416
vn -0.9332 0.3343 0.1314
vn -0.9343 0.3319 0.1301
vn -0.9774 -0.0312 0.2092
vn -0.9914 0.0916 0.0935
vn -0.9934 0.1131 0.0203
vn -0.9395 -0.3422 0.0131
vn -0.3137 -0.9446 -0.0968
vn -0.3022 -0.9462 -0.1158
vn 0.0916 -0.9847 -0.1484
vn 0.3523 -0.8751 -0.3317
vn 0.5810 -0.7360 -0.3475
vn 0.9784 -0.0533 -0.1996
vn 0.6387 -0.7574 -0.1360
vn 0.4749 -0.8156 0.3305
vn 0.4491 -0.8525 -0.2674
vn 0.8590 -0.4120 -0.3038
vn 0.8008 -0.4586 -0.3852
vn 0.5594 -0.7245 -0.4027
vn 0.9145 -0.3398 -0.2198
vn 0.9142 -0.3954 -0.0883
vn 0.8365 -0.4478 -0.3159
vn 0.9746 -0.0677 -0.2135
vn 0.9742 -0.0695 -0.2147
vn 0.9901 -0.0715 -0.1208
vn 0.8234 0.4647 -0.3256
vn 0.9448 0.2813 0.1682
vn 0.7827 0.5975 -0.1742
vn 0.8021 0.5930 -0.0712
vn 0.4103 0.8959 -0.1704
vn 0.4354 0.8982 -0.0609
vn 0.4433 0.8930 -0.0776
vn 0.4210 0.9047 0.0648
vn 0.4493 0.8932 0.0141
vn 0.5051 0.8106 -0.2964
vn 0.5727 0.8197 -0.0049
vn 0.5824 0.8129 0.0003
vn 0.2704 0.9627 0.0067
vn 0.5327 0.7708 0.3494
vn -0.7016 0.7119 0.0298
vn -0.7227 0.6529 0.2267
vn -0.6816 0.6965 0.2245
vn -0.5820 0.7483 0.3184
vn -0.2127 0.9511 0.2239
vn -0.4342 0.8424 0.3191
vn 0.0937 0.9923 0.0808
vn 0.2273 0.9273 0.2973
vn -0.3885 0.8851 0.2563
vn -0.6899 0.6388 0.3405
vn -0.8668 0.3312 0.3727
vn -0.8672 0.4706 0.1626
vn -0.9919 0.0159 0.1260
vn -0.9813 0.0055 0.1922
vn -0.7464 0.6653 0.0176
vn -0.7168 0.6952 0.0530
vn -0.9286 0.3709 0.0089
vn -0.6779 0.6668 0.3096
vn -0.6884 0.6378 0.3454
vn -0.9726 0.0352 0.2297
vn -0.9974 0.0391 0.0611
vn -0.9312 -0.3644 -0.0112
vn -0.6511 -0.7575 -0.0485
vn -0.6472 -0.7604 -0.0549
vn -0.6097 -0.7857 0.1041
vn -0.8543 -0.5196 0.0128
vn -0.5930 -0.7939 -0.1342
vn -0.4297 -0.8969 -0.1043
vn -0.6331 -0.7723 -0.0534
vn -0.3230 -0.9457 0.0369
vn 0.0008 -0.9958 -0.0911
vn 0.7521 -0.6223 0.2170
vn -0.1016 -0.9947 0.0169
vn -0.2765 -0.9191 -0.2806
vn -0.3430 -0.9393 0.0125
vn -0.0188 -0.9838 -0.1784
vn -0.2513 -0.6789 0.6898
vn 0.2063 -0.8022 0.5603
vn -0.5850 -0.7722 -0.2479
vn -0.4970 -0.7835 -0.3729
vn -0.4233 -0.8968 -0.1289
vn -0.0895 -0.9951 0.0413
vn 0.6594 -0.0817 -0.7474
vn 0.8205 -0.5210 -0.2352
vn 0.9314 -0.3345 0.1435
vn 0.4219 -0.7335 0.5330
vn 0.5689 -0.7912 0.2242
vn 0.4645 -0.6811 -0.5660
vn 0.6398 0.3424 -0.6881
vn 0.9865 -0.1227 -0.1087
vn 0.8683 0.4643 0.1743
vn 0.8517 0.2749 -0.4462
vn 0.9406 0.2462 -0.2336
vn 0.9659 0.1842 -0.1821
vn 0.9138 -0.1811 -0.3634
vn 0.8993 0.2512 -0.3580
vn 0.8981 0.2116 -0.3856
vn 0.9724 0.1981 -0.1234
vn 0.8491 0.4256 0.3130
vn 0.8996 -0.1374 -0.4145
vn 0.9866 -0.0521 -0.1545
vn 0.8155 0.5663 -0.1193
vn 0.7585 0.5725 -0.3113
vn 0.7799 0.4872 -0.3930
vn 0.8523 0.4941 -0.1715
vn 0.5883 0.7968 0.1380
vn 0.6688 0.7431 0.0222
vn 0.0556 0.9790 0.1960
vn -0.8434 0.4795 0.2423
vn -0.6301 0.4020 0.6644
vn -0.2250 0.7574 0.6129
vn -0.2129 0.9408 0.2638
vn -0.2197 0.9374 0.2703
vn -0.2730 0.9499 0.1524
vn 0.9288 0.2982 0.2201
vn -0.5743 0.7287 0.3729
vn -0.8770 0.3641 0.3136
vn -0.8948 0.2933 0.3365
vn -0.6088 0.7605 0.2256
vn -0.9592 0.2826 0.0060
vn -0.6902 0.5375 0.4844
vn -0.9214 0.2270 0.3154
vn -0.9490 -0.2306 0.2149
vn -0.7681 -0.5956 0.2352
vn -0.8140 -0.5808 -0.0065
vn -0.5433 -0.8391 0.0266
vn -0.4716 -0.8807 -0.0439
vn 0.1748 -0.8242 -0.5387
vn 0.9924 -0.0943 -0.0785
vn 0.5822 0.6619 0.4722
vn 0.9794 0.1800 -0.0911
vn 0.6758 0.7365 0.0293
vn 0.7988 0.5797 -0.1608
vn 0.5561 0.4900 -0.6713
vn 0.9115 0.4092 0.0430
vn 0.9278 0.3675 -0.0644
vn 0.8313 0.4727 -0.2924
vn 0.8927 0.4447 0.0731
vn 0.8206 0.5646 -0.0888
vn 0.5420 0.8373 -0.0715
vn 0.4859 0.8661 0.1175
vn 0.1843 0.9827 0.0195
vn -0.1167 0.9679 0.2224
vn -0.6132 0.7682 0.1841
vn -0.9588 0.0710 0.2752
vn -0.9731 -0.0545 0.2239
vn -0.9629 -0.0793 0.2581
vn -0.9680 -0.0832 0.2368
vn -0.8971 0.3260 0.2983
vn -0.9160 0.2992 0.2673
vn -0.7318 0.6227 0.2770
vn -0.7301 0.6240 0.2785
vn -0.9803 -0.0145 0.1970
vn -0.9025 -0.3862 0.1907
vn -0.7124 -0.6935 0.1072
vn -0.7166 -0.6915 0.0912
vn -0.4566 -0.8854 0.0869
vn -0.7465 -0.6640 -0.0428
vn -0.5440 -0.6018 0.5847
vn -0.5880 -0.6189 0.5207
vn 0.1996 -0.9539 -0.2243
vn 0.5181 -0.8398 -0.1620
vn 0.3641 -0.8853 -0.2894
vn 0.7399 -0.1392 -0.6581
vn 0.6715 -0.5493 -0.4973
vn 0.7211 0.6438 -0.2558
vn 0.9245 0.3018 -0.2329
vn -0.9740 -0.0467 -0.2216
vn 0.8876 0.4566 -0.0600
vn 0.8273 0.5138 0.2272
vn 0.6448 0.7624 0.0552
vn 0.6456 0.7619 0.0521
vn 0.1947 0.9785 0.0675
vn 0.3712 0.9087 0.1911
vn -0.0789 0.9923 0.0956
vn -0.1459 0.9760 0.1619
vn -0.4642 0.8566 0.2252
vn -0.4632 0.8607 0.2114
vn -0.8470 0.4257 0.3185
vn -0.6605 0.6859 0.3053
vn -0.9154 0.3263 0.2357
vn -0.8547 0.4214 0.3031
vn -0.9695 0.0872 0.2291
vn -0.9229 -0.3028 0.2378
vn -0.9644 0.0611 0.2572
vn -0.9403 -0.0326 0.3387
vn -0.8809 -0.4450 0.1612
vn -0.9850 -0.0111 0.1721
vn -0.9050 -0.4114 0.1084
vn -0.6580 -0.7529 -0.0103
vn -0.3878 -0.9215 -0.0234
vn -0.3813 -0.9244 0.0058
vn -0.6574 -0.7535 -0.0076
vn -0.9980 -0.0620 -0.0091
vn 0.1196 -0.8339 -0.5388
vn 0.9863 0.1529 -0.0625
vn 0.8621 0.5038 0.0538
vn 0.8852 0.4594 0.0730
vn 0.6436 0.7631 -0.0598
vn 0.3661 -0.0803 -0.9271
vn 0.2680 0.9524 0.1451
vn 0.4877 0.8640 0.1251
vn 0.5958 0.7243 0.3470
vn 0.5888 0.8043 0.0798
vn 0.6397 0.7570 0.1334
vn 0.6525 0.7562 0.0481
vn 0.4349 0.8994 0.0442
vn 0.3624 0.9202 0.1481
vn 0.4641 0.8645 0.1928
vn 0.2840 0.9514 0.1190
vn -0.3077 0.9439 0.1196
vn -0.5583 0.7845 0.2699
vn -0.4935 0.8111 0.3140
vn -0.5264 0.7476 0.4050
vn -0.6399 0.6808 0.3564
vn -0.6699 0.6292 0.3941
vn -0.8883 0.3839 0.2521
vn -0.9003 0.3222 0.2928
vn -0.9357 0.3364 0.1061
vn -0.8912 0.4181 0.1762
vn -0.7070 0.6169 0.3458
vn -0.7026 0.6372 0.3169
vn -0.7862 0.5848 0.1997
vn -0.5569 0.8208 0.1272
vn -0.7399 0.6382 0.2130
vn -0.7359 0.6564 0.1661
vn -0.8753 0.4230 0.2345
vn -0.8666 0.4674 0.1747
vn -0.9769 0.0747 0.2000
vn -0.9671 0.1123 0.2285
vn -0.9787 0.0991 0.1799
vn -0.9929 -0.0003 0.1193
vn -0.9545 -0.2743 0.1167
vn -0.9269 -0.3248 0.1879
vn -0.8810 -0.4655 0.0845
vn -0.8619 -0.4521 0.2298
vn -0.6475 -0.7614 -0.0316
vn -0.5624 -0.8124 0.1537
vn -0.3729 -0.9276 0.0214
vn -0.8625 -0.3403 -0.3745
vn 0.8666 0.4976 -0.0382
vn 0.6908 0.6835 0.2360
vn 0.5211 0.8521 0.0489
vn 0.8449 0.4957 -0.2012
vn 0.8184 0.5591 -0.1324
vn 0.8156 0.5779 0.0273
vn 0.8939 0.2614 -0.3642
vn 0.9432 0.2621 -0.2043
vn 0.8909 0.2524 -0.3776
vn 0.8407 0.5410 0.0238
vn 0.7800 0.4564 -0.4282
vn 0.6861 0.7066 -0.1731
vn 0.5118 0.8498 0.1259
vn 0.1239 0.9624 0.2418
vn -0.2559 0.9390 0.2298
vn -0.2301 0.9417 0.2456
vn -0.5387 0.8021 0.2576
vn -0.1036 0.9686 0.2262
vn -0.3735 0.8725 0.3150
vn -0.8796 0.3831 0.2822
vn -0.8241 0.4285 0.3705
vn -0.8320 0.3867 0.3979
vn -0.9594 0.1218 0.2545
vn -0.9817 0.0002 0.1903
vn -0.9562 -0.2520 0.1491
vn -0.8863 -0.4601 0.0527
vn -0.2198 -0.8097 -0.5442
vn -0.7188 -0.6695 -0.1873
vn -0.8441 -0.5308 0.0756
vn -0.7162 -0.6957 -0.0553
vn -0.9795 -0.1939 -0.0552
vn -0.8585 0.0477 0.5106
vn -0.8074 -0.5383 0.2417
vn -0.8321 -0.5251 0.1787
vn -0.9247 -0.3351 0.1806
vn -0.9245 -0.3345 0.1828
vn -0.8425 -0.5365 0.0486
vn -0.5609 -0.8151 0.1449
vn -0.6138 -0.7805 0.1187
vn 0.9241 0.1038 -0.3678
vn 0.9554 0.2801 -0.0937
vn 0.8845 0.0378 -0.4650
vn 0.9123 -0.0089 -0.4095
vn 0.8522 -0.0788 -0.5173
vn 0.8996 -0.1557 -0.4080
vn 0.9177 0.2488 -0.3098
vn 0.7023 0.7115 -0.0222
vn 0.1221 0.9505 0.2858
vn 0.3400 0.9339 0.1109
vn -0.2655 0.8862 0.3798
vn -0.0333 0.9651 0.2597
vn -0.0104 0.9985 0.0543
vn 0.3401 0.9262 0.1626
vn -0.0348 0.9949 0.0943
vn 0.0334 0.9512 0.3068
vn 0.1997 0.8570 0.4751
vn 0.0581 0.9472 0.3152
vn -0.3476 0.8763 0.3337
vn -0.3474 0.8765 0.3333
vn -0.6338 0.6651 0.3949
vn -0.7374 0.5944 0.3210
vn -0.8611 0.3346 0.3828
vn -0.9388 0.2447 0.2425
vn -0.8599 -0.5101 -0.0182
vn -0.8909 -0.4489 -0.0693
vn -0.6245 -0.7589 -0.1845
vn -0.6382 -0.7396 -0.2136
vn -0.9864 -0.0507 0.1562
vn -0.9719 -0.0917 0.2169
vn -0.9559 -0.0062 0.2936
vn -0.9937 0.0779 0.0811
vn -0.9666 -0.2304 0.1120
vn -0.8934 -0.4418 0.0816
vn -0.8367 -0.5477 -0.0020
vn -0.6789 -0.7339 -0.0220
vn -0.0815 -0.6801 -0.7286
vn 0.3576 -0.6663 -0.6543
vn 0.2195 -0.5287 -0.8200
vn -0.8683 -0.4943 -0.0411
vn -0.7168 -0.6952 -0.0529
vn -0.2314 -0.9719 0.0439
vn -0.0954 -0.9881 -0.1207
vn -0.1230 -0.4540 0.8825
vn -0.4812 -0.6642 0.5722
vn -0.7703 -0.6008 0.2135
vn -0.5445 -0.2071 0.8128
vn -0.9377 0.2448 0.2464
vn -0.9839 0.0020 -0.1786
vn -0.5091 -0.1973 0.8378
vn 0.9702 -0.0805 -0.2286
vn 0.9679 0.2482 -0.0410
vn 0.9538 -0.1104 -0.2793
vn 0.8955 -0.0460 -0.4427
vn 0.9740 0.0073 -0.2265
vn 0.9115 0.3922 0.1235
vn 0.4524 -0.1541 -0.8784
vn 0.8367 -0.3304 -0.4367
vn 0.7585 -0.3858 -0.5252
vn 0.7790 -0.4496 -0.4372
vn 0.8401 -0.2216 -0.4951
vn 0.9219 0.1241 -0.3669
vn 0.8905 0.2263 -0.3947
vn 0.8115 0.4953 -0.3102
vn 0.7060 0.6990 -0.1141
vn 0.5071 0.8618 -0.0138
vn 0.5066 0.8616 0.0315
vn 0.4046 0.9141 0.0259
vn 0.1517 0.9639 0.2188
vn 0.4148 0.9092 0.0371
vn 0.1176 -0.7560 -0.6439
vn -0.1872 0.8079 0.5588
vn -0.5851 0.5962 0.5497
vn -0.9448 0.1379 0.2971
vn -0.9528 -0.0705 0.2952
vn -0.8620 -0.5029 0.0634
vn -0.7764 -0.6214 -0.1052
vn -0.6417 -0.7581 -0.1161
vn -0.3084 -0.9030 -0.2992
vn -0.3375 -0.8794 -0.3359
vn -0.5615 -0.8043 -0.1943
vn -0.5887 -0.7665 -0.2568
vn -0.8320 -0.5531 0.0434
vn -0.9467 -0.2364 0.2187
vn -0.8893 -0.4574 -0.0022
vn -0.4349 -0.8999 0.0315
vn -0.4214 -0.6738 -0.6070
vn 0.4629 -0.7162 -0.5224
vn 0.3485 -0.9060 -0.2401
vn 0.5868 -0.6057 -0.5374
vn 0.4909 -0.7028 -0.5149
vn 0.3593 -0.7405 -0.5680
vn 0.5784 -0.6359 -0.5109
vn 0.7537 -0.4558 -0.4735
vn 0.8455 -0.2284 -0.4826
vn 0.7020 -0.4931 -0.5139
vn 0.6128 -0.4016 0.6806
vn 0.3929 0.9128 0.1112
vn 0.7975 0.2667 0.5411
vn -0.3078 0.0701 -0.9489
vn -0.8931 0.2880 0.3456
vn -0.9607 -0.2480 0.1250
vn -0.7826 -0.6143 0.1014
vn -0.7044 0.1242 0.6988
vn -0.3510 -0.8698 -0.3468
vn 0.0282 -0.8774 -0.4789
vn 0.3028 -0.8827 -0.3593
vn 0.1463 -0.8266 -0.5435
vn 0.3616 -0.8167 -0.4497
vn -0.1788 -0.9457 -0.2714
vn -0.2228 -0.9154 -0.3353
vn -0.3002 -0.8908 -0.3412
vn -0.1460 -0.8429 -0.5179
vn -0.2738 -0.8854 -0.3757
vn 0.3006 -0.9082 -0.2914
vn 0.1248 -0.9764 -0.1762
vn 0.4389 0.0717 -0.8957
vn -0.0777 -0.5446 -0.8351
vn 0.0070 -0.9070 -0.4210
vn 0.6325 0.4363 -0.6400
vn -0.3596 -0.9293 -0.0841
vn 0.9640 -0.0474 -0.2618
vn 0.4753 -0.8679 -0.1444
vn 0.3440 -0.5181 -0.7831
vn 0.1316 -0.6158 -0.7768
vn 0.4783 -0.7450 -0.4650
vn 0.9883 -0.0297 -0.1495
vn 0.9690 -0.1591 -0.1890
vn 0.9954 -0.0764 0.0576
vn -0.0101 -0.9895 -0.1441
vn -0.4499 -0.6967 -0.5587
vn -0.3224 -0.8856 -0.3342
vn 0.6326 -0.6124 -0.4740
vn 0.6740 -0.5249 -0.5198
vn 0.7263 -0.5421 -0.4226
vn 0.3193 -0.6906 -0.6490
vn 0.5894 -0.7324 -0.3409
vn 0.2899 -0.8144 -0.5026
vn 0.7986 -0.2610 -0.5422
vn 0.8931 -0.3228 -0.3132
vn 0.7641 -0.4135 -0.4951
vn 0.9038 0.3928 0.1698
vn -0.1298 -0.1705 -0.9768
vn 0.7631 0.6293 -0.1473
vn -0.8503 -0.0014 0.5264
vn 0.5617 0.1397 0.8155
vn 0.6564 -0.0974 0.7481
vn -0.3871 0.3357 0.8588
vn 0.0960 -0.4728 0.8759
vn -0.9628 -0.2554 -0.0881
vn -0.9661 0.0449 -0.2544
vn 0.5790 -0.7923 -0.1924
vn 0.5750 -0.6098 -0.5454
vn -0.2662 -0.8404 0.4721
vn -0.1067 -0.8660 0.4884
vn 0.0010 -0.9340 -0.3572
vn 0.0594 -0.9422 -0.3297
vn 0.4987 -0.7856 0.3662
vn -0.5431 -0.7873 -0.2920
vn 0.4773 -0.8194 0.3175
vn 0.9950 0.0880 -0.0477
vn -0.4074 -0.7089 -0.5758
vn 0.8731 0.4296 -0.2304
vn 0.3892 -0.1018 -0.9155
vn 0.6546 0.7424 -0.1428
vn -0.4883 0.8726 0.0018
vn -0.5020 0.8648 -0.0000
vn -0.7238 0.5828 0.3693
vn -0.4904 0.8092 0.3235
vn 0.2833 0.9409 0.1853
vn -0.9612 0.2607 0.0903
vn 0.6250 0.6200 0.4743
vn -0.6162 -0.7012 0.3587
vn -0.9587 -0.2623 -0.1103
vn 0.1085 0.7109 0.6948
vn -0.9397 -0.3418 -0.0127
vn -0.0824 -0.8680 -0.4897
vn -0.3110 -0.7887 0.5303
vn 0.1376 -0.6993 -0.7014
vn 0.0028 -0.9375 -0.3480
vn 0.0461 -0.9213 -0.3862
vn 0.3487 -0.0293 -0.9368
vn 0.5422 -0.7069 -0.4543
vn 0.8789 0.2541 0.4036
vn 0.4319 0.6827 0.5895
vn -0.9863 -0.1170 -0.1164
vn -0.9128 0.3822 0.1443
vn -0.9567 0.1982 -0.2131
vn 0.1664 -0.7353 0.6570
vn -0.2537 -0.8952 0.3664
vn -0.3774 -0.8887 -0.2602
vn 0.4316 -0.7413 -0.5140
vn 0.8666 0.2131 0.4513
vn 0.0647 -0.7211 -0.6898
vn -0.0110 -0.7591 -0.6509
vn 0.8253 0.5212 -0.2174
vn 0.8304 0.5363 -0.1510
vn 0.4810 0.7225 0.4967
vn 0.0616 -0.6262 0.7772
vn 0.6875 -0.1264 0.7151
vn 0.1822 -0.3261 0.9276
vn -0.1619 -0.6595 0.7341
vn -0.2111 -0.2919 0.9329
vn 0.6985 -0.6080 0.3774
vn 0.1736 -0.8091 0.5614
vn 0.5133 0.4162 0.7505
vn 0.1391 -0.2065 0.9685
vn -0.8598 -0.3832 -0.3376
vn -0.4339 -0.8965 0.0892
vn 0.2225 -0.7610 0.6095
vn 0.7317 -0.6809 0.0314
vn 0.2667 0.3596 0.8942
vn -0.3962 0.1376 0.9078
vn -0.3328 0.1717 0.9272
vn -0.0628 -0.6646 0.7445
vn 0.3104 -0.4353 0.8451
vn 0.5778 0.5624 0.5915
vn -0.1820 0.8534 0.4885
vn -0.0818 0.9966 0.0097
vn -0.0828 0.9052 0.4169
vn -0.8753 0.3725 0.3084
vn -0.3481 0.1277 0.9287
vn -0.8490 -0.3189 0.4213
vn -0.8045 -0.4090 0.4307
vn -0.5700 -0.6667 0.4802
vn -0.4831 -0.6856 0.5446
vn 0.2677 -0.8686 0.4171
vn 0.0197 -0.9812 0.1920
vn 0.8645 -0.2915 0.4095
vn 0.6365 -0.5738 -0.5154
vn 0.2784 -0.4006 -0.8729
vn 0.6884 -0.2523 -0.6800
vn 0.4895 -0.2358 -0.8395
vn 0.4988 -0.7992 -0.3354
vn 0.8317 -0.4131 -0.3709
vn 0.7926 -0.5991 0.1137
vn 0.9417 -0.3129 0.1234
vn 0.4038 -0.1682 0.8993
vn -0.7435 -0.0032 -0.6688
vn -0.1848 0.9788 0.0883
vn -0.3271 0.9426 -0.0671
vn -0.6064 0.7926 0.0646
vn -0.4371 0.8847 0.1622
vn -0.5292 0.8299 0.1767
vn -0.1347 0.3978 0.9075
vn -0.3066 0.3954 0.8659
vn -0.8103 0.5486 0.2060
vn -0.8833 0.3575 0.3032
vn -0.8173 0.0672 0.5723
vn -0.5910 -0.6332 0.4998
vn -0.3021 -0.8572 0.4171
vn -0.2366 -0.9655 -0.1089
vn 0.9325 -0.0521 -0.3573
vn 0.9132 -0.2770 0.2987
vn 0.5766 -0.6360 0.5130
vn 0.6182 -0.7838 -0.0589
vn 0.5790 -0.6515 -0.4903
vn 0.3689 -0.3698 -0.8527
vn 0.2749 -0.4097 -0.8698
vn 0.7592 -0.3311 -0.5603
vn 0.7989 -0.3936 -0.4548
vn 0.7671 0.0230 -0.6411
vn 0.4247 -0.4774 -0.7692
vn 0.7343 -0.1875 -0.6524
vn 0.9365 -0.0677 -0.3440
vn 0.9612 -0.2749 -0.0231
vn 0.9669 -0.2445 -0.0727
vn -0.1151 0.9874 -0.1086
vn -0.3552 0.9013 -0.2479
vn -0.6956 0.6662 -0.2688
vn -0.8354 0.5374 -0.1154
vn -0.8055 0.5545 0.2092
vn -0.6670 0.7002 -0.2548
vn -0.9554 0.2807 -0.0921
vn -0.8607 -0.0797 0.5028
vn -0.8337 0.0539 0.5495
vn -0.9944 0.0699 -0.0786
vn -0.9684 -0.2460 -0.0422
vn -0.8019 -0.4238 0.4212
vn -0.0564 -0.9964 0.0635
vn 0.0733 -0.9521 0.2970
vn 0.2591 -0.6939 -0.6718
vn 0.4409 -0.5656 -0.6969
vn 0.5081 -0.4777 -0.7167
vn 0.5451 -0.3839 -0.7453
vn 0.6266 -0.5930 -0.5057
vn 0.7547 -0.4201 -0.5039
vn 0.7700 -0.4418 -0.4603
vn 0.9102 0.1093 -0.3996
vn 0.8189 -0.2916 -0.4943
vn 0.9423 0.0135 -0.3344
vn 0.8747 -0.0738 -0.4790
vn 0.9114 -0.0018 -0.4115
vn 0.4531 -0.5825 -0.6748
vn 0.9327 -0.3601 -0.0172
vn 0.9416 0.0172 0.3363
vn 0.9396 -0.0393 0.3400
vn 0.8211 0.2349 0.5202
vn 0.8099 0.4800 -0.3372
vn 0.9235 0.2544 0.2872
vn 0.7378 0.4869 0.4676
vn 0.5945 0.7477 0.2957
vn 0.6435 0.7652 0.0195
vn -0.0564 0.9960 -0.0698
vn -0.2334 0.9425 -0.2393
vn -0.0117 0.9881 -0.1534
vn -0.3631 0.9001 -0.2406
vn -0.4412 0.8504 0.2868
vn -0.7080 0.6849 0.1722
vn -0.5951 0.7254 -0.3460
vn -0.9486 0.3042 -0.0875
vn -0.9410 0.3348 -0.0487
vn -0.9941 0.1024 -0.0352
vn -0.9722 -0.2333 -0.0222
vn -0.6121 -0.7345 0.2929
vn -0.7399 -0.6709 0.0498
vn -0.2903 -0.9506 0.1100
vn 0.9258 -0.1738 -0.3356
vn -0.9045 -0.3003 -0.3027
vn 0.5557 -0.4092 0.7237
vn 0.1852 -0.9275 -0.3247
vn 0.5609 -0.7987 0.2178
vn 0.0258 -0.9881 0.1519
vn 0.0482 -0.5482 -0.8350
vn -0.0601 -0.6106 -0.7896
vn -0.0486 -0.7195 -0.6928
vn -0.1742 -0.7478 -0.6406
vn 0.1974 -0.6772 -0.7088
vn 0.0393 -0.5921 -0.8049
vn 0.6525 -0.5893 -0.4765
vn 0.6297 -0.5564 -0.5421
vn 0.8325 -0.2087 -0.5132
vn 0.9291 0.1326 -0.3452
vn 0.8972 -0.0676 -0.4364
vn 0.7844 -0.0604 -0.6173
vn 0.5749 -0.0067 -0.8182
vn 0.6637 0.3643 -0.6533
vn 0.6607 0.3735 -0.6511
vn 0.5024 0.5616 -0.6574
vn 0.5720 0.8027 -0.1690
vn 0.6351 0.6845 -0.3580
vn 0.5847 -0.0581 -0.8092
vn 0.6687 -0.1504 -0.7282
vn 0.8778 -0.0349 -0.4778
vn 0.7235 0.6903 0.0050
vn 0.9926 -0.0710 -0.0981
vn 0.7245 0.6046 -0.3310
vn -0.0576 0.9974 -0.0425
vn -0.3692 0.9290 0.0255
vn -0.5512 0.6678 0.5002
vn -0.8983 0.3962 -0.1901
vn -0.6564 0.7436 0.1274
vn -0.8799 0.4721 -0.0532
vn -0.9351 0.3445 -0.0833
vn -0.9464 0.3145 -0.0736
vn -0.8840 0.2112 0.4171
vn -0.8828 0.2130 0.4187
vn -0.9980 0.0566 0.0293
vn -0.9149 0.4009 -0.0478
vn -0.8920 0.1067 0.4393
vn -0.9701 -0.2425 0.0125
vn -0.6941 -0.6865 -0.2166
vn 0.1837 -0.9713 -0.1510
vn 0.3296 -0.8817 -0.3376
vn -0.0959 -0.7366 -0.6695
vn -0.0340 -0.8421 -0.5382
vn -0.0675 -0.7473 -0.6611
vn -0.0579 -0.6546 -0.7538
vn -0.0501 -0.8881 -0.4569
vn -0.0331 -0.8712 -0.4899
vn -0.2557 -0.9021 -0.3477
vn 0.1574 -0.9060 -0.3929
vn 0.0321 -0.8271 -0.5611
vn 0.4047 -0.7673 -0.4975
vn 0.5715 -0.6524 -0.4977
vn 0.6359 -0.5613 -0.5297
vn 0.8120 -0.2239 -0.5390
vn 0.8754 0.1846 -0.4467
vn 0.8899 0.1959 -0.4120
vn 0.8841 0.1085 -0.4546
vn 0.8826 0.1096 -0.4572
vn 0.8489 -0.1062 -0.5177
vn 0.8663 -0.1457 -0.4779
vn 0.8170 -0.1954 -0.5425
vn 0.8773 0.2789 -0.3905
vn 0.5622 0.7223 -0.4027
vn 0.2104 0.9627 -0.1702
vn 0.0188 0.9559 -0.2929
vn -0.0479 0.9453 0.3226
vn -0.1858 0.9821 -0.0297
vn -0.1864 0.8732 0.4503
vn -0.2281 0.8832 0.4097
vn -0.6548 0.6146 0.4399
vn -0.8860 0.1752 0.4293
vn -0.8504 0.2703 0.4513
vn -0.7994 0.3182 0.5096
vn -0.9677 -0.1144 0.2246
vn -0.9920 -0.1069 -0.0664
vn -0.7689 -0.5506 -0.3250
vn -0.6660 -0.7049 -0.2441
vn -0.0718 -0.6543 -0.7528
vn 0.0400 -0.8865 -0.4610
vn 0.4678 -0.7013 -0.5380
vn 0.4506 -0.6889 -0.5678
vn 0.6111 -0.5361 -0.5823
vn 0.6384 -0.5535 -0.5348
vn 0.9192 0.2937 -0.2625
vn 0.9195 0.3346 -0.2061
vn -0.9160 -0.3337 0.2229
vn 0.9122 0.1750 -0.3705
vn 0.6957 0.6570 -0.2905
vn 0.8126 0.4679 -0.3474
vn 0.8315 0.4881 -0.2652
vn 0.8197 0.5325 -0.2111
vn 0.8557 0.2313 -0.4629
vn 0.8884 0.1285 -0.4407
vn 0.7550 0.5333 -0.3816
vn 0.6748 0.7193 -0.1649
vn 0.8596 0.1777 -0.4791
vn 0.7742 0.6330 0.0029
vn 0.5544 0.8265 0.0977
vn 0.5505 0.7998 -0.2394
vn 0.9043 0.3391 -0.2592
vn -0.1209 0.9765 0.1785
vn -0.0599 0.9163 0.3960
vn -0.0472 0.9121 0.4073
vn -0.6006 0.6008 0.5275
vn -0.8421 0.3352 0.4226
vn -0.8828 0.3025 0.3594
vn -0.8409 0.2270 0.4913
vn -0.8511 0.1690 0.4971
vn -0.8254 0.1972 0.5290
vn -0.9627 -0.1050 0.2492
vn -0.8493 -0.4477 -0.2795
vn -0.5419 -0.6788 -0.4955
vn -0.5194 -0.7487 -0.4120
vn -0.8723 -0.4513 -0.1883
vn -0.2304 -0.9008 -0.3681
vn -0.3206 -0.8939 -0.3133
vn 0.0390 -0.8753 -0.4820
vn -0.1945 -0.8758 -0.4418
vn -0.1217 -0.9524 -0.2793
vn 0.0695 -0.8627 -0.5009
vn 0.4036 -0.7534 -0.5191
vn 0.8377 0.1361 -0.5289
vn 0.8681 0.2012 -0.4537
vn 0.8668 0.0115 -0.4985
vn 0.8163 0.4172 -0.3994
vn 0.5162 0.7554 0.4035
vn 0.8466 0.5160 -0.1305
vn 0.7373 0.6413 -0.2123
vn 0.7873 0.6047 -0.1205
vn 0.4451 0.8896 0.1022
vn 0.0875 0.8636 0.4965
vn -0.1375 0.8907 0.4332
vn 0.0556 0.9461 0.3191
vn -0.7766 0.4614 0.4290
vn -0.7495 0.4346 0.4994
vn -0.7439 0.4015 0.5342
vn -0.8565 -0.3696 0.3602
vn -0.9379 -0.1536 0.3112
vn -0.7140 -0.6639 -0.2225
vn -0.8482 -0.4725 -0.2393
vn -0.4807 -0.8648 -0.1453
vn -0.7712 -0.6366 0.0091
vn -0.7446 -0.6673 0.0190
vn -0.7806 -0.6193 -0.0843
vn -0.5504 -0.7796 -0.2988
vn -0.3381 -0.8862 -0.3168
vn -0.3356 -0.7710 -0.5413
vn -0.2161 -0.9315 -0.2925
vn 0.2336 -0.7824 -0.5772
vn 0.6174 -0.5859 -0.5249
vn 0.7117 -0.3427 -0.6133
vn 0.7409 -0.3971 -0.5417
vn 0.8147 0.1217 -0.5670
vn 0.8896 0.0616 -0.4525
vn 0.9064 0.0878 -0.4133
vn 0.8401 0.4802 -0.2521
vn 0.7217 0.6836 -0.1093
vn 0.3955 0.8337 -0.3853
vn 0.5470 0.8110 -0.2075
vn -0.2052 0.7752 0.5974
vn -0.1340 0.9022 0.4100
vn 0.4950 0.8350 0.2402
vn -0.0187 0.9199 0.3916
vn -0.0978 0.8587 0.5030
vn -0.1499 0.8938 0.4227
vn -0.2344 0.8572 0.4586
vn -0.1642 0.9108 0.3788
vn -0.5850 0.6608 0.4703
vn -0.7699 0.2649 0.5806
vn -0.8129 0.2633 0.5194
vn -0.8210 0.4000 0.4075
vn -0.8838 -0.1524 0.4424
vn -0.9641 -0.0392 0.2626
vn -0.8877 -0.3600 0.2870
vn -0.5567 -0.7300 -0.3964
vn -0.2244 -0.8924 -0.3916
vn -0.2283 -0.8909 -0.3926
vn 0.0223 -0.8505 -0.5254
vn 0.0022 -0.9078 -0.4194
vn -0.2250 -0.8896 -0.3974
vn -0.1893 -0.8888 -0.4173
vn 0.2172 -0.8493 -0.4812
vn 0.3868 -0.7127 -0.5853
vn 0.3875 -0.7092 -0.5889
vn 0.9421 -0.0393 -0.3331
vn -0.8895 -0.0600 0.4529
vn 0.8615 -0.0001 -0.5078
vn 0.8556 0.0202 -0.5173
vn 0.8892 0.0524 -0.4546
vn 0.8901 0.0614 -0.4515
vn 0.8340 0.4494 -0.3202
vn 0.6476 0.7446 -0.1619
vn 0.1467 0.9705 0.1916
vn -0.2453 0.8603 0.4469
vn -0.2859 0.8573 0.4282
vn -0.2772 0.7963 0.5376
vn -0.3868 0.7708 0.5062
vn -0.3330 0.7784 0.5321
vn -0.2852 0.8851 0.3677
vn -0.1883 0.8402 0.5085
vn -0.7810 0.4257 0.4570
vn -0.7364 0.4404 0.5135
vn -0.8537 0.2526 0.4554
vn -0.7811 0.4403 0.4427
vn -0.7827 0.2144 0.5843
vn -0.9765 0.1310 0.1710
vn -0.9129 -0.3942 -0.1063
vn -0.7541 -0.6510 -0.0864
vn -0.6438 -0.7272 -0.2381
vn -0.3044 -0.8675 -0.3935
vn -0.1011 -0.8460 -0.5235
vn 0.5975 -0.5044 -0.6234
vn 0.9263 0.1329 -0.3527
vn 0.8627 0.4208 -0.2806
vn 0.6482 0.7604 0.0399
vn 0.1075 0.9146 0.3898
vn 0.0994 0.9170 0.3864
vn -0.2169 0.8801 0.4223
vn -0.0402 0.8562 0.5151
vn -0.1307 0.9234 0.3610
vn -0.1892 0.7560 0.6267
vn -0.2446 0.8574 0.4529
vn -0.3051 0.8066 0.5063
vn -0.1368 0.8906 0.4338
vn -0.1657 0.8917 0.4211
vn -0.1242 0.9151 0.3837
vn -0.4301 0.7356 0.5233
vn -0.7453 0.3948 0.5372
vn -0.9513 -0.1799 0.2503
vn -0.8973 -0.1202 0.4248
vn -0.7613 0.4520 0.4649
vn -0.8104 -0.5724 0.1252
vn -0.7369 -0.6585 -0.1531
vn -0.6176 -0.7518 -0.2311
vn -0.4888 -0.7832 -0.3842
vn -0.0098 -0.8200 -0.5723
vn 0.4987 -0.6063 -0.6194
vn 0.4551 -0.6127 -0.6461
vn 0.6556 -0.4807 -0.5823
vn 0.4742 -0.6507 -0.5930
vn 0.6996 -0.3305 -0.6335
vn 0.8120 -0.0230 -0.5832
vn 0.8761 0.0739 -0.4765
vn 0.9238 0.3613 -0.1265
vn 0.6731 0.5931 -0.4417
vn 0.9132 0.0590 -0.4033
vn 0.8485 0.0907 0.5214
vn 0.7914 0.3147 -0.5241
vn 0.6687 0.7414 0.0560
vn 0.4030 0.9109 0.0883
vn -0.0982 0.8793 0.4660
vn -0.8740 0.1775 0.4524
vn -0.7005 0.4745 0.5331
vn -0.6605 0.5723 0.4860
vn -0.0207 0.8296 0.5580
vn -0.2876 0.8484 0.4445
vn -0.2147 0.6914 0.6898
vn -0.3700 0.8359 0.4055
vn -0.7321 0.4074 0.5459
vn -0.8539 0.2466 0.4583
vn -0.8561 0.2464 0.4542
vn -0.7588 0.3567 0.5450
vn -0.9754 0.1196 0.1850
vn -0.7394 -0.6554 -0.1540
vn -0.6198 -0.7512 -0.2269
vn -0.0804 -0.8783 -0.4712
vn 0.1092 -0.9001 -0.4217
vn 0.1872 -0.8006 -0.5692
vn 0.1201 -0.8689 -0.4801
vn 0.0223 -0.8028 -0.5958
vn 0.4736 -0.6507 -0.5935
vn 0.7806 -0.3586 -0.5118
vn 0.9207 -0.0638 -0.3850
vn 0.9050 0.4013 -0.1414
vn -0.1576 0.8482 0.5057
vn 0.3538 0.9339 0.0518
vn 0.3554 0.9292 0.1016
vn -0.0899 0.8986 0.4296
vn -0.1763 0.8561 0.4859
vn -0.2230 0.7937 0.5659
vn -0.6268 0.2936 0.7218
vn -0.7081 0.4717 0.5255
vn -0.2727 0.8427 0.4643
vn -0.2841 0.8405 0.4614
vn -0.7656 0.3604 0.5328
vn -0.8575 -0.0243 0.5139
vn -0.7591 -0.6462 -0.0783
vn -0.5913 -0.7876 -0.1735
vn -0.5709 -0.7797 -0.2572
vn -0.2364 -0.8845 -0.4022
vn -0.2627 -0.8547 -0.4478
vn -0.2368 -0.8853 -0.4002
vn -0.2244 -0.8996 -0.3747
vn -0.1848 -0.9173 -0.3526
vn -0.2091 -0.9029 -0.3756
vn -0.1853 -0.9153 -0.3577
vn -0.2330 -0.8892 -0.3938
vn 0.2145 -0.8497 -0.4816
vn 0.1398 -0.8362 -0.5303
vn 0.5011 -0.5889 -0.6342
vn 0.8991 0.0454 -0.4353
vn 0.9029 0.0624 -0.4253
vn 0.4020 0.9036 0.1480
vn 0.4168 0.8231 0.3857
vn -0.0760 0.8953 0.4389
vn 0.1334 0.9036 0.4072
vn -0.6567 0.4420 0.6111
vn -0.8488 0.1049 0.5182
vn -0.8426 0.1521 0.5167
vn -0.8580 0.1922 0.4764
vn -0.7616 0.3798 0.5251
vn -0.8796 0.2851 0.3808
vn -0.8148 0.1788 0.5515
vn -0.8209 0.1405 0.5535
vn -0.8655 0.3127 0.3914
vn -0.7927 0.4500 0.4113
vn -0.7140 0.4188 0.5611
vn -0.8811 0.3011 0.3647
vn -0.8396 0.3637 0.4036
vn -0.9477 -0.2156 0.2353
vn -0.8280 -0.5599 -0.0295
vn -0.5226 -0.8316 -0.1879
vn -0.2121 -0.8823 -0.4202
vn 0.6529 -0.5383 -0.5329
vn 0.4697 -0.5800 -0.6656
vn 0.8975 0.0929 -0.4311
vn 0.8958 0.0935 -0.4345
vn 0.7436 0.6312 -0.2204
vn 0.8836 0.4237 -0.1994
vn 0.1003 0.9612 0.2568
vn 0.0878 0.9189 0.3846
vn -0.1165 0.7592 0.6404
vn -0.8668 0.0977 0.4889
vn -0.8206 -0.0198 0.5712
vn -0.9452 0.0608 0.3208
vn -0.8824 -0.1601 0.4423
vn -0.9766 -0.0231 0.2137
vn -0.7341 -0.6785 -0.0265
vn -0.5951 -0.7794 -0.1959
vn -0.5481 -0.8260 -0.1317
vn -0.5479 -0.8259 -0.1327
vn -0.7996 -0.6004 -0.0087
vn -0.7805 -0.6179 0.0955
vn -0.8313 -0.5557 0.0109
vn -0.7750 -0.6318 0.0131
vn -0.5615 -0.8156 -0.1395
vn -0.5611 -0.8134 -0.1533
vn -0.9198 -0.3160 0.2325
vn -0.8013 -0.5983 -0.0018
vn -0.5200 -0.8428 -0.1386
vn -0.4972 -0.8496 -0.1761
vn 0.4592 -0.7321 -0.5032
vn 0.9328 0.0454 -0.3574
vn 0.9217 0.1288 -0.3658
vn 0.7825 0.6154 -0.0946
vn 0.0876 0.9125 0.3997
vn 0.1693 0.8828 0.4382
vn -0.4590 0.6883 0.5617
vn -0.3828 0.6466 0.6599
vn -0.8715 0.1201 0.4755
vn -0.8630 0.1132 0.4923
vn -0.8746 -0.0644 0.4805
vn -0.7251 -0.6760 0.1313
vn -0.7137 -0.6993 -0.0398
vn -0.1967 -0.8892 -0.4131
vn -0.1372 -0.8541 -0.5016
vn 0.8802 0.1441 -0.4521
vn 0.8396 0.5423 -0.0310
vn -0.5052 0.5413 0.6721
vn -0.5970 0.5589 0.5755
vn -0.8444 0.0545 0.5329
vn -0.8449 0.1378 0.5169
vn -0.8360 0.1323 0.5325
vn -0.2059 -0.9252 -0.3188
vn -0.2279 -0.9092 -0.3485
vn -0.1997 -0.9089 -0.3661
vn 0.0262 -0.9338 -0.3568
vn 0.4470 -0.6329 -0.6321
vn 0.7732 -0.2979 -0.5598
vn 0.7219 -0.1055 -0.6839
vn 0.8402 0.2684 -0.4712
vn 0.7549 0.6514 -0.0762
vn 0.6655 0.7460 -0.0246
vn 0.0616 0.8755 0.4792
vn 0.1260 0.8855 0.4472
vn -0.8734 0.1884 0.4492
vn -0.8791 -0.0567 0.4733
vn -0.9320 -0.1139 0.3440
vn -0.8232 -0.4203 0.3818
vn -0.8956 -0.3548 0.2685
vn -0.9025 -0.3397 0.2648
vn -0.9418 -0.2847 0.1786
vn -0.6694 -0.7425 0.0256
vn -0.3029 -0.8872 -0.3479
vn 0.0169 -0.8472 -0.5309
vn 0.5247 -0.6316 -0.5708
vn 0.5224 -0.6170 -0.5886
vn 0.8949 -0.1650 -0.4147
vn 0.8952 0.2653 -0.3580
vn 0.8698 0.2129 -0.4452
vn 0.9059 0.2568 -0.3368
vn 0.8609 0.3649 -0.3545
vn 0.8678 0.3014 -0.3951
vn 0.7402 0.6700 0.0566
vn 0.4113 0.8968 0.1629
vn 0.1559 0.9253 0.3457
vn 0.1607 0.9190 0.3601
vn -0.4577 0.6827 0.5696
vn -0.7660 0.1791 0.6174
vn -0.8467 0.0573 0.5291
vn -0.9262 0.0486 0.3739
vn -0.9208 0.0650 0.3846
vn -0.6652 -0.7465 -0.0141
vn -0.3024 -0.8885 -0.3452
vn 0.1104 -0.8830 -0.4562
vn 0.7167 -0.2513 -0.6506
vn 0.8851 -0.1790 -0.4296
vn 0.9423 0.2128 -0.2585
vn 0.6690 0.7052 -0.2346
vn 0.4257 0.8990 0.1024
vn -0.0205 0.8951 0.4454
vn 0.1411 0.6940 0.7060
vn -0.1764 0.9379 0.2987
vn -0.7526 0.3108 0.5806
vn -0.4040 0.6734 0.6192
vn -0.8990 -0.0987 0.4266
vn -0.9434 -0.1110 0.3127
vn -0.8439 0.1562 0.5133
vn -0.8906 -0.4546 0.0127
vn -0.9042 -0.2533 0.3438
vn -0.9445 -0.2376 0.2270
vn -0.8769 -0.1297 0.4629
vn -0.7674 -0.6409 0.0195
vn -0.7831 -0.6219 0.0065
vn -0.7642 -0.6441 -0.0345
vn -0.2718 -0.9081 -0.3185
vn 0.1200 -0.9164 -0.3819
vn 0.7550 -0.2768 -0.5944
vn 0.4317 -0.6354 -0.6402
vn 0.4792 -0.6936 -0.5378
vn 0.8395 0.3577 -0.4089
vn 0.8823 0.1298 -0.4525
vn 0.8351 0.1819 -0.5192
vn 0.7680 0.6404 -0.0099
vn -0.0075 0.9218 0.3875
vn -0.9571 0.1818 0.2256
vn -0.8767 0.1511 0.4567
vn -0.8420 0.1892 0.5052
vn -0.7871 -0.4547 0.4168
vn -0.7212 -0.6805 0.1295
vn -0.2803 -0.8918 -0.3551
vn -0.0873 -0.9526 -0.2915
vn -0.0630 -0.8642 -0.4992
vn 0.2554 -0.7794 -0.5721
vn 0.7598 -0.4546 -0.4648
vn 0.6311 -0.3843 -0.6738
vn 0.6103 -0.5323 -0.5866
vn 0.8306 0.3053 -0.4657
vn 0.9098 0.3072 -0.2792
vn 0.8238 0.3155 -0.4710
vn 0.9244 0.2529 -0.2855
vn 0.6945 0.7193 -0.0136
vn 0.0297 0.8261 0.5628
vn 0.1778 0.9324 0.3146
vn 0.0828 0.9622 0.2593
vn -0.7700 -0.0743 0.6336
vn -0.8414 0.1890 0.5063
vn -0.8719 -0.3185 0.3720
vn -0.9609 -0.0060 0.2768
vn -0.6363 -0.7508 -0.1772
vn -0.2882 -0.9160 -0.2791
vn 0.4978 -0.6035 -0.6229
vn 0.8767 0.2672 -0.3999
vn 0.8436 0.2757 -0.4607
vn 0.4432 0.8087 0.3868
vn 0.0152 0.3738 -0.9274
vn 0.0368 0.9898 -0.1376
vn 0.6999 0.7141 0.0143
vn -0.0463 0.8564 0.5142
vn -0.6219 0.6321 0.4624
vn -0.6523 -0.2836 0.7029
vn -0.8955 -0.0016 0.4450
vn -0.5355 -0.8231 -0.1889
vn -0.5592 -0.7870 -0.2605
vn -0.6355 -0.7656 -0.0999
vn -0.2733 -0.8414 -0.4662
vn -0.3300 -0.8791 -0.3439
vn -0.3830 -0.8741 -0.2987
vn 0.8756 0.0280 -0.4823
vn 0.8361 0.3276 -0.4401
vn 0.8501 0.3172 -0.4203
vn 0.8749 0.2579 -0.4099
vn 0.2051 0.9133 0.3520
vn 0.2322 0.9339 0.2718
vn -0.2197 0.6481 0.7292
vn -0.9116 0.0200 0.4105
vn 0.2650 0.9202 0.2881
vn 0.3035 0.8148 0.4939
vn 0.1873 0.7292 0.6582
vn -0.6303 0.2350 0.7399
vn -0.6925 0.2645 0.6711
vn -0.3028 0.7822 0.5445
vn -0.9105 -0.2494 0.3297
vn -0.7060 0.0360 0.7073
vn -0.3168 -0.8144 -0.4862
vn -0.2606 -0.8939 -0.3648
vn -0.3133 -0.9012 -0.2994
vn -0.2284 -0.8697 -0.4375
vn -0.3211 -0.8052 -0.4985
vn -0.0830 -0.9482 -0.3067
vn 0.1160 -0.7479 -0.6536
vn 0.4763 -0.5788 -0.6619
vn 0.7837 0.4709 -0.4050
vn -0.8612 0.1128 0.4956
vn -0.8537 -0.2877 0.4342
vn -0.8752 0.0967 0.4740
vn -0.7793 -0.5978 -0.1877
vn -0.4358 -0.8448 -0.3104
vn 0.0668 -0.7421 -0.6669
vn 0.6935 0.1779 -0.6981
vn 0.7698 0.1243 -0.6261
vn 0.8253 0.4608 -0.3264
vn 0.5773 0.7410 -0.3431
vn 0.7001 0.7016 -0.1329
vn 0.3640 0.7733 0.5191
vn -0.4527 0.2385 0.8592
vn -0.8499 -0.2153 0.4809
vn -0.7702 0.0501 0.6358
vn -0.9595 -0.2289 0.1644
vn -0.7486 -0.6587 0.0758
vn -0.5617 -0.7312 -0.3870
vn -0.4029 -0.7504 -0.5240
vn -0.3116 -0.8230 -0.4749
vn -0.3743 -0.8549 -0.3592
vn -0.4232 -0.7608 -0.4920
vn -0.4216 -0.8582 -0.2930
vn 0.0644 -0.7363 -0.6736
vn 0.4991 -0.4286 -0.7531
vn 0.8785 0.1574 -0.4512
vn 0.8349 0.2233 -0.5031
vn 0.8218 0.2496 -0.5122
vn 0.8337 0.2232 -0.5051
vn 0.8639 0.5035 -0.0120
vn 0.3737 0.8300 0.4141
vn 0.2687 0.9143 0.3031
vn 0.2182 0.8636 0.4544
vn 0.2545 0.7993 0.5444
vn 0.2114 0.7750 0.5955
vn -0.8429 -0.1171 0.5252
vn -0.8343 -0.1425 0.5326
vn -0.8478 -0.2152 0.4847
vn -0.8529 -0.2798 0.4408
vn -0.5608 -0.6808 -0.4712
vn -0.3480 -0.8908 -0.2922
vn -0.3366 -0.8564 -0.3916
vn -0.3539 -0.8497 -0.3909
vn 0.0234 -0.7976 -0.6028
vn 0.1111 -0.9307 -0.3485
vn -0.3907 -0.6447 -0.6571
vn 0.5118 -0.3466 -0.7861
vn 0.8347 0.2207 -0.5045
vn 0.7279 0.4523 -0.5154
vn 0.9300 0.2407 -0.2776
vn 0.7764 0.5910 -0.2191
vn 0.3773 0.8046 0.4585
vn 0.1116 0.8087 0.5775
vn -0.1402 0.8518 0.5047
vn -0.1379 0.8387 0.5269
vn -0.4966 0.3507 0.7940
vn -0.8728 0.0698 0.4830
vn -0.8855 0.0848 0.4568
vn -0.5235 -0.0381 0.8512
vn -0.7441 0.1323 0.6549
vn -0.8459 -0.1467 0.5128
vn -0.7923 -0.1140 0.5994
vn -0.8610 -0.2651 0.4341
vn -0.8566 -0.2638 0.4434
vn -0.7007 -0.6703 -0.2445
vn 0.5734 -0.3629 -0.7345
vn 0.7828 0.2511 -0.5694
vn 0.8136 0.3708 -0.4477
vn 0.8426 0.2262 -0.4887
vn 0.7783 0.5907 -0.2130
vn 0.1123 0.8193 0.5623
vn 0.1473 0.7792 0.6092
vn 0.1263 0.7850 0.6065
vn -0.5547 0.3908 0.7345
vn 0.1134 0.6761 0.7280
vn -0.9593 0.1826 0.2154
vn -0.8756 -0.2001 0.4396
vn -0.8457 -0.1426 0.5142
vn -0.6715 -0.7224 -0.1648
vn -0.6760 -0.7368 -0.0064
vn -0.3440 -0.8023 -0.4879
vn -0.6699 -0.7137 -0.2047
vn 0.0129 -0.6286 -0.7776
vn 0.6128 0.1222 -0.7807
vn 0.6635 -0.1641 -0.7299
vn 0.8225 0.3729 -0.4295
vn 0.7627 0.2690 -0.5882
vn 0.7833 0.5848 -0.2110
vn 0.3537 0.8001 0.4845
vn 0.3382 0.8322 0.4393
vn 0.3304 0.6783 0.6562
vn -0.2907 0.6441 0.7076
vn -0.6287 0.0589 0.7754
vn -0.8182 -0.2006 0.5388
vn -0.3162 -0.7537 -0.5762
vn -0.4559 -0.7786 -0.4313
vn -0.6752 -0.7172 -0.1725
vn -0.4086 -0.7761 -0.4803
vn 0.0816 -0.6691 -0.7386
vn 0.2475 -0.6033 -0.7581
vn 0.8469 -0.0886 -0.5243
vn 0.6500 -0.1398 -0.7469
vn 0.8324 0.2108 -0.5126
vn 0.8287 0.3600 -0.4285
vn 0.9237 0.3527 -0.1498
vn 0.6950 0.5448 -0.4692
vn 0.3578 0.7980 0.4850
vn -0.6237 -0.0906 0.7764
vn -0.7588 -0.0335 0.6505
vn -0.7353 -0.0198 0.6774
vn -0.8012 -0.5897 0.1020
vn -0.7968 -0.1740 0.5787
vn -0.8174 -0.1769 0.5482
vn -0.8035 -0.2222 0.5522
vn -0.8379 -0.5427 0.0582
vn -0.6856 -0.7278 -0.0161
vn -0.3314 -0.7389 -0.5868
vn -0.4324 -0.7086 -0.5576
vn 0.6828 0.1488 -0.7153
vn 0.7547 0.1467 -0.6394
vn 0.8055 0.2568 -0.5340
vn 0.1627 0.9465 0.2785
vn -0.8765 -0.4648 0.1249
vn -0.6084 -0.5627 0.5597
vn -0.2270 -0.8255 -0.5167
vn -0.2649 -0.8279 -0.4943
vn 0.0751 -0.8570 -0.5097
vn 0.6184 -0.2200 -0.7544
vn 0.7533 0.0481 -0.6560
vn 0.8382 0.1433 -0.5262
vn 0.3178 0.7250 0.6110
vn 0.2930 0.7829 0.5489
vn 0.7124 0.6149 0.3381
vn 0.3271 0.7999 0.5032
vn -0.5770 0.3499 0.7380
vn -0.7507 -0.2583 0.6081
vn -0.7596 -0.3394 0.5549
vn -0.6303 -0.3666 0.6843
vn -0.5966 -0.7523 -0.2795
vn -0.3995 -0.7172 -0.5710
vn -0.3723 -0.7944 -0.4799
vn 0.2879 -0.5340 -0.7950
vn 0.4931 -0.2493 -0.8335
vn 0.7898 0.3524 -0.5020
vn 0.7508 0.2928 -0.5920
vn 0.7596 0.6274 -0.1716
vn -0.2306 0.4240 0.8758
vn 0.1418 0.8193 0.5555
vn -0.1955 0.2310 0.9531
vn -0.5960 0.2650 0.7580
vn -0.3249 0.4105 0.8520
vn -0.6464 -0.0317 0.7623
vn -0.7362 -0.2515 0.6284
vn -0.7282 -0.2176 0.6499
vn -0.0461 -0.7667 -0.6403
vn -0.4574 -0.7107 -0.5345
vn -0.2382 -0.9079 -0.3449
vn -0.1759 -0.5892 -0.7886
vn -0.1243 -0.9152 -0.3833
vn -0.0955 -0.6345 -0.7670
vn 0.4683 -0.3946 -0.7906
vn 0.5334 -0.3856 -0.7529
vn 0.5293 -0.4120 -0.7417
vn 0.8298 0.1235 -0.5442
vn 0.9150 0.2245 -0.3351
vn 0.8585 -0.0570 -0.5096
vn 0.3146 0.7369 0.5984
vn 0.3272 0.7209 0.6110
vn -0.5679 0.2532 0.7832
vn -0.7580 -0.2277 0.6112
vn -0.8128 -0.4410 0.3808
vn -0.7679 -0.2351 0.5959
vn -0.7015 -0.7087 0.0756
vn -0.0023 -0.8031 -0.5958
vn 0.0616 -0.8252 -0.5615
vn 0.8144 0.2236 -0.5355
vn 0.9201 0.3153 0.2324
vn 0.3915 0.8385 0.3790
vn 0.3900 0.7819 0.4864
vn 0.3617 0.7336 0.5753
vn 0.1996 0.6576 0.7264
vn -0.0951 0.6546 0.7500
vn -0.3252 0.3450 0.8805
vn -0.5039 0.2195 0.8354
vn -0.7535 0.1330 0.6438
vn -0.4305 -0.1221 0.8943
vn -0.7741 -0.1551 0.6138
vn -0.7670 -0.2395 0.5952
vn -0.5700 -0.8084 0.1469
vn -0.3611 -0.9285 -0.0868
vn -0.5161 -0.7944 -0.3202
vn 0.2314 -0.6016 -0.7646
vn 0.4761 -0.4259 -0.7694
vn 0.8733 0.1921 -0.4478
vn 0.8322 0.1108 -0.5433
vn 0.8692 0.2213 -0.4421
vn 0.9469 0.0086 -0.3213
vn 0.5227 0.5076 0.6849
vn 0.6609 0.7341 0.1562
vn 0.7828 0.5807 -0.2234
vn 0.0604 0.8756 0.4792
vn 0.3427 0.7931 0.5035
vn -0.0763 0.6403 0.7643
vn -0.7846 -0.3957 0.4774
vn -0.7782 -0.6008 0.1830
vn -0.8958 -0.4343 0.0941
vn -0.5346 -0.8108 -0.2385
vn -0.2814 -0.7941 -0.5387
vn -0.2976 -0.7554 -0.5838
vn -0.5094 -0.7714 -0.3814
vn -0.3531 -0.9087 -0.2227
vn -0.3535 -0.8686 -0.3472
vn -0.0203 -0.7018 -0.7121
vn 0.2811 -0.6124 -0.7389
vn 0.4989 -0.3391 -0.7976
vn 0.7582 -0.0202 -0.6517
vn 0.6819 0.5293 -0.5048
vn 0.4699 0.7369 0.4860
vn 0.3277 0.8080 0.4896
vn -0.0751 0.5610 0.8244
vn -0.8098 -0.0753 0.5818
vn -0.8000 -0.3145 0.5110
vn -0.8433 -0.2573 0.4719
vn -0.2435 -0.7675 -0.5931
vn -0.7861 -0.6161 0.0499
vn -0.2434 -0.7781 -0.5790
vn -0.1950 -0.8120 -0.5501
vn -0.1918 -0.8577 -0.4771
vn -0.4735 -0.7348 -0.4857
vn -0.4881 -0.7224 -0.4897
vn -0.0396 -0.7137 -0.6993
vn 0.7679 0.1946 -0.6103
vn 0.8101 0.1968 -0.5522
vn 0.7860 0.2599 -0.5609
vn 0.8373 0.4187 -0.3516
vn 0.4329 0.8664 0.2489
vn 0.3786 0.8014 0.4631
vn 0.4824 0.7720 0.4139
vn 0.4739 0.7277 0.4958
vn -0.0688 0.6811 0.7289
vn -0.0876 0.5714 0.8160
vn -0.0389 -0.6245 -0.7801
vn -0.3779 0.2550 0.8900
vn -0.5030 0.3016 0.8100
vn -0.4245 -0.1113 0.8985
vn -0.7682 -0.4084 0.4931
vn -0.7605 -0.3952 0.5153
vn -0.2024 -0.8581 -0.4719
vn -0.4953 -0.6848 -0.5346
vn 0.1920 -0.4993 -0.8449
vn 0.2621 -0.4974 -0.8270
vn -0.0149 -0.7182 -0.6957
vn 0.4321 -0.4077 -0.8044
vn 0.4217 -0.3489 -0.8369
vn 0.4703 -0.4064 -0.7834
vn 0.7035 0.3045 -0.6422
vn 0.6900 0.2796 -0.6676
vn 0.8503 0.3905 -0.3529
vn 0.5151 0.7829 0.3490
vn 0.2429 0.4837 0.8409
vn 0.1487 0.8935 0.4237
vn 0.5993 -0.0417 0.7995
vn -0.1538 0.7179 0.6790
vn -0.4869 -0.0517 0.8719
vn -0.4638 0.0848 0.8819
vn -0.7412 -0.0776 0.6668
vn -0.7480 -0.4573 0.4810
vn -0.8140 -0.4447 0.3736
vn -0.4916 -0.8663 0.0888
vn -0.7327 -0.6803 -0.0193
vn 0.2128 -0.5712 -0.7928
vn 0.8531 0.3046 -0.4236
vn 0.7346 0.0940 -0.6720
vn 0.8221 0.3888 -0.4160
vn 0.4841 0.8263 -0.2879
vn 0.8854 0.2818 0.3695
vn 0.5172 0.6627 0.5416
vn 0.5813 0.7045 0.4072
vn 0.3159 0.7022 0.6381
vn -0.1666 0.1682 0.9716
vn -0.0350 0.4232 0.9054
vn 0.0229 0.4224 0.9061
vn -0.2467 0.3517 0.9030
vn -0.7751 -0.3853 0.5007
vn -0.7446 -0.4543 0.4891
vn -0.1679 -0.8661 -0.4708
vn -0.3487 -0.6871 -0.6374
vn -0.4612 -0.6496 -0.6045
vn 0.1587 -0.7952 -0.5852
vn -0.2390 -0.6411 -0.7293
vn 0.3001 -0.4114 -0.8606
vn 0.6967 -0.0656 -0.7144
vn 0.5021 -0.0773 -0.8613
vn 0.7067 0.3028 -0.6394
vn 0.7462 0.2542 -0.6152
vn 0.8717 0.2235 -0.4360
vn 0.7970 0.4172 -0.4367
vn 0.7403 0.0937 -0.6657
vn 0.9066 0.2343 -0.3510
vn 0.7048 0.7016 -0.1046
vn 0.5472 0.6469 0.5312
vn 0.4956 0.6474 0.5790
vn 0.5264 0.6620 0.5335
vn 0.4825 0.7176 0.5022
vn 0.3949 0.3924 0.8307
vn 0.2485 0.7376 0.6278
vn 0.0575 0.2761 0.9594
vn -0.5470 0.0206 0.8369
vn -0.3807 0.1590 0.9109
vn -0.7660 -0.4387 0.4699
vn -0.1674 -0.8585 -0.4848
vn -0.4134 -0.8213 -0.3931
vn -0.4217 -0.8225 -0.3816
vn -0.3864 -0.7316 -0.5616
vn 0.1698 -0.6044 -0.7784
vn 0.3273 -0.5838 -0.7430
vn 0.2709 -0.5408 -0.7964
vn 0.3275 -0.6072 -0.7239
vn 0.3012 -0.5421 -0.7845
vn 0.5508 -0.2429 -0.7985
vn 0.7834 0.3640 -0.5038
vn 0.8066 0.3845 -0.4490
vn 0.6708 0.1395 -0.7284
vn 0.9783 0.1778 -0.1068
vn 0.8965 0.1713 0.4086
vn 0.3680 0.5920 0.7170
vn 0.4959 0.7119 0.4973
vn 0.7363 0.3775 0.5616
vn 0.3938 0.3929 0.8310
vn -0.3345 -0.0943 0.9377
vn -0.6282 -0.2287 0.7437
vn -0.7427 -0.4658 0.4812
vn -0.5663 -0.6435 0.5150
vn -0.4921 -0.6380 0.5922
vn -0.4128 -0.1862 0.8916
vn -0.6288 -0.2688 0.7297
vn -0.7425 -0.4663 0.4809
vn -0.6375 -0.6625 0.3933
vn -0.5776 -0.3693 0.7280
vn -0.7599 -0.4402 0.4783
vn -0.6818 -0.3631 0.6351
vn -0.6872 -0.5688 0.4519
vn -0.7493 -0.5744 0.3296
vn -0.2051 -0.8346 -0.5112
vn -0.3429 -0.7710 -0.5367
vn -0.2583 -0.7967 -0.5464
vn -0.1385 -0.8868 -0.4408
vn 0.1999 -0.6495 -0.7337
vn 0.5181 -0.3699 -0.7712
vn 0.7140 -0.2681 -0.6468
vn 0.6447 -0.1682 -0.7457
vn 0.4818 -0.2072 -0.8514
vn 0.0135 -0.5398 -0.8417
vn 0.5591 -0.1665 -0.8122
vn 0.6732 0.2636 -0.6909
vn 0.8880 0.1353 -0.4395
vn 0.4985 0.4442 0.7444
vn -0.3147 -0.6285 -0.7113
vn 0.5599 0.3656 0.7436
vn 0.2645 0.4132 0.8714
vn -0.1140 -0.0316 0.9930
vn -0.0968 0.2256 0.9694
vn -0.6219 -0.1354 0.7713
vn -0.4215 -0.5614 0.7122
vn -0.3520 -0.1925 0.9160
vn -0.7206 -0.6923 0.0389
vn -0.2268 -0.9179 -0.3256
vn -0.4883 -0.6393 0.5940
vn -0.3947 -0.7958 -0.4593
vn -0.2150 -0.7850 -0.5809
vn -0.1834 -0.8008 -0.5702
vn -0.3291 -0.8471 -0.4172
vn 0.9657 0.1676 -0.1984
vn 0.9044 0.2703 -0.3301
vn 0.8634 0.2697 -0.4263
vn 0.7410 -0.0719 -0.6677
vn 0.6099 -0.0358 -0.7917
vn 0.6924 0.0901 -0.7158
vn 0.8128 0.1037 -0.5733
vn 0.8214 0.5700 0.0196
vn 0.4462 0.4699 0.7616
vn 0.6662 0.3235 0.6720
vn 0.2265 0.4760 0.8497
vn -0.1633 0.2320 0.9589
vn -0.3001 -0.3707 0.8789
vn -0.3868 -0.3986 0.8316
vn -0.3995 -0.6860 0.6081
vn -0.1978 -0.4071 0.8917
vn -0.2414 -0.4120 0.8786
vn -0.5185 -0.7591 0.3937
vn -0.3256 -0.8895 0.3205
vn -0.0890 -0.9722 -0.2164
vn -0.0918 -0.9363 -0.3389
vn 0.0904 -0.8086 -0.5814
vn 0.0174 -0.8009 -0.5986
vn 0.2737 -0.6426 -0.7157
vn 0.4481 -0.4263 -0.7858
vn 0.4324 -0.3788 -0.8182
vn 0.5961 -0.1783 -0.7829
vn 0.9521 -0.0051 -0.3057
vn 0.9332 0.1133 -0.3409
vn 0.8000 0.1146 -0.5889
vn 0.8792 0.4604 0.1224
vn 0.8443 0.5354 0.0197
vn 0.5268 0.7201 0.4516
vn 0.6684 0.2854 0.6868
vn 0.3923 0.5917 0.7043
vn 0.2139 0.4413 0.8715
vn -0.2043 0.1104 0.9727
vn -0.2197 0.3164 0.9228
vn -0.1623 0.2915 0.9427
vn -0.1332 0.1300 0.9825
vn -0.2924 0.1467 0.9450
vn -0.5233 -0.2604 0.8114
vn -0.4774 -0.8259 0.3001
vn -0.5532 -0.8267 -0.1032
vn -0.1658 -0.8028 -0.5728
vn -0.1898 -0.9678 -0.1657
vn -0.2675 -0.7835 -0.5609
vn 0.1797 -0.6404 -0.7467
vn 0.1733 -0.6385 -0.7498
vn 0.9745 0.1013 -0.2000
vn 0.9304 0.1032 -0.3518
vn 0.7841 0.3688 0.4992
vn 0.8722 0.2629 0.4124
vn 0.4366 0.8148 0.3815
vn 0.3595 0.8145 0.4553
vn 0.3878 0.8005 0.4569
vn 0.2489 0.9115 0.3274
vn 0.2253 0.5319 0.8163
vn 0.2244 0.4250 0.8769
vn -0.3867 -0.0906 0.9178
vn 0.2231 0.3940 0.8916
vn -0.4263 -0.6414 0.6378
vn -0.7205 -0.4540 0.5242
vn -0.2462 -0.4094 0.8785
vn -0.6046 -0.5433 0.5825
vn -0.7358 -0.4192 0.5318
vn -0.8024 -0.4505 0.3916
vn -0.5792 -0.8109 0.0836
vn -0.4771 -0.8713 -0.1147
vn -0.3387 -0.6778 -0.6526
vn -0.3542 -0.9174 0.1816
vn -0.3675 -0.9077 -0.2028
vn -0.4122 -0.8227 -0.3913
vn -0.0725 -0.8739 -0.4806
vn -0.0952 -0.9369 -0.3365
vn -0.7971 -0.4510 -0.4015
vn -0.9251 -0.2271 -0.3044
vn -0.8409 -0.3260 -0.4320
vn -0.4917 -0.6826 -0.5407
vn -0.2305 -0.8605 -0.4544
vn 0.1749 -0.6197 -0.7651
vn 0.3735 -0.4111 -0.8316
vn 0.4575 -0.3306 -0.8255
vn 0.2478 -0.6090 -0.7535
vn 0.3552 -0.3780 -0.8549
vn 0.4517 -0.3459 -0.8224
vn 0.5050 -0.4221 -0.7529
vn 0.2730 -0.6157 -0.7391
vn 0.7901 -0.1586 -0.5921
vn 0.5507 -0.1238 -0.8255
vn 0.8681 0.1325 -0.4784
vn 0.6373 -0.2262 -0.7366
vn 0.8642 0.1446 -0.4819
vn 0.8481 0.1275 -0.5143
vn 0.8700 0.1637 -0.4651
vn 0.8766 0.1304 -0.4632
vn 0.8906 0.4424 0.1054
vn 0.4653 0.8683 0.1718
vn -0.0761 0.2773 0.9578
vn -0.1973 -0.2660 0.9436
vn -0.3786 -0.0908 0.9211
vn -0.2463 -0.4073 0.8794
vn -0.9698 -0.0441 0.2399
vn -0.6064 -0.7286 0.3183
vn -0.4595 -0.8469 -0.2674
vn -0.9392 -0.2969 -0.1723
vn -0.9653 -0.0297 -0.2596
vn -0.8138 -0.4485 -0.3696
vn -0.5369 -0.6081 -0.5848
vn -0.3991 -0.6644 -0.6319
vn -0.2075 -0.8214 -0.5313
vn -0.1881 -0.8194 -0.5414
vn -0.2825 -0.6007 -0.7479
vn -0.3310 -0.7072 -0.6247
vn -0.0421 -0.5790 -0.8143
vn 0.4740 -0.1532 -0.8671
vn 0.6028 0.2648 -0.7526
vn 0.6738 0.2214 -0.7049
vn 0.6779 0.0077 -0.7351
vn 0.7012 0.2404 -0.6712
vn 0.7437 0.5729 -0.3445
vn 0.7556 0.5784 -0.3076
vn 0.2522 0.8523 -0.4582
vn 0.3485 0.9315 -0.1043
vn 0.7417 0.4323 -0.5128
vn 0.8828 0.4536 0.1218
vn 0.3364 0.9400 -0.0574
vn -0.0084 0.9278 0.3729
vn 0.1359 0.6204 0.7724
vn 0.1875 0.6053 0.7736
vn -0.0910 0.5381 0.8380
vn -0.2874 0.1411 0.9474
vn -0.0035 0.2914 0.9566
vn -0.0345 0.2180 0.9753
vn -0.7608 -0.1651 0.6276
vn -0.8035 -0.2469 0.5417
vn -0.8148 -0.1691 0.5545
vn -0.9088 -0.1707 0.3808
vn -0.9823 -0.1795 -0.0534
vn -0.7235 -0.6812 -0.1120
vn -0.7317 -0.6714 -0.1175
vn -0.9795 -0.1613 -0.1207
vn -0.8198 -0.3070 -0.4834
vn -0.5328 -0.4587 -0.7111
vn 0.3720 -0.4100 -0.8328
vn -0.1400 0.0443 -0.9892
vn 0.4072 0.1682 -0.8977
vn 0.4193 0.2104 -0.8831
vn 0.4941 0.5277 -0.6909
vn 0.4424 0.4960 -0.7472
vn 0.4304 0.2215 -0.8750
vn 0.7105 0.2890 -0.6416
vn 0.7592 0.2987 -0.5782
vn 0.2284 0.8765 -0.4239
vn 0.3583 0.9294 -0.0883
vn -0.2017 0.1916 0.9605
vn -0.4555 0.4342 0.7772
vn 0.9431 0.3306 0.0366
vn -0.6768 -0.0733 0.7325
vn -0.6533 0.0028 0.7571
vn -0.7249 -0.2547 0.6401
vn -0.8766 -0.3584 0.3211
vn -0.4954 -0.8643 0.0869
vn -0.5917 -0.8055 -0.0324
vn 0.0311 -0.4775 -0.8781
vn -0.0402 -0.4357 -0.8992
vn 0.0749 -0.0508 -0.9959
vn -0.0221 0.8754 -0.4829
vn 0.4591 0.4921 -0.7396
vn 0.1390 0.6628 -0.7357
vn 0.6058 0.6859 -0.4032
vn 0.3601 0.9310 -0.0592
vn 0.2124 0.9754 0.0592
vn 0.3453 -0.0540 0.9369
vn -0.0655 0.9372 0.3425
vn -0.4194 0.7211 0.5514
vn -0.6260 0.5123 0.5880
vn -0.8124 0.1424 0.5654
vn -0.6743 0.2053 0.7094
vn -0.2745 -0.6636 0.6959
vn -0.5528 -0.8057 -0.2128
vn -0.6285 -0.6633 -0.4063
vn -0.4271 -0.4935 -0.7577
vn -0.3528 -0.4278 -0.8322
vn -0.4031 -0.1949 -0.8942
vn -0.1245 -0.4374 -0.8906
vn 0.6714 0.3638 -0.6456
vn 0.3535 0.8488 -0.3930
vn -0.0696 0.8326 -0.5495
vn 0.2542 0.3025 0.9186
vn 0.3319 -0.0507 0.9420
vn -0.5296 0.6808 0.5059
vn 0.0261 -0.3063 0.9516
vn 0.0284 -0.3269 0.9446
vn -0.7048 -0.6648 -0.2475
vn -0.8014 -0.4669 0.3739
vn -0.8010 -0.4821 0.3550
vn -0.8930 -0.4459 0.0603
vn -0.6226 -0.6590 -0.4219
vn 0.4561 0.5381 -0.7088
vn 0.4340 0.8734 -0.2208
vn 0.4333 0.8870 0.1597
vn 0.3496 0.3942 0.8499
vn 0.6799 0.3053 0.6667
vn 0.2061 0.3244 0.9232
vn -0.8661 -0.4940 0.0771
vn -0.6029 -0.7818 0.1589
vn -0.3784 -0.8745 0.3036
vn -0.4730 -0.8784 -0.0685
vn -0.3228 -0.4221 0.8471
vn -0.5261 -0.3813 0.7602
vn -0.9089 -0.2593 0.3267
vn -0.9488 -0.2343 0.2120
vn -0.9384 -0.3453 0.0152
vn -0.8926 -0.3875 0.2305
vn -0.9568 -0.2252 0.1840
vn -0.8356 -0.5452 -0.0674
vn -0.6773 -0.7243 -0.1290
vn -0.3412 -0.8975 -0.2794
vn -0.6897 -0.7177 -0.0961
vn -0.3810 -0.5532 -0.7408
vn -0.5171 -0.5097 -0.6876
vn -0.1161 -0.3965 -0.9107
vn -0.1248 -0.7786 -0.6150
vn 0.2860 -0.6602 -0.6945
vn -0.1170 0.1344 0.9840
vn 0.5155 -0.3788 -0.7686
vn 0.8220 -0.1937 -0.5355
vn 0.5013 0.2187 -0.8372
vn 0.9413 -0.0502 -0.3339
vn 0.9472 -0.0314 -0.3191
vn 0.9729 -0.0175 -0.2307
vn 0.7148 0.4600 0.5267
vn 0.3007 0.9349 0.1884
vn 0.2230 0.8700 0.4397
vn 0.0860 0.4489 0.8894
vn -0.1783 -0.0286 0.9836
vn -0.6773 0.5587 0.4787
vn -0.0702 -0.2569 0.9639
vn -0.6965 -0.0866 0.7123
vn -0.9475 -0.1573 0.2785
vn -0.7971 -0.3010 0.5235
vn -0.8455 -0.5296 -0.0678
vn -0.8359 -0.5444 -0.0699
vn -0.6373 -0.5894 -0.4964
vn 0.1776 -0.2566 -0.9501
vn 0.2676 -0.0152 -0.9634
vn 0.8678 0.4933 -0.0602
vn 0.9076 0.3086 -0.2848
vn 0.8489 0.3871 -0.3598
vn 0.8766 0.3807 -0.2945
vn 0.9840 -0.0501 0.1710
vn 0.9965 0.0761 0.0358
vn 0.9814 0.0600 -0.1822
vn 0.5792 0.8145 -0.0328
vn 0.6870 0.7129 0.1407
vn 0.4235 0.8928 0.1531
vn 0.2773 0.9471 0.1619
vn 0.1579 0.8652 0.4759
vn 0.0693 0.6828 0.7273
vn -0.4674 0.3448 0.8140
vn -0.0303 0.1441 0.9891
vn 0.1607 -0.2077 0.9649
vn -0.6621 -0.0542 0.7474
vn -0.6537 0.2139 0.7259
vn -0.7136 0.2295 0.6619
vn -0.8344 -0.0616 0.5477
vn -0.9674 -0.1344 0.2147
vn -0.9067 -0.3461 0.2408
vn -0.8025 -0.2932 0.5196
vn -0.8450 -0.2869 0.4512
vn -0.8336 -0.5512 -0.0355
vn -0.2657 -0.8651 -0.4255
vn -0.2279 -0.8687 -0.4398
vn -0.3298 -0.7120 -0.6199
vn -0.2020 -0.7034 -0.6815
vn 0.2890 -0.6015 -0.7448
vn 0.6638 -0.3823 -0.6428
vn 0.6472 0.3615 -0.6711
vn 0.4578 0.5379 -0.7079
vn 0.5918 0.2261 -0.7737
vn 0.8662 -0.1332 -0.4817
vn 0.9609 0.1344 -0.2421
vn 0.6384 0.7381 -0.2182
vn 0.6410 0.7674 0.0112
vn 0.6222 0.7824 -0.0287
vn 0.0427 0.3635 0.9306
vn -0.4024 0.5488 0.7327
vn 0.2533 0.6248 0.7385
vn 0.0535 0.9102 0.4107
vn -0.1060 0.4030 0.9090
vn -0.4209 0.7815 0.4606
vn -0.3448 0.4371 0.8307
vn -0.3078 0.5026 0.8079
vn -0.2777 0.5021 0.8190
vn -0.1729 0.4695 0.8658
vn 0.1633 -0.0399 0.9858
vn 0.1549 -0.0297 0.9875
vn 0.1781 -0.0297 0.9836
vn 0.0159 -0.2198 0.9754
vn -0.6159 0.1235 0.7781
vn -0.9329 -0.0240 0.3593
vn -0.8626 -0.2270 0.4521
vn -0.8577 -0.3019 0.4162
vn -0.7195 -0.4728 0.5088
vn -0.7783 -0.4995 0.3804
vn -0.7544 -0.4062 0.5157
vn -0.7681 -0.3955 -0.5035
vn -0.4498 -0.7540 -0.4788
vn -0.2903 -0.4990 -0.8165
vn -0.0350 -0.4317 -0.9013
vn -0.0149 -0.1097 -0.9938
vn 0.3608 0.0371 -0.9319
vn 0.4342 0.5480 -0.7150
vn 0.5135 0.5590 -0.6510
vn 0.6290 0.4955 -0.5990
vn 0.7434 0.0016 -0.6689
vn 0.8232 0.2600 -0.5047
vn 0.9341 -0.0533 -0.3530
vn 0.7867 0.2735 -0.5534
vn 0.7046 0.5126 -0.4906
vn 0.7434 0.6109 -0.2724
vn 0.3260 0.8017 0.5010
vn 0.5891 0.8079 0.0139
vn 0.0197 0.4086 0.9125
vn -0.2111 0.2622 0.9416
vn -0.5255 0.1169 0.8427
vn -0.4360 -0.0302 0.8994
vn -0.3789 0.2380 0.8943
vn -0.3780 -0.2231 0.8985
vn -0.7456 -0.0163 0.6662
vn -0.7315 -0.2114 0.6483
vn -0.8060 -0.5242 0.2748
vn -0.8501 -0.4367 0.2945
vn -0.7555 -0.3742 0.5377
vn -0.6480 -0.5981 -0.4715
vn -0.5382 -0.6413 -0.5469
vn -0.6386 -0.4032 -0.6554
vn -0.1176 -0.0120 -0.9930
vn -0.3508 -0.0837 -0.9327
vn 0.2263 0.2338 -0.9456
vn 0.2006 0.4833 -0.8522
vn 0.4012 0.3235 -0.8570
vn 0.4854 0.4338 -0.7591
vn 0.5831 0.7629 -0.2794
vn 0.6161 0.7876 0.0104
vn 0.4110 0.8793 0.2407
vn 0.5429 0.7951 0.2702
vn -0.1581 0.4253 0.8911
vn -0.0272 0.2877 0.9573
vn -0.1393 0.2347 0.9620
vn -0.5157 -0.0098 0.8567
vn 0.3415 0.6918 0.6362
vn -0.0289 0.3921 0.9195
vn -0.3024 0.1669 0.9384
vn -0.1879 0.1783 0.9659
vn -0.2211 0.1623 0.9616
vn -0.6823 -0.2341 0.6925
vn -0.7621 -0.6466 0.0329
vn -0.8660 -0.4355 0.2456
vn -0.6018 -0.2764 -0.7493
vn -0.5048 -0.2908 -0.8128
vn 0.1746 0.2578 -0.9503
vn 0.4257 0.3039 -0.8523
vn 0.5353 0.4343 -0.7245
vn 0.5488 0.5518 -0.6279
vn 0.5635 0.7011 -0.4371
vn 0.6486 0.7466 -0.1483
vn 0.7485 0.5508 0.3693
vn 0.3716 0.9281 -0.0222
vn 0.4326 0.8422 0.3217
vn 0.4311 0.8484 0.3073
vn 0.4398 0.8422 0.3118
vn 0.5042 0.7824 0.3656
vn 0.5192 0.8164 0.2528
vn 0.3128 0.2908 0.9042
vn 0.1825 0.8211 0.5408
vn 0.0024 0.3694 0.9293
vn -0.2861 0.2450 0.9264
vn -0.1253 0.3117 0.9419
vn -0.0317 0.2533 0.9669
vn -0.5834 -0.1942 0.7886
vn -0.4213 -0.1082 0.9004
vn -0.5897 -0.2858 0.7554
vn -0.8012 -0.4538 0.3900
vn 0.7283 0.4445 -0.5215
vn -0.7286 -0.6226 -0.2854
vn -0.6127 -0.6767 -0.4083
vn -0.3379 -0.6135 -0.7138
vn -0.2879 -0.6012 -0.7454
vn -0.5403 -0.4161 -0.7314
vn -0.5869 -0.2913 -0.7554
vn -0.2586 -0.1094 -0.9598
vn -0.2631 -0.0790 -0.9615
vn 0.2039 0.1227 -0.9713
vn 0.3706 0.1848 -0.9102
vn 0.4724 0.3269 -0.8185
vn 0.5432 0.3310 -0.7716
vn 0.5992 0.4112 -0.6869
vn 0.5990 0.4112 -0.6871
vn -0.0438 0.4642 -0.8846
vn 0.7126 0.5217 -0.4690
vn 0.6001 0.7753 0.1973
vn 0.3517 0.6895 0.6331
vn 0.6386 0.7203 0.2708
vn 0.5852 0.7049 0.4008
vn 0.6761 0.6861 0.2688
vn 0.6639 0.7023 0.2570
vn 0.6777 0.7038 0.2132
vn 0.7199 0.6495 0.2447
vn 0.3365 0.6561 0.6755
vn 0.2141 0.4142 0.8846
vn 0.2576 0.7814 0.5684
vn 0.5797 0.2346 0.7803
vn 0.1504 0.8178 0.5556
vn -0.7566 -0.5978 0.2647
vn -0.6427 -0.6818 0.3494
vn -0.6824 -0.4353 0.5872
vn -0.6714 -0.5472 0.4999
vn -0.7420 -0.4582 -0.4894
vn -0.5654 -0.5209 -0.6395
vn -0.5464 -0.5353 -0.6441
vn -0.5254 -0.5771 -0.6253
vn -0.3746 -0.4131 -0.8300
vn 0.1918 0.1210 -0.9739
vn 0.7286 0.6132 -0.3052
vn 0.6616 0.7228 -0.1998
vn 0.5267 0.7429 0.4132
vn 0.5819 0.7095 0.3975
vn 0.6889 0.7057 -0.1657
vn 0.6088 0.5524 -0.5694
vn 0.6044 0.6931 0.3928
vn 0.6675 0.6552 0.3537
vn -0.2242 0.2026 0.9532
vn -0.7022 -0.4462 0.5549
vn -0.3733 -0.2359 0.8972
vn -0.6865 -0.5326 0.4950
vn -0.6183 -0.5315 0.5790
vn -0.7411 -0.5109 0.4356
vn -0.6781 -0.6375 0.3658
vn -0.5185 -0.7299 0.4454
vn -0.8322 -0.4586 0.3117
vn -0.6694 -0.4521 0.5895
vn -0.3397 -0.7284 -0.5950
vn -0.4817 -0.4317 -0.7627
vn -0.2731 -0.4639 -0.8427
vn -0.2722 -0.4663 -0.8417
vn -0.1836 -0.1218 -0.9754
vn -0.1728 -0.2458 -0.9538
vn 0.4078 0.2510 -0.8779
vn 0.3888 0.1877 -0.9020
vn 0.1946 0.0072 -0.9809
vn 0.5545 0.5191 -0.6504
vn 0.6796 0.5261 -0.5113
vn 0.6751 0.7144 -0.1843
vn 0.7640 0.6151 -0.1949
vn 0.6604 0.6672 0.3446
vn 0.5903 0.7173 0.3702
vn 0.6095 0.6910 0.3887
vn 0.3244 0.8037 0.4988
vn 0.5523 0.6654 0.5021
vn -0.1399 0.3626 0.9214
vn -0.3898 -0.0506 0.9195
vn -0.6351 -0.4719 0.6116
vn -0.6939 -0.1842 0.6961
vn -0.6616 -0.2174 0.7177
vn -0.5446 -0.2037 0.8136
vn -0.7732 -0.4301 0.4660
vn -0.7802 -0.3806 0.4964
vn -0.6431 -0.7540 -0.1341
vn -0.6546 -0.6556 0.3765
vn -0.8033 -0.5411 0.2489
vn -0.6964 -0.6310 -0.3419
vn -0.4023 -0.5412 -0.7384
vn -0.1388 -0.3477 -0.9273
vn 0.1889 0.0068 -0.9820
vn 0.3108 -0.1282 -0.9418
vn 0.4408 0.1556 -0.8840
vn 0.5334 0.1907 -0.8241
vn 0.5745 0.3597 -0.7352
vn 0.7003 0.4035 -0.5889
vn 0.7825 0.6003 -0.1654
vn 0.6933 0.4821 -0.5357
vn 0.8345 0.5225 0.1747
vn 0.6796 0.7308 -0.0636
vn 0.6809 0.7311 0.0431
vn 0.8476 0.5213 0.0990
vn 0.7162 0.6699 0.1957
vn 0.6206 0.6744 0.4001
vn 0.4407 0.5880 0.6783
vn -0.1294 0.3590 0.9243
vn -0.2492 0.1679 0.9538
vn -0.3094 0.2283 0.9231
vn -0.3136 0.1900 0.9303
vn -0.5926 -0.1765 0.7859
vn -0.7822 -0.3851 0.4898
vn -0.7600 -0.3804 0.5270
vn -0.7279 -0.6793 -0.0934
vn -0.3742 -0.7093 -0.5974
vn -0.4762 -0.7464 -0.4648
vn -0.6112 -0.7784 -0.1435
vn -0.6753 -0.5302 0.5127
vn -0.3575 -0.7598 -0.5430
vn -0.3136 -0.9096 -0.2726
vn -0.2861 -0.8453 -0.4513
vn -0.2108 0.7996 0.5623
vn -0.6239 -0.3741 -0.6862
vn -0.6166 -0.4340 -0.6569
vn -0.7448 -0.2243 -0.6285
vn -0.3622 -0.4475 -0.8177
vn 0.2226 -0.3883 -0.8942
vn -0.0474 -0.3537 -0.9342
vn -0.1416 -0.1766 -0.9740
vn 0.6856 0.2941 -0.6659
vn 0.7018 0.4793 -0.5271
vn 0.7660 0.5395 -0.3494
vn 0.8299 0.4365 -0.3475
vn 0.5157 0.7809 0.3524
vn -0.3053 0.1756 0.9359
vn -0.3630 0.2491 0.8979
vn -0.3799 0.1726 0.9088
vn -0.5961 -0.0978 0.7969
vn -0.8030 -0.3017 0.5139
vn -0.7295 -0.3285 0.5999
vn -0.7256 -0.4252 0.5410
vn -0.4995 -0.7345 -0.4593
vn -0.3807 -0.6936 -0.6115
vn -0.3610 -0.7145 -0.5993
vn -0.4811 -0.7269 -0.4900
vn -0.4062 -0.7554 -0.5142
vn -0.6241 -0.7620 -0.1729
vn -0.6598 -0.7327 -0.1667
vn -0.3618 -0.8183 -0.4467
vn -0.4148 -0.6128 -0.6726
vn -0.4829 -0.7960 -0.3649
vn -0.0956 -0.3154 -0.9441
vn 0.1947 -0.3239 -0.9258
vn 0.3852 0.0349 -0.9222
vn 0.5966 0.2574 -0.7602
vn 0.7762 0.3541 -0.5217
vn 0.5851 0.6567 0.4758
vn 0.5111 0.7520 0.4163
vn 0.2554 0.6326 0.7311
vn -0.1889 0.3726 0.9086
vn -0.1191 0.3424 0.9320
vn 0.0154 0.4762 0.8792
vn -0.1821 0.4544 0.8720
vn -0.3921 0.2884 0.8735
vn -0.6357 -0.1056 0.7647
vn -0.7110 -0.2588 0.6539
vn -0.7060 -0.2663 0.6563
vn -0.7152 -0.3188 0.6220
vn -0.7061 -0.7074 -0.0323
vn -0.3199 -0.7300 -0.6040
vn -0.1925 -0.5729 -0.7967
vn -0.0573 -0.5568 -0.8287
vn -0.2722 -0.7279 -0.6293
vn -0.2895 -0.7071 -0.6452
vn -0.2898 -0.7788 -0.5563
vn -0.3647 -0.7081 -0.6047
vn -0.0729 -0.5276 -0.8463
vn 0.0602 -0.5409 -0.8390
vn 0.3270 -0.0844 -0.9413
vn 0.1574 -0.2843 -0.9457
vn 0.4022 -0.1531 -0.9027
vn 0.5945 0.1879 -0.7819
vn 0.5410 0.0787 -0.8374
vn 0.6701 0.2153 -0.7104
vn 0.5568 0.7605 0.3342
vn 0.2538 0.6076 0.7526
vn -0.1385 0.3784 0.9152
vn -0.2645 0.6488 0.7135
vn 0.1889 0.8460 0.4986
vn -0.4524 0.2863 0.8446
vn -0.4788 0.1850 0.8582
vn -0.4792 0.1881 0.8573
vn -0.7448 -0.2762 0.6074
vn -0.5323 0.1907 0.8248
vn -0.7738 -0.0869 0.6274
vn -0.8066 -0.0608 0.5880
vn -0.7823 -0.2619 0.5652
vn -0.7896 -0.3748 0.4859
vn -0.7815 -0.4839 0.3938
vn -0.7118 -0.3208 0.6249
vn -0.5827 -0.7110 0.3937
vn -0.9131 -0.4068 0.0274
vn -0.5014 -0.7282 -0.4672
vn -0.5158 -0.6167 -0.5946
vn -0.0771 -0.6169 -0.7832
vn 0.1796 -0.4449 -0.8774
vn -0.0791 -0.6079 -0.7900
vn -0.1354 -0.5793 -0.8038
vn -0.1830 -0.5788 -0.7946
vn 0.7323 0.3132 -0.6048
vn 0.7341 0.3593 -0.5762
vn 0.7779 0.4349 -0.4537
vn 0.5850 0.7761 0.2357
vn 0.4819 0.7161 0.5049
vn 0.5611 0.7365 0.3778
vn -0.1926 0.2963 0.9355
vn -0.2851 0.5124 0.8101
vn -0.3859 0.3929 0.8347
vn 0.3497 0.7543 0.5557
vn 0.1038 0.7540 0.6486
vn 0.2214 0.6581 0.7197
vn -0.4664 0.0979 0.8791
vn -0.7963 -0.1019 0.5963
vn -0.7976 -0.0739 0.5987
vn -0.8075 -0.3344 0.4859
vn -0.3821 -0.8139 -0.4376
vn -0.1727 -0.6108 -0.7727
vn 0.5345 -0.2370 -0.8113
vn 0.1536 -0.4483 -0.8806
vn 0.1643 -0.2886 -0.9433
vn 0.5019 0.0102 -0.8649
vn 0.4899 0.0595 -0.8697
vn 0.6383 0.1597 -0.7530
vn 0.6829 0.6820 0.2618
vn 0.4826 0.7218 0.4962
vn 0.5294 0.6750 0.5140
vn 0.4211 0.6797 0.6005
vn 0.3014 0.7722 0.5594
vn -0.2618 0.4069 0.8752
vn -0.3578 0.3865 0.8501
vn -0.2713 0.4785 0.8351
vn -0.2735 0.4904 0.8274
vn -0.4884 0.4116 0.7694
vn -0.6046 0.2751 0.7475
vn -0.9052 -0.2824 0.3175
vn -0.7240 -0.3327 0.6042
vn -0.8767 -0.3329 0.3472
vn -0.8272 -0.5492 0.1193
vn -0.8335 -0.5416 0.1089
vn -0.8153 -0.4873 0.3129
vn -0.7359 -0.6686 -0.1065
vn -0.7165 -0.6883 -0.1131
vn -0.0758 -0.6807 -0.7286
vn 0.3587 -0.4680 -0.8076
vn 0.2453 -0.2851 -0.9266
vn 0.6574 0.0901 -0.7481
vn 0.5753 0.1655 -0.8010
vn 0.6347 0.2532 -0.7301
vn 0.7066 0.3208 -0.6307
vn 0.7532 0.3558 -0.5533
vn 0.5655 0.7509 0.3411
vn 0.3551 0.7676 0.5335
vn -0.3392 0.3741 0.8632
vn 0.2003 0.7806 0.5920
vn 0.1896 0.7769 0.6003
vn -0.1877 -0.7890 -0.5850
vn 0.1863 0.7878 0.5871
vn 0.0762 0.7865 0.6129
vn -0.2116 -0.7506 -0.6260
vn 0.1092 0.7503 0.6520
vn 0.0942 0.7527 0.6515
vn 0.0312 0.8163 0.5768
vn 0.0676 0.7073 0.7037
vn -0.2862 0.3197 0.9032
vn -0.5132 0.2428 0.8232
vn -0.7936 -0.0775 0.6035
vn -0.7968 -0.0463 0.6025
vn -0.7388 -0.0725 0.6700
vn -0.8079 -0.2327 0.5414
vn -0.8257 -0.5529 0.1117
vn -0.4420 -0.7847 -0.4347
vn -0.3286 -0.6714 -0.6642
vn -0.1991 -0.7910 -0.5785
vn -0.0817 -0.7016 -0.7079
vn 0.2528 -0.4792 -0.8405
vn 0.5263 -0.1056 -0.8437
vn 0.7884 0.2611 -0.5570
vn 0.7134 0.1399 -0.6867
vn 0.7463 0.3076 -0.5903
vn 0.6512 0.1539 -0.7431
vn 0.7652 0.2623 -0.5879
vn 0.7781 0.5881 -0.2204
vn 0.5523 0.7752 -0.3068
vn 0.8367 0.5463 -0.0384
vn 0.6709 0.7410 0.0264
vn 0.4916 0.7983 0.3479
vn 0.5524 0.7691 0.3214
vn 0.2419 0.8256 0.5098
vn -0.0761 0.8186 0.5692
vn -0.3601 0.5061 0.7837
vn 0.2077 0.6926 0.6908
vn 0.2930 0.8665 0.4042
vn 0.1583 0.9115 0.3797
vn 0.5419 0.5432 0.6413
vn 0.1957 0.7447 0.6381
vn 0.1936 0.7586 0.6221
vn 0.5378 0.8109 0.2307
vn 0.5262 0.8029 0.2801
vn 0.7043 0.7050 0.0829
vn -0.1078 0.8582 0.5019
vn -0.3724 0.4411 0.8166
vn -0.3755 0.4835 0.7907
vn -0.7386 -0.0265 0.6736
vn -0.7905 -0.1257 0.5994
vn -0.8103 -0.2213 0.5427
vn -0.1980 -0.7742 -0.6012
vn 0.2473 -0.5353 -0.8077
vn -0.0061 -0.7039 -0.7103
vn -0.1970 -0.7744 -0.6013
vn -0.7128 -0.6876 -0.1387
vn -0.4317 -0.7617 -0.4832
vn 0.5761 0.0306 -0.8168
vn 0.6712 -0.0539 -0.7393
vn 0.7849 0.2820 -0.5517
vn 0.8794 0.1250 -0.4593
vn 0.6887 0.7223 0.0623
vn 0.4582 0.8651 0.2039
vn 0.5710 0.7773 0.2641
vn 0.1785 0.7804 0.5993
vn 0.6832 0.6894 0.2408
vn 0.0839 0.8027 0.5904
vn -0.4667 0.5887 0.6600
vn -0.3249 0.5190 0.7906
vn -0.8455 0.5102 0.1577
vn -0.7481 0.0189 0.6633
vn -0.7854 0.0050 0.6189
vn -0.7985 -0.0831 0.5963
vn -0.8161 -0.5604 0.1410
vn -0.7987 -0.5871 0.1317
vn -0.8218 -0.5580 0.1152
vn -0.7357 -0.6708 -0.0930
vn -0.4352 -0.7878 -0.4359
vn -0.3812 -0.8088 -0.4479
vn 0.1017 -0.5122 -0.8528
vn 0.6391 -0.2951 -0.7103
vn 0.5946 -0.2096 -0.7762
vn 0.5357 -0.2278 -0.8131
vn 0.7619 0.0519 -0.6457
vn 0.6972 0.1377 -0.7036
vn 0.7650 0.2808 -0.5796
vn 0.6797 0.6576 -0.3249
vn 0.7118 0.6702 -0.2103
vn 0.7291 0.6605 -0.1795
vn 0.8378 0.4714 -0.2753
vn 0.8756 0.4595 -0.1490
vn -0.5924 -0.8053 -0.0231
vn 0.6930 0.7168 0.0768
vn 0.5620 0.7526 0.3433
vn 0.5401 0.7230 0.4308
vn -0.7729 0.0110 0.6345
vn -0.8213 0.1020 0.5612
vn -0.8757 -0.2067 0.4365
vn -0.8542 -0.2817 0.4370
vn -0.7822 0.0756 0.6184
vn -0.5020 0.1728 0.8474
vn -0.7494 -0.6390 0.1734
vn -0.7299 -0.6768 -0.0956
vn -0.7319 -0.6787 0.0609
vn -0.8330 -0.5511 -0.0485
vn -0.4406 -0.7060 -0.5544
vn 0.2334 -0.7594 -0.6073
vn 0.1530 -0.6404 -0.7526
vn 0.5182 -0.2856 -0.8062
vn 0.3536 -0.5305 -0.7704
vn 0.3333 -0.4967 -0.8014
vn 0.6322 -0.2093 -0.7460
vn 0.7652 0.0524 -0.6417
vn 0.7627 0.4137 -0.4972
vn 0.8987 0.3061 -0.3141
vn 0.8696 0.4926 -0.0340
vn 0.6943 0.7148 0.0839
vn 0.7059 0.6903 0.1586
vn 0.8857 0.4465 -0.1272
vn 0.7612 0.6461 -0.0564
vn 0.7148 0.6963 0.0651
vn 0.7221 0.6727 0.1614
vn 0.6207 0.7792 0.0874
vn 0.5128 0.7620 0.3954
vn 0.1212 0.8426 0.5247
vn 0.1423 0.8419 0.5206
vn -0.2132 0.6851 0.6965
vn -0.0930 0.8522 0.5148
vn -0.5311 0.3697 0.7624
vn -0.0285 -0.3460 -0.9378
vn -0.5544 0.4392 0.7069
vn -0.8345 -0.0369 0.5497
vn -0.8042 -0.0740 0.5897
vn -0.7754 0.3259 0.5409
vn -0.6618 0.0923 0.7440
vn -0.7955 0.1301 0.5918
vn -0.6372 -0.7562 -0.1485
vn -0.8048 -0.4883 0.3373
vn -0.8752 -0.2468 0.4160
vn -0.7882 -0.0541 0.6131
vn -0.7709 -0.0784 0.6321
vn -0.7761 -0.2048 0.5965
vn -0.8431 -0.4639 0.2721
vn -0.6385 -0.7623 0.1062
vn -0.5185 -0.7980 -0.3071
vn -0.2524 -0.8477 -0.4666
vn -0.3269 -0.8225 -0.4654
vn -0.3229 -0.8145 -0.4821
vn -0.7291 -0.6777 -0.0954
vn -0.2046 -0.7659 -0.6095
vn -0.3274 -0.8222 -0.4657
vn 0.5675 -0.3364 -0.7515
vn 0.6561 -0.2217 -0.7214
vn 0.8303 0.1257 -0.5430
vn 0.7067 0.1730 -0.6860
vn 0.7765 0.0424 -0.6287
vn 0.7653 0.0423 -0.6423
vn 0.7932 0.0945 -0.6016
vn 0.8111 0.5608 -0.1663
vn 0.8493 0.2233 -0.4784
vn 0.8790 0.2527 -0.4045
vn 0.8275 0.2587 -0.4983
vn 0.6657 0.7253 0.1754
vn 0.6454 0.7437 0.1741
vn 0.3774 0.8891 0.2589
vn 0.1888 0.8327 0.5206
vn -0.2471 0.7075 0.6621
vn -0.0216 0.7172 0.6965
vn -0.7837 0.0861 0.6151
vn -0.8186 -0.0247 0.5739
vn -0.8085 -0.0174 0.5882
vn -0.7932 -0.2367 0.5611
vn -0.6949 -0.7136 0.0887
vn -0.8034 -0.5901 0.0795
vn -0.7824 -0.6142 0.1029
vn -0.7819 -0.6122 0.1179
vn -0.7474 -0.6596 0.0801
vn -0.6641 -0.7125 0.2263
vn -0.0626 -0.8219 -0.5662
vn -0.0472 -0.5970 -0.8009
vn -0.1655 -0.7691 -0.6173
vn 0.2792 -0.6580 -0.6993
vn 0.5694 -0.3237 -0.7557
vn 0.8411 0.1675 -0.5142
vn 0.7983 0.0682 -0.5983
vn 0.7275 -0.0430 -0.6848
vn 0.7376 0.0537 -0.6731
vn 0.8199 0.1612 -0.5493
vn 0.7386 0.4835 -0.4697
vn 0.9539 0.2095 -0.2150
vn 0.7976 0.0238 -0.6027
vn 0.7913 0.0657 -0.6078
vn 0.8177 0.0480 -0.5737
vn 0.8793 0.2521 -0.4042
vn 0.7204 0.6884 -0.0843
vn 0.8404 0.5313 -0.1071
vn 0.8204 0.5006 -0.2764
vn 0.8572 0.5071 -0.0897
vn 0.6334 0.7684 0.0912
vn 0.7179 0.6833 0.1330
vn 0.0720 0.8785 0.4723
vn 0.1436 0.8369 0.5282
vn -0.5421 0.5695 0.6180
vn -0.4814 0.5254 0.7016
vn -0.8771 -0.0386 0.4788
vn -0.8395 -0.0010 0.5433
vn -0.8766 -0.4014 0.2655
vn -0.6708 -0.7324 0.1165
vn -0.4916 -0.8520 -0.1799
vn -0.6136 -0.7261 -0.3103
vn -0.6989 -0.6218 0.3534
vn -0.8983 -0.4184 0.1343
vn 0.1950 -0.7728 -0.6040
vn 0.3657 -0.5521 -0.7493
vn 0.7140 -0.2959 -0.6345
vn 0.4828 -0.3425 -0.8060
vn 0.4810 -0.3377 -0.8091
vn 0.8298 0.0098 -0.5580
vn 0.7226 0.0012 -0.6913
vn 0.8358 0.0404 -0.5475
vn 0.8201 0.1752 -0.5447
vn 0.8526 0.2414 -0.4635
vn 0.7967 0.5291 -0.2919
vn 0.8388 0.5126 -0.1835
vn 0.4688 0.8651 0.1781
vn 0.4135 0.8923 0.1810
vn 0.0666 0.8461 0.5289
vn 0.0819 0.8838 0.4606
vn 0.0806 0.8632 0.4984
vn -0.1246 0.8072 0.5769
vn -0.3969 0.7591 0.5160
vn -0.7922 0.1187 0.5986
vn -0.7594 0.2323 0.6078
vn -0.8458 0.0374 0.5321
vn -0.5594 -0.7799 -0.2809
vn -0.6929 -0.6856 0.2235
vn -0.8213 -0.4421 0.3607
vn -0.7718 -0.6197 -0.1424
vn -0.6509 -0.7513 -0.1089
vn -0.4360 -0.8439 -0.3126
vn -0.4743 -0.8105 -0.3439
vn -0.3527 -0.7903 -0.5010
vn -0.2704 -0.8192 -0.5058
vn 0.0466 -0.7646 -0.6429
vn 0.6243 -0.2104 -0.7523
vn 0.8118 -0.0003 -0.5840
vn 0.8197 0.0792 -0.5673
vn 0.8675 0.1891 -0.4601
vn -0.5760 -0.6272 -0.5243
vn 0.1096 0.8379 0.5347
vn 0.1307 0.8714 0.4729
vn -0.2751 0.6412 0.7164
vn -0.6076 0.3350 0.7201
vn -0.8464 0.0517 0.5301
vn -0.8259 0.0710 0.5594
vn -0.8334 -0.1006 0.5435
vn -0.6690 -0.7212 -0.1798
vn -0.5338 -0.8201 -0.2060
vn -0.3512 -0.8183 -0.4551
vn -0.3776 -0.7890 -0.4847
vn -0.1675 -0.8400 -0.5161
vn -0.1602 -0.8465 -0.5077
vn -0.2349 -0.8816 -0.4094
vn -0.0197 -0.4769 -0.8787
vn 0.6694 -0.2305 -0.7063
vn 0.8046 0.1264 -0.5802
vn 0.8448 0.2108 -0.4917
vn 0.8160 0.3213 -0.4806
vn 0.8167 0.5299 -0.2286
vn 0.7923 0.5670 -0.2254
vn 0.7862 0.5427 -0.2956
vn 0.4722 0.8328 0.2890
vn 0.1491 0.8278 0.5409
vn -0.2163 0.7743 0.5948
vn -0.7622 0.0562 0.6449
vn -0.7725 0.0321 0.6342
vn -0.8120 0.0079 0.5837
vn -0.9192 -0.3608 0.1579
vn -0.8041 -0.4074 0.4330
vn -0.2665 -0.8019 -0.5348
vn 0.2883 -0.7406 -0.6070
vn 0.3561 -0.5341 -0.7667
vn 0.3769 -0.5699 -0.7302
vn 0.5943 -0.4068 -0.6938
vn 0.6645 -0.1656 -0.7287
vn 0.7719 0.0348 -0.6348
vn 0.4278 0.8589 0.2815
vn 0.1479 0.8306 0.5369
vn 0.1547 0.8292 0.5371
vn -0.0298 0.7798 0.6253
vn -0.0795 0.7922 0.6050
vn -0.5425 0.5516 0.6336
vn -0.8634 -0.3011 0.4049
vn -0.3480 -0.8645 -0.3627
vn -0.3096 -0.8313 -0.4617
vn -0.2986 -0.8498 -0.4344
vn -0.3187 -0.8735 -0.3681
vn -0.1120 -0.7590 -0.6414
vn 0.1707 -0.7360 -0.6551
vn 0.1696 -0.7283 -0.6640
vn 0.3535 -0.5722 -0.7400
vn 0.3506 -0.5609 -0.7500
vn 0.3973 -0.7008 -0.5925
vn 0.7030 -0.1571 -0.6937
vn 0.8299 0.2506 -0.4985
vn 0.7533 0.4882 -0.4407
vn 0.8798 0.4174 -0.2275
vn 0.6681 0.7398 0.0796
vn 0.5581 0.8234 0.1030
vn 0.4866 0.7283 0.4826
vn 0.3214 0.8269 0.4614
vn -0.4368 0.5131 0.7388
vn -0.7489 0.0278 0.6621
vn -0.7189 0.2514 0.6481
vn -0.4957 -0.8130 -0.3055
vn -0.4584 -0.8673 -0.1940
vn -0.3052 -0.8552 -0.4189
vn -0.1968 -0.8819 -0.4284
vn -0.2882 -0.8109 -0.5093
vn -0.0102 -0.8401 -0.5423
vn 0.0063 -0.7800 -0.6257
vn 0.2710 -0.5550 -0.7865
vn 0.4995 -0.3719 -0.7824
vn 0.7744 -0.2653 -0.5744
vn 0.7963 0.1267 -0.5915
vn 0.9291 0.3031 -0.2121
vn 0.8735 0.2599 -0.4116
vn 0.8141 0.0897 -0.5737
vn 0.8521 0.3753 -0.3648
vn 0.1176 0.8537 0.5074
vn 0.1847 0.8111 0.5549
vn 0.0007 0.7189 0.6951
vn -0.1827 0.7237 0.6655
vn -0.6539 0.1314 0.7450
vn -0.8077 -0.0705 0.5854
vn -0.8062 0.0040 0.5917
vn -0.8553 -0.1067 0.5070
vn -0.8244 -0.3066 0.4759
vn -0.7862 -0.6172 0.0308
vn -0.3758 -0.8512 -0.3665
vn -0.3026 -0.8622 -0.4063
vn -0.2711 -0.8410 -0.4683
vn -0.1407 -0.8253 -0.5469
vn -0.1401 -0.8234 -0.5500
vn 0.2533 -0.6635 -0.7040
vn 0.2408 -0.7002 -0.6722
vn 0.5954 -0.3162 -0.7386
vn 0.8545 0.1510 -0.4970
vn 0.8113 0.1428 -0.5669
vn 0.8124 0.1598 -0.5607
vn 0.8700 0.3575 -0.3395
vn 0.9096 0.0937 -0.4048
vn 0.7004 0.7025 0.1260
vn 0.1471 0.8733 0.4645
vn -0.2728 0.6974 0.6627
vn -0.1803 0.7112 0.6794
vn 0.0855 0.8173 0.5699
vn -0.4180 0.4726 0.7758
vn -0.5204 0.4428 0.7302
vn -0.7701 -0.6338 0.0724
vn -0.3696 -0.8682 -0.3311
vn -0.3648 -0.8705 -0.3303
vn -0.1758 -0.8125 -0.5558
vn 0.2483 -0.6631 -0.7062
vn 0.6243 -0.3518 -0.6974
vn 0.6474 -0.2498 -0.7200
vn 0.8271 0.0972 -0.5536
vn 0.5356 0.8426 0.0559
vn 0.5498 0.8351 0.0188
vn 0.1246 0.8506 0.5108
vn 0.1510 0.8488 0.5067
vn 0.1171 0.8611 0.4948
vn 0.1760 0.8694 0.4616
vn -0.2016 0.6754 0.7094
vn -0.5633 0.3880 0.7295
vn -0.4911 0.4037 0.7719
vn -0.7543 0.0910 0.6501
vn -0.7925 -0.0989 0.6018
vn -0.7964 -0.5475 0.2569
vn -0.6131 -0.7844 0.0941
vn -0.5635 -0.8032 -0.1933
vn -0.3573 -0.8481 -0.3911
vn -0.1932 -0.8654 -0.4623
vn -0.1757 -0.8129 -0.5553
vn 0.3782 -0.6055 -0.7002
vn 0.2546 -0.5683 -0.7824
vn 0.7506 0.0132 -0.6606
vn 0.8239 0.1138 -0.5552
vn 0.8371 0.1885 -0.5136
vn 0.8400 0.0753 -0.5374
vn 0.8535 0.1062 -0.5101
vn 0.8413 0.1752 -0.5113
vn 0.8386 0.1737 -0.5163
vn 0.8891 0.4099 0.2037
vn 0.6673 0.6822 -0.2989
vn 0.6074 0.6018 0.5185
vn 0.1396 0.8570 0.4961
vn 0.1312 0.6950 0.7069
vn 0.1415 0.8421 0.5205
vn -0.1001 0.7585 0.6439
vn -0.1768 0.7673 0.6164
vn 0.1719 0.8729 0.4566
vn -0.4475 0.5597 0.6975
vn -0.7152 0.1589 0.6806
vn -0.7610 0.0016 0.6487
vn -0.7206 0.1614 0.6742
vn -0.7669 0.1445 0.6253
vn -0.7994 -0.0865 0.5946
vn -0.8080 -0.0926 0.5819
vn -0.8040 -0.0692 0.5907
vn -0.8324 -0.4861 -0.2661
vn -0.5963 -0.8028 0.0019
vn -0.3034 -0.8715 -0.3852
vn -0.3042 -0.8751 -0.3764
vn -0.1875 -0.8512 -0.4902
vn -0.1998 -0.8472 -0.4922
vn -0.1004 -0.8395 -0.5340
vn 0.3783 -0.6348 -0.6738
vn 0.4786 -0.4706 -0.7413
vn 0.7110 -0.2492 -0.6575
vn 0.8475 -0.0505 -0.5285
vn 0.8408 0.0532 -0.5388
vn 0.8412 0.0530 -0.5382
vn 0.8448 0.0580 -0.5319
vn 0.8809 0.1598 -0.4455
vn 0.8473 0.2760 -0.4538
vn 0.8228 0.2961 -0.4851
vn 0.2211 0.9286 0.2981
vn 0.1132 0.8563 0.5039
vn 0.2223 0.8610 0.4574
vn 0.2786 0.8180 0.5032
vn 0.0137 0.7266 0.6869
vn 0.0255 0.7835 0.6209
vn -0.4823 0.3830 0.7878
vn -0.5993 0.3842 0.7023
vn -0.2473 0.5958 0.7641
vn -0.2615 0.6358 0.7262
vn -0.4105 0.6477 0.6419
vn -0.7191 0.1972 0.6664
vn -0.7980 -0.0525 0.6004
vn -0.8470 -0.0273 0.5310
vn -0.8489 -0.0675 0.5242
vn -0.8145 -0.0752 0.5752
vn -0.5722 -0.7613 0.3050
vn -0.8526 -0.4513 0.2635
vn -0.2594 -0.9103 -0.3226
vn -0.1652 -0.8196 -0.5485
vn -0.2818 -0.8412 -0.4616
vn 0.6574 -0.3511 -0.6668
vn 0.7867 -0.3085 -0.5347
vn 0.8489 0.0165 -0.5282
vn 0.8446 0.0116 -0.5353
vn 0.8467 0.0097 -0.5319
vn 0.9450 0.2736 -0.1794
vn 0.8446 0.1233 -0.5209
vn 0.9109 0.3214 -0.2587
vn 0.3037 0.6422 0.7038
vn 0.5537 0.7500 0.3618
vn 0.1709 0.7249 0.6673
vn 0.2900 0.9178 0.2713
vn 0.2049 0.6106 0.7650
vn 0.0066 0.7449 0.6672
vn 0.2229 0.8537 0.4706
vn 0.0248 0.7155 0.6982
vn -0.2096 0.6252 0.7518
vn -0.3023 0.6614 0.6864
vn -0.5269 0.4386 0.7280
vn -0.4821 0.4460 0.7541
vn -0.3236 0.5785 0.7487
vn -0.2542 0.5795 0.7743
vn -0.6043 0.3217 0.7290
vn -0.8129 -0.1266 0.5685
vn -0.8206 -0.0520 0.5691
vn -0.8001 0.0430 0.5984
vn -0.8831 -0.1965 0.4261
vn -0.5881 -0.8088 0.0036
vn 0.0516 -0.8253 -0.5624
vn -0.0763 -0.7464 -0.6611
vn 0.4148 -0.4029 -0.8158
vn 0.7007 -0.4000 -0.5908
vn 0.2798 -0.6277 -0.7264
vn -0.1761 -0.7838 -0.5955
vn 0.2743 -0.6434 -0.7147
vn 0.3780 -0.6522 -0.6571
vn 0.6599 -0.2772 -0.6983
vn 0.6520 -0.3544 -0.6703
vn 0.8801 0.0856 -0.4671
vn 0.8729 0.0840 -0.4807
vn 0.0670 0.7503 0.6576
vn 0.2865 0.8249 0.4874
vn -0.2072 0.6893 0.6943
vn 0.1066 -0.6515 -0.7511
vn -0.3522 0.7267 0.5898
vn -0.5264 0.4371 0.7293
vn -0.4379 0.5372 0.7209
vn -0.4923 0.4547 0.7422
vn -0.7594 0.0905 0.6443
vn -0.5031 0.2760 0.8189
vn -0.7780 -0.1843 0.6006
vn -0.8105 -0.1648 0.5621
vn -0.8368 -0.0932 0.5395
vn -0.6380 -0.1375 0.7577
vn -0.5895 -0.7984 -0.1226
vn -0.2369 -0.8838 -0.4035
vn -0.0399 -0.8603 -0.5082
vn -0.0714 -0.8798 -0.4700
vn -0.0837 -0.8922 -0.4438
vn -0.0694 -0.8842 -0.4619
vn 0.3193 -0.6570 -0.6829
vn 0.8623 0.0066 -0.5064
vn 0.8795 -0.0051 -0.4759
vn 0.8869 0.1123 -0.4481
vn 0.9171 0.1663 -0.3623
vn 0.9043 0.1956 -0.3794
vn 0.8974 0.3405 -0.2806
vn 0.1053 0.8701 -0.4815
vn 0.0896 0.9080 0.4093
vn 0.1287 0.8230 0.5533
vn 0.8832 0.3662 -0.2930
vn -0.4672 0.5299 0.7078
vn -0.7700 0.1275 0.6252
vn -0.4812 0.4234 0.7676
vn -0.3657 0.5961 0.7148
vn -0.7963 -0.0802 0.5995
vn -0.7618 -0.0690 0.6442
vn -0.8165 0.1394 0.5602
vn -0.8432 -0.1349 0.5204
vn -0.8153 -0.1919 0.5464
vn -0.6929 0.1301 0.7092
vn -0.7223 0.1561 0.6737
vn -0.6586 0.0993 0.7460
vn -0.5319 -0.6492 0.5436
vn -0.8268 -0.4905 0.2753
vn -0.3945 -0.9185 0.0272
vn -0.2540 -0.8776 -0.4067
vn -0.2339 -0.8982 -0.3722
vn 0.3744 -0.7436 -0.5540
vn 0.8696 0.0638 -0.4896
vn 0.8551 0.0608 -0.5149
vn 0.8891 0.1029 -0.4460
vn 0.9000 0.1014 -0.4239
vn 0.8800 0.3481 -0.3231
vn 0.7297 0.4043 -0.5514
vn 0.2622 0.9650 0.0024
vn 0.0599 0.9140 0.4013
vn 0.3035 0.8412 0.4475
vn -0.0420 0.9101 0.4123
vn -0.3576 0.5148 0.7792
vn -0.4126 0.4411 0.7970
vn -0.7782 -0.0971 0.6204
vn -0.6943 0.2780 0.6639
vn -0.7955 -0.1595 0.5845
vn -0.7435 0.1406 0.6538
vn -0.4987 -0.8510 -0.1649
vn -0.1906 -0.9122 -0.3626
vn -0.1931 -0.9071 -0.3739
vn -0.1334 -0.8545 -0.5020
vn -0.0535 -0.8848 -0.4629
vn -0.1491 -0.8870 -0.4370
vn 0.0213 -0.9006 -0.4341
vn -0.1562 -0.8941 -0.4196
vn -0.0267 -0.9450 -0.3259
vn -0.2296 -0.9148 -0.3323
vn -0.2041 -0.9266 -0.3160
vn -0.0246 -0.9177 -0.3965
vn -0.1429 -0.8818 -0.4495
vn 0.5653 -0.4840 -0.6679
vn 0.7684 -0.3496 -0.5361
vn 0.8230 -0.0194 -0.5677
vn 0.9238 -0.0045 -0.3828
vn 0.8246 -0.0300 -0.5649
vn 0.8282 -0.0571 -0.5575
vn 0.9013 0.0988 -0.4218
vn 0.9245 0.1140 -0.3637
vn 0.9404 0.3372 0.0448
vn 0.8159 0.5225 -0.2477
vn 0.0862 0.8546 0.5121
vn 0.2001 0.9245 0.3244
vn 0.3852 0.8712 0.3045
vn 0.2820 0.8329 0.4762
vn 0.1122 0.6587 0.7440
vn -0.4436 0.5797 0.6835
vn 0.4832 0.7558 0.4418
vn 0.0223 0.8192 0.5731
vn -0.3386 0.4680 0.8163
vn -0.5850 0.4505 0.6744
vn -0.8491 -0.2215 0.4796
vn -0.7787 -0.0441 0.6259
vn -0.9426 -0.0693 0.3267
vn -0.7710 -0.0533 0.6346
vn -0.8736 0.0950 0.4773
vn -0.8852 0.1139 0.4510
vn -0.6170 0.0900 0.7818
vn -0.8765 -0.2554 0.4081
vn -0.1778 -0.9138 -0.3652
vn -0.0244 -0.8963 -0.4428
vn -0.0215 -0.8813 -0.4721
vn 0.1619 0.8996 0.4056
vn -0.4128 -0.9053 -0.1000
vn -0.1950 -0.9554 -0.2219
vn 0.0457 -0.9410 -0.3353
vn 0.0151 -0.8819 -0.4712
vn 0.3396 -0.7486 -0.5695
vn 0.8286 -0.1988 -0.5234
vn 0.9133 -0.1012 -0.3946
vn 0.9286 0.1072 -0.3552
vn 0.9164 0.0884 -0.3904
vn 0.9096 0.1153 -0.3991
vn 0.9131 0.3221 -0.2500
vn 0.7855 0.5197 -0.3361
vn 0.0784 0.8574 0.5086
vn 0.3057 0.8794 0.3651
vn 0.2820 0.9055 0.3172
vn 0.4773 0.8542 0.2064
vn -0.4992 0.5226 0.6911
vn -0.5880 0.4565 0.6677
vn -0.6755 0.1251 0.7267
vn -0.9095 -0.2217 0.3517
vn -0.7872 0.1162 0.6056
vn -0.5416 -0.8198 -0.1860
vn -0.7200 -0.6614 -0.2100
vn -0.5833 -0.8062 0.0991
vn -0.5223 -0.8320 -0.1871
vn -0.2929 -0.9501 -0.1075
vn -0.3599 -0.8958 -0.2607
vn -0.0300 -0.9285 -0.3702
vn 0.0906 -0.9555 -0.2808
vn 0.1234 -0.9222 -0.3665
vn 0.4402 -0.7145 -0.5439
vn 0.3619 -0.7120 -0.6017
vn 0.6280 -0.5434 -0.5571
vn 0.7133 -0.3509 -0.6067
vn 0.9096 0.0671 -0.4101
vn 0.8172 -0.1923 -0.5434
vn 0.8153 -0.2422 -0.5259
vn 0.8642 0.5019 0.0362
vn 0.5465 0.7580 0.3559
vn 0.0911 0.9095 0.4055
vn 0.2716 0.9127 0.3053
vn -0.5006 0.8165 -0.2875
vn -0.1690 0.9285 0.3305
vn -0.1776 0.7745 0.6072
vn -0.5608 0.5348 0.6321
vn -0.9047 0.1049 0.4129
vn -0.9155 -0.2158 0.3395
vn -0.8777 -0.2723 0.3943
vn -0.8897 -0.2753 0.3642
vn -0.8145 -0.0485 0.5782
vn -0.8054 0.1382 0.5764
vn -0.8913 -0.2383 0.3857
vn -0.8559 -0.5013 -0.1272
vn -0.4651 -0.8818 -0.0784
vn -0.5873 -0.7999 -0.1238
vn -0.0047 -0.9536 -0.3011
vn -0.1533 -0.9435 -0.2938
vn 0.5960 -0.6615 -0.4553
vn 0.4441 -0.6979 -0.5619
vn 0.5137 -0.7056 -0.4881
vn 0.9585 0.1783 -0.2226
vn 0.9247 0.0709 -0.3742
vn 0.9377 0.1236 -0.3247
vn 0.8977 0.4256 -0.1137
vn 0.2427 0.9638 0.1102
vn 0.5824 0.7966 -0.1620
vn 0.4786 0.6692 0.5684
vn 0.0729 0.9098 0.4086
vn 0.2733 0.8521 0.4464
vn 0.1829 0.9333 0.3091
vn 0.3385 0.8572 0.3881
vn 0.1563 0.7927 0.5893
vn 0.1392 0.3511 -0.9259
vn 0.0097 0.9218 0.3876
vn 0.3972 0.9030 0.1638
vn -0.4486 0.7412 0.4994
vn -0.6665 0.4255 0.6121
vn -0.9010 0.0380 0.4322
vn -0.9191 -0.2432 0.3101
vn -0.8832 -0.3060 0.3555
vn -0.9412 0.0355 0.3359
vn -0.8811 -0.1082 0.4604
vn -0.9786 -0.1539 0.1366
vn -0.8568 -0.4730 0.2056
vn -0.7124 -0.6204 0.3278
vn -0.4122 -0.8969 0.1603
vn -0.3364 -0.9381 0.0826
vn -0.0031 -0.9971 -0.0758
vn 0.0023 -0.9896 -0.1441
vn 0.0267 -0.9389 -0.3431
vn 0.0205 -0.9402 -0.3400
vn 0.0393 -0.8707 -0.4902
vn 0.6295 -0.6678 -0.3971
vn 0.5791 -0.6394 -0.5058
vn 0.7031 -0.5361 -0.4672
vn 0.7448 -0.4112 -0.5255
vn 0.9539 -0.1901 -0.2322
vn 0.9476 -0.1673 -0.2721
vn 0.9407 0.2726 -0.2021
vn 0.9796 -0.0664 -0.1895
vn 0.8600 0.4185 -0.2920
vn 0.9737 0.1813 0.1383
vn 0.9091 0.4145 0.0419
vn 0.7135 0.6606 0.2336
vn 0.5637 0.5947 0.5733
vn 0.7903 -0.6063 0.0882
vn 0.3788 0.6427 0.6660
vn 0.8097 0.1915 0.5547
vn 0.4453 0.4877 0.7509
vn 0.2910 0.6752 0.6779
vn 0.4095 0.8412 0.3531
vn -0.3132 0.5525 0.7725
vn -0.4932 0.0750 0.8667
vn -0.5228 0.5371 0.6620
vn -0.7240 -0.2056 0.6584
vn -0.8684 0.0761 0.4901
vn -0.8855 0.0968 0.4545
vn -0.7990 -0.2935 0.5248
vn -0.7601 -0.5446 0.3546
vn -0.4740 -0.8728 0.1165
vn -0.6074 -0.4515 0.6536
vn -0.1975 -0.9410 -0.2747
vn -0.1003 -0.9840 0.1475
vn 0.4843 -0.8263 -0.2875
vn 0.7518 -0.6093 -0.2520
vn 0.7287 -0.5317 -0.4317
vn 0.9720 0.2347 -0.0123
vn 0.8847 -0.1824 -0.4290
vn 0.9287 -0.3321 -0.1651
vn 0.9905 0.0723 -0.1174
vn 0.9584 0.2527 -0.1324
vn 0.9024 0.3612 0.2350
vn 0.3074 0.6762 0.6695
vn 0.4681 0.3844 0.7957
vn 0.4809 0.5062 0.7159
vn 0.1197 0.5810 0.8051
vn 0.1109 0.8141 0.5701
vn -0.5260 0.5174 0.6750
vn -0.1482 0.2775 0.9492
vn -0.4957 0.0620 0.8663
vn -0.7621 -0.3756 0.5274
vn -0.5729 -0.3702 0.7313
vn -0.5502 -0.2798 0.7868
vn -0.9443 -0.0750 0.3205
vn -0.7848 -0.3335 0.5224
vn -0.8788 -0.0983 0.4670
vn -0.6830 -0.0881 0.7251
vn 0.1129 -0.9746 -0.1936
vn 0.2747 -0.9575 -0.0875
vn 0.5798 -0.7904 -0.1979
vn 0.8816 -0.2361 -0.4086
vn 0.8799 0.0301 -0.4741
vn 0.9472 -0.0862 -0.3088
vn 0.9357 -0.0869 -0.3418
vn 0.9636 -0.1971 -0.1806
vn 0.9155 -0.3572 -0.1852
vn 0.9140 -0.3555 -0.1955
vn 0.9683 0.1637 -0.1885
vn 0.7170 0.5479 -0.4310
vn 0.8210 0.3744 -0.4310
vn 0.8372 0.4945 -0.2337
vn 0.7734 0.4375 0.4588
vn 0.2941 0.8737 0.3875
vn 0.7371 0.6383 0.2220
vn 0.5853 0.6898 0.4263
vn -0.4524 -0.1483 0.8794
vn -0.7226 -0.2093 0.6589
vn -0.4688 -0.1696 0.8669
vn -0.4434 -0.4717 0.7622
vn -0.4264 -0.2653 0.8647
vn -0.5399 -0.4610 0.7042
vn -0.5232 -0.5027 0.6882
vn -0.6985 -0.5990 0.3914
vn -0.5151 -0.8569 -0.0204
vn -0.3397 -0.9335 -0.1150
vn 0.1618 -0.9708 -0.1770
vn 0.2472 -0.9530 -0.1749
vn 0.1619 0.8810 0.4445
vn 0.0939 -0.9811 -0.1689
vn 0.7644 -0.6427 -0.0515
vn 0.9159 -0.3764 -0.1391
vn 0.9599 -0.2007 -0.1959
vn 0.9327 -0.3245 -0.1574
vn 0.8963 0.3340 -0.2917
vn 0.4585 0.7501 -0.4766
vn 0.5862 0.4331 -0.6847
vn 0.2211 0.6620 -0.7161
vn -0.8248 -0.4290 -0.3683
vn 0.4970 0.7636 -0.4121
vn 0.0252 0.9233 0.3833
vn 0.3387 0.2806 0.8981
vn 0.3558 0.6286 0.6915
vn -0.3721 0.8891 0.2665
vn 0.1979 0.5950 0.7790
vn 0.1277 0.5333 0.8362
vn -0.1548 0.3615 0.9194
vn -0.3717 0.5157 0.7720
vn -0.7966 0.5042 0.3335
vn -0.4897 0.0582 0.8699
vn -0.7014 0.1646 0.6935
vn -0.7268 0.0962 0.6801
vn -0.8522 -0.1967 0.4848
vn -0.8919 -0.2901 0.3468
vn -0.3938 -0.4046 0.8253
vn -0.8062 -0.4289 0.4076
vn -0.7683 -0.3275 0.5499
vn -0.6638 -0.2527 -0.7039
vn -0.7894 -0.1643 -0.5915
vn -0.4333 -0.8930 -0.1217
vn -0.4666 -0.8712 -0.1528
vn 0.1542 -0.9834 -0.0951
vn 0.2265 -0.9552 -0.1907
vn 0.1543 -0.9832 -0.0976
vn 0.2681 -0.8923 -0.3632
vn 0.9630 -0.1904 -0.1908
vn 0.9296 -0.3108 -0.1979
vn 0.8550 -0.1775 -0.4873
vn 0.6195 0.2512 -0.7437
vn 0.9314 0.3237 -0.1667
vn 0.4383 0.7139 -0.5461
vn -0.1250 0.6607 -0.7402
vn -0.2152 0.5437 -0.8112
vn 0.3126 0.9320 -0.1836
vn -0.2583 0.9059 -0.3357
vn 0.1802 0.9820 -0.0566
vn 0.2295 0.9690 0.0915
vn 0.5741 0.6983 0.4274
vn -0.5041 0.8544 -0.1260
vn -0.0692 0.8024 0.5927
vn -0.0506 0.8394 0.5411
vn 0.0277 0.9888 0.1463
vn -0.1161 0.8214 0.5584
vn -0.4474 0.8803 -0.1576
vn -0.3833 0.6183 0.6861
vn -0.4046 0.4963 0.7681
vn -0.8117 0.4835 0.3276
vn -0.7784 -0.1436 0.6111
vn -0.7006 0.1380 0.7001
vn -0.9637 0.2340 -0.1288
vn -0.7695 0.6060 0.2016
vn -0.9162 0.0665 -0.3952
vn -0.9621 0.2027 -0.1824
vn -0.8532 -0.5013 -0.1439
vn -0.6994 0.0783 -0.7104
vn -0.6429 -0.5435 -0.5397
vn -0.5878 -0.7957 -0.1464
vn -0.1643 -0.9248 -0.3431
vn 0.9698 -0.1857 -0.1582
vn 0.7727 0.0334 -0.6338
vn 0.9305 0.0150 -0.3660
vn 0.7342 -0.0167 -0.6787
vn 0.6023 0.1086 -0.7909
vn -0.2585 0.5994 -0.7576
vn -0.5550 0.8314 -0.0260
vn -0.6338 0.5228 -0.5701
vn -0.8091 0.0889 -0.5808
vn -0.6759 0.7275 -0.1179
vn -0.9206 0.1403 -0.3643
vn -0.9645 0.1634 -0.2074
vn -0.7655 -0.5523 -0.3302
vn -0.4009 -0.7947 -0.4558
vn -0.4665 -0.7903 -0.3974
vn -0.0003 -0.8709 -0.4915
vn -0.1321 -0.8689 -0.4771
vn 0.8786 -0.0151 0.4772
vn 0.5352 -0.7074 -0.4617
vn 0.6000 -0.6429 -0.4761
vn 0.8304 -0.4967 -0.2525
vn 0.9555 -0.2183 -0.1983
vn 0.5979 0.0022 -0.8016
vn 0.5921 0.2162 -0.7763
vn -0.1230 0.6773 -0.7254
vn -0.2562 0.6031 -0.7554
vn -0.4299 0.8901 -0.1513
vn -0.6175 0.7845 -0.0570
vn -0.7911 0.4628 -0.4000
vn -0.8862 -0.2051 -0.4155
vn -0.3519 -0.6319 -0.6906
vn -0.1381 -0.8718 -0.4700
vn -0.0182 -0.9749 -0.2220
vn 0.2834 -0.9338 -0.2186
vn 0.5293 -0.7087 -0.4664
vn 0.2795 -0.3185 -0.9058
vn 0.5465 0.0607 -0.8352
vn 0.3038 0.0919 -0.9483
vn -0.1763 0.6239 -0.7613
vn 0.4796 0.7217 -0.4991
vn -0.3357 0.9397 0.0652
vn -0.3195 0.6903 -0.6491
vn -0.4702 0.6615 -0.5843
vn -0.4836 0.4124 -0.7720
vn -0.4311 0.4734 -0.7681
vn -0.2990 0.6875 0.6618
vn -0.3506 0.9281 -0.1254
vn -0.6891 0.7226 0.0548
vn -0.9090 0.2744 -0.3138
vn -0.1974 -0.6660 -0.7194
vn -0.1877 -0.5284 -0.8280
vn 0.4214 -0.3020 -0.8551
vn 0.1652 -0.1548 -0.9740
vn 0.4557 -0.0353 -0.8894
vn 0.8037 0.5083 -0.3095
vn 0.7260 0.6658 -0.1720
vn -0.0724 0.9783 0.1941
vn -0.0143 0.9821 -0.1880
vn -0.9535 0.2652 0.1434
vn -0.4541 0.4146 0.7886
vn -0.8195 0.3525 -0.4518
vn -0.9970 0.0582 0.0509
vn -0.8707 -0.2549 -0.4207
vn -0.6098 0.0820 -0.7883
vn 0.9933 -0.0767 0.0859
vn -0.1254 -0.5931 -0.7953
vn 0.1745 0.0261 -0.9843
vn -0.7458 -0.5518 -0.3732
vn 0.1145 -0.1935 -0.9744
vn 0.1037 -0.1895 -0.9764
vn 0.1353 -0.2518 -0.9583
vn 0.3673 -0.1181 -0.9226
vn 0.5502 -0.0986 -0.8292
vn 0.7034 0.6458 -0.2968
vn 0.4423 0.8667 0.2307
vn -0.3777 -0.8675 -0.3236
vn 0.6884 0.6353 -0.3500
vn 0.8322 0.5307 -0.1604
vn -0.6229 0.5291 0.5763
vn -0.5282 0.5433 0.6526
vn -0.5890 0.1923 -0.7849
vn -0.4187 -0.3465 -0.8394
vn 0.3497 -0.3888 -0.8524
vn 0.6700 0.6233 -0.4031
vn 0.5875 0.0571 -0.8072
vn 0.5491 -0.0976 -0.8301
vn 0.3296 0.7508 -0.5725
vn 0.5995 0.7879 0.1410
vn 0.3787 0.9240 -0.0532
vn -0.8045 0.2043 0.5578
vn -0.9957 0.0740 0.0555
vn -0.5525 0.5350 0.6392
vn -0.8605 -0.5026 0.0836
vn -0.1318 -0.4982 -0.8570
vn -0.7299 -0.6130 0.3024
vn -0.1492 -0.4797 -0.8647
vn 0.0635 -0.2099 -0.9757
vn 0.7931 0.1038 -0.6002
vn 0.4643 0.1484 -0.8732
vn 0.8691 0.4091 -0.2779
vn 0.7333 0.5472 -0.4036
vn -0.1147 0.8592 0.4986
vn -0.1598 0.9035 0.3977
vn -0.8147 0.1975 0.5452
vn -0.9739 -0.0006 0.2271
vn -0.9419 0.0401 0.3336
vn -0.7566 -0.5400 -0.3687
vn 0.1648 -0.5318 -0.8307
vn 0.0714 -0.5180 -0.8524
vn 0.1635 -0.5276 -0.8336
vn 0.4978 -0.0844 -0.8632
vn 0.3829 -0.2612 -0.8861
vn 0.7293 0.6478 -0.2203
vn 0.4144 0.8995 -0.1380
vn 0.2947 0.7629 0.5755
vn 0.0665 0.9973 -0.0301
vn -0.0689 0.8484 0.5248
vn -0.4936 0.5098 0.7046
vn -0.8326 0.3595 0.4215
vn -0.8458 0.2261 0.4832
vn -0.8151 -0.1055 0.5696
vn -0.8602 -0.4823 -0.1654
vn -0.7722 -0.6118 -0.1716
vn -0.5036 -0.8049 -0.3138
vn -0.7845 -0.6053 -0.1345
vn -0.7938 -0.5786 -0.1875
vn -0.6810 -0.7163 -0.1520
vn 0.1117 -0.5203 -0.8466
vn -0.1974 -0.6906 -0.6958
vn 0.1232 -0.4172 -0.9004
vn 0.2320 -0.4941 -0.8379
vn -0.1831 -0.6246 -0.7592
vn -0.1015 -0.6392 -0.7623
vn -0.1017 -0.6511 -0.7522
vn -0.1218 -0.6360 -0.7620
vn -0.4290 -0.6799 -0.5948
vn -0.4466 -0.7044 -0.5518
vn -0.2036 -0.6884 -0.6962
vn -0.4208 -0.7711 -0.4778
vn -0.1013 -0.6292 -0.7706
vn -0.0755 -0.6494 -0.7567
vn -0.0782 -0.7346 -0.6740
vn 0.2149 -0.3712 -0.9033
vn 0.4542 -0.3323 -0.8266
vn 0.4065 -0.1808 -0.8956
vn 0.5663 -0.1189 -0.8156
vn 0.7319 0.2025 -0.6506
vn 0.6722 0.6240 -0.3985
vn 0.7412 0.6402 -0.2020
vn 0.6389 0.7372 0.2201
vn -0.5792 0.2572 0.7735
vn -0.7816 0.1558 0.6040
vn -0.8115 -0.5714 0.1224
vn -0.7274 -0.6673 -0.1600
vn -0.4281 -0.6991 -0.5727
vn -0.4558 -0.6796 -0.5748
vn -0.4038 -0.8912 -0.2068
vn -0.7318 -0.6625 -0.1598
vn -0.7257 -0.6743 -0.1368
vn -0.8090 -0.3869 -0.4425
vn -0.6157 -0.6888 -0.3828
vn -0.1756 -0.8107 -0.5586
vn -0.4003 -0.6734 -0.6215
vn -0.0433 -0.7403 -0.6709
vn 0.0670 -0.6433 -0.7627
vn 0.9075 -0.2666 -0.3247
vn 0.5779 0.0695 -0.8131
vn 0.6032 -0.0427 -0.7964
vn 0.5348 -0.3275 -0.7789
vn -0.0117 0.8083 0.5886
vn -0.0605 0.7719 0.6329
vn -0.8294 0.1836 0.5277
vn -0.8564 0.0012 0.5164
vn -0.8468 0.0019 0.5320
vn -0.8388 -0.5400 0.0699
vn -0.7920 -0.6064 0.0714
vn -0.7008 -0.7071 -0.0943
vn -0.5030 -0.7417 -0.4437
vn 0.3818 -0.7727 -0.5072
vn 0.8225 -0.2896 -0.4895
vn 0.6853 0.0189 -0.7280
vn 0.6537 0.0557 -0.7547
vn 0.6061 0.1314 -0.7845
vn 0.7951 0.5370 -0.2818
vn 0.4753 0.8797 -0.0116
vn 0.5603 0.8280 0.0226
vn -0.4522 0.7436 0.4926
vn -0.8389 -0.0503 0.5420
vn -0.7266 0.3202 0.6078
vn -0.9196 -0.3564 0.1652
vn -0.5434 -0.7560 -0.3649
vn -0.9383 -0.3244 -0.1200
vn -0.9220 -0.3701 0.1139
vn -0.3375 -0.8589 -0.3851
vn 0.8713 -0.1802 -0.4565
vn 0.4036 0.5484 -0.7324
vn 0.7824 0.6152 -0.0971
vn 0.6316 0.4906 -0.6003
vn 0.8532 0.2805 -0.4398
vn 0.5332 0.2745 -0.8002
vn -0.0740 0.8814 0.4666
vn 0.2223 0.8401 0.4947
vn -0.0834 0.7931 0.6033
vn -0.2026 0.7636 0.6130
vn -0.7821 0.1740 0.5983
vn -0.6023 0.2860 0.7453
vn -0.7637 0.1542 0.6269
vn -0.7503 0.2241 0.6220
vn -0.7436 -0.6622 -0.0922
vn -0.7198 -0.6937 -0.0279
vn -0.5457 -0.7324 -0.4072
vn -0.9069 -0.3580 -0.2223
vn -0.7887 -0.5587 -0.2563
vn -0.3968 -0.8594 -0.3226
vn -0.5540 -0.7283 -0.4034
vn 0.3819 -0.7684 -0.5135
vn 0.0306 0.9950 0.0954
vn -0.0298 0.9925 -0.1183
vn 0.6948 0.6370 -0.3339
vn 0.9237 0.1930 -0.3309
vn 0.6879 0.4976 -0.5284
vn 0.5841 0.5009 -0.6386
vn 0.8726 -0.2900 0.3929
vn 0.8305 0.4956 -0.2542
vn 0.7166 0.6916 -0.0898
vn 0.6880 0.7115 -0.1430
vn 0.6614 0.7471 0.0667
vn 0.0972 0.9102 0.4026
vn -0.0645 0.7704 0.6343
vn -0.1596 0.6713 0.7238
vn -0.7430 0.2224 0.6313
vn -0.7271 0.4196 0.5433
vn -0.9499 -0.1551 0.2715
vn -0.8624 -0.3902 0.3224
vn -0.9760 0.1252 0.1781
vn -0.3061 -0.8047 -0.5088
vn 0.4436 0.5954 -0.6699
vn 0.7388 0.4467 -0.5045
vn -0.6911 0.6797 -0.2457
vn 0.7093 0.4391 -0.5515
vn 0.1063 0.9637 0.2448
vn 0.6356 0.6730 -0.3783
vn -0.9789 -0.0177 0.2034
vn -0.9846 -0.1382 0.1068
vn -0.6779 -0.1679 -0.7157
vn -0.6385 0.7695 0.0108
vn -0.8521 0.5233 0.0099
vn -0.5868 0.7749 0.2349
vn 0.0936 0.9684 0.2310
vn 0.1088 0.9791 0.1720
vn -0.0287 0.9383 0.3447
vn 0.2051 0.9068 0.3683
vn 0.2107 0.9315 0.2964
vn 0.0688 0.9673 0.2440
vn -0.3372 0.6548 0.6764
vn -0.7118 0.4306 0.5549
vn -0.7797 0.1668 0.6035
vn -0.8820 0.4554 0.1209
vn -0.5670 0.6519 0.5036
vn -0.0091 0.9138 0.4061
vn -0.9757 -0.0156 0.2185
vn -0.3744 0.7251 0.5780
vn -0.9834 -0.1713 -0.0593
vn -0.7560 -0.6425 -0.1251
vn -0.9775 -0.1957 -0.0787
vn -0.9803 -0.1900 -0.0543
vn -0.7111 0.6510 0.2656
vn -0.6121 0.7834 0.1077
vn -0.9646 0.0633 -0.2560
vn -0.5458 -0.8005 -0.2476
vn -0.8806 0.0342 0.4727
vn 0.3421 -0.7646 -0.5463
vn -0.8658 -0.1499 0.4774
vn -0.9029 -0.4123 0.1218
vn 0.6033 0.6252 -0.4952
vn 0.7912 0.5628 -0.2393
vn 0.1278 0.9913 -0.0330
vn -0.8298 0.1927 0.5237
vn -0.3186 0.7895 0.5246
vn 0.6987 0.0589 -0.7130
vn 0.8052 -0.1890 -0.5621
vn -0.0728 0.8798 0.4697
vn -0.0209 0.8679 0.4963
vn 0.2088 -0.7768 -0.5942
vn -0.4740 -0.7280 -0.4953
vn -0.4669 -0.7923 -0.3928
vn 0.5989 0.7738 0.2063
vn 0.4850 -0.1653 -0.8587
vn 0.2447 -0.6447 -0.7242
vn 0.4456 -0.3221 -0.8353
vn 0.7340 0.6293 -0.2555
vn 0.3686 -0.2631 -0.8916
vn 0.2167 -0.3749 -0.9014
vn -0.6680 0.2022 -0.7161
vn -0.3122 0.7057 0.6360
vn 0.6964 0.1825 -0.6941
vn 0.8146 0.5101 -0.2762
vn 0.8307 0.2077 -0.5165
vn 0.1025 0.8617 0.4970
vn -0.4938 0.2208 -0.8411
vn 0.4310 -0.2942 -0.8530
vn -0.0328 0.3610 -0.9320
vn -0.9411 0.2561 0.2208
vn -0.8958 0.0279 0.4436
vn 0.0744 0.9394 -0.3347
vn 0.4666 -0.8822 0.0633
vn -0.9428 -0.3334 0.0052
vn 0.2874 0.7660 -0.5750
vn 0.2834 0.7705 -0.5710
vn 0.8707 0.1402 -0.4714
vn 0.1595 -0.9709 -0.1787
vn -0.6337 -0.7714 -0.0571
vn -0.6284 -0.7775 -0.0256
vn 0.1772 0.5263 0.8316
vn 0.8945 0.3748 -0.2435
vn 0.9593 -0.0724 -0.2731
vn 0.9737 0.1802 -0.1397
vn 0.5818 -0.6854 -0.4379
vn -0.1644 -0.9391 -0.3018
vn 0.9667 0.1593 -0.2004
vn 0.2834 -0.9200 -0.2707
vn 0.0184 -0.9527 -0.3032
vn 0.8486 -0.2862 -0.4449
vn 0.8340 -0.2345 -0.4995
vn -0.3907 -0.9203 0.0213
vn -0.9581 -0.1786 0.2239
vn -0.5092 -0.8180 -0.2676
vn 0.4252 0.8469 0.3193
vn -0.7643 0.1181 0.6340
vn 0.0629 0.8535 0.5172
vn -0.0018 -0.9149 -0.4036
vn 0.0305 -0.9201 -0.3905
vn -0.1041 -0.8565 -0.5056
vn -0.2487 0.5001 0.8295
vn 0.1120 0.8849 0.4520
vn -0.1701 -0.8632 -0.4754
vn 0.8464 0.1275 -0.5171
vn 0.3775 -0.6494 -0.6602
vn -0.8108 -0.0736 0.5807
vn 0.9486 0.2036 -0.2424
vn 0.0623 -0.7886 -0.6117
vn 0.8303 0.0687 -0.5531
vn 0.7092 -0.1425 -0.6905
vn -0.1874 -0.8515 -0.4897
vn -0.8151 0.0392 0.5779
vn -0.8506 -0.0587 0.5224
vn -0.8833 -0.0308 0.4677
vn -0.7320 -0.0542 0.6792
vn -0.6037 0.4530 0.6560
vn -0.2591 0.5971 0.7591
vn -0.4751 0.5727 0.6681
vn -0.2739 -0.8324 -0.4817
vn 0.5668 -0.4420 -0.6953
vn -0.1462 -0.8211 -0.5518
vn 0.0899 -0.8055 -0.5858
vn -0.6034 -0.7948 -0.0648
vn -0.5052 0.5109 0.6956
vn 0.8012 0.1723 -0.5730
vn 0.8213 0.3167 -0.4745
vn 0.8452 0.2219 -0.4861
vn 0.7993 0.1714 -0.5760
vn -0.1125 0.7070 0.6982
vn 0.8178 0.1225 -0.5623
vn 0.6986 -0.2734 -0.6612
vn 0.5016 -0.3845 -0.7749
vn 0.8072 0.0112 -0.5902
vn -0.7493 0.3574 0.5576
vn -0.8445 0.0373 0.5343
vn 0.4947 0.8094 0.3163
vn 0.2536 -0.6041 -0.7555
vn -0.4371 -0.8442 -0.3101
vn -0.5984 -0.7850 -0.1605
vn 0.7666 0.5654 -0.3044
vn -0.1674 -0.7790 -0.6043
vn -0.7838 -0.0480 0.6191
vn 0.1462 0.8638 0.4822
vn 0.7543 0.6513 -0.0826
vn -0.1457 -0.7067 -0.6924
vn -0.2205 -0.5696 -0.7918
vn 0.1990 -0.7398 -0.6427
vn 0.0612 0.7751 0.6289
vn -0.7830 0.0741 0.6177
vn 0.1399 0.8100 0.5694
vn 0.1040 0.7396 0.6649
vn -0.7341 -0.6662 -0.1309
vn -0.8283 -0.5492 0.1108
vn -0.3038 0.4196 0.8554
vn 0.7128 0.1067 -0.6933
vn 0.0925 0.7000 0.7081
vn -0.0500 0.6312 0.7740
vn 0.7794 0.4965 -0.3821
vn 0.6894 0.2173 -0.6911
vn -0.8500 -0.3203 0.4181
vn -0.8553 -0.3085 0.4163
vn -0.7773 -0.0581 0.6265
vn -0.6042 0.2786 0.7465
vn 0.3564 0.5919 0.7229
vn -0.1166 0.5921 0.7974
vn 0.5955 0.0149 -0.8032
vn 0.4002 -0.0784 -0.9131
vn -0.7974 -0.3677 0.4785
vn -0.2492 0.3912 0.8859
vn 0.0388 0.4864 0.8729
vn 0.8084 0.5849 -0.0671
vn 0.7728 0.4990 -0.3922
vn -0.3654 -0.7231 -0.5862
vn -0.5240 -0.7462 -0.4105
vn -0.3465 0.1868 0.9193
vn 0.7029 0.3495 -0.6195
vn 0.4793 -0.0580 -0.8757
vn -0.2278 -0.6212 -0.7498
vn 0.5734 0.6998 0.4261
vn -0.5998 -0.5168 -0.6109
vn -0.7195 -0.4973 0.4847
vn -0.7596 -0.3988 0.5137
vn -0.6783 -0.5242 0.5150
vn -0.7843 -0.3825 0.4885
vn 0.0953 0.4504 0.8877
vn 0.5699 0.4843 -0.6638
vn 0.5328 0.3112 -0.7870
vn 0.4680 0.3581 -0.8079
vn -0.0800 -0.2699 -0.9596
vn -0.1912 0.1882 0.9633
vn 0.6605 0.4605 -0.5931
vn -0.6941 -0.5637 0.4477
vn 0.6920 0.7022 -0.1675
vn -0.3833 -0.4505 -0.8063
vn -0.7284 -0.4899 0.4790
vn -0.7832 -0.3511 0.5132
vn -0.7558 -0.5671 0.3274
vn 0.7053 0.6382 -0.3086
vn 0.3605 0.2950 -0.8849
vn -0.4908 -0.5554 -0.6713
vn -0.5117 -0.4613 -0.7248
vn -0.7165 -0.5936 0.3665
vn 0.6017 0.7982 -0.0295
vn 0.3834 0.5260 -0.7592
vn -0.5419 -0.6334 -0.5525
vn -0.5742 -0.5413 -0.6142
vn -0.4280 -0.5427 -0.7227
vn 0.2642 0.8156 0.5148
vn 0.5133 0.5592 -0.6510
vn -0.8343 -0.4043 0.3747
vn -0.2670 0.4850 0.8327
vn 0.7618 -0.1617 -0.6273
vn -0.7156 -0.6611 -0.2255
vn -0.7683 -0.5947 -0.2366
vn -0.8004 -0.5981 -0.0402
vn -0.0664 -0.1688 0.9834
vn 0.2041 -0.2533 0.9456
vn 0.5277 0.0926 -0.8444
vn 0.6822 0.7302 0.0376
vn -0.8383 -0.0527 0.5426
vn 0.2273 0.8429 0.4876
vn 0.6536 0.3920 0.6474
vn -0.5185 0.6335 0.5743
vn -0.4168 0.6017 0.6814
vn 0.2790 0.3493 -0.8945
vn -0.5404 -0.4659 -0.7007
vn -0.5192 0.0762 0.8513
vn 0.0284 -0.5924 -0.8051
vn -0.6334 -0.2178 0.7426
vn -0.9285 -0.3484 0.1281
vn -0.2405 0.3023 0.9224
vn 0.9059 0.1484 -0.3967
vn 0.3812 -0.4106 -0.8283
vn 0.5594 -0.2663 -0.7850
vn 0.4082 -0.2835 -0.8678
vn 0.1046 -0.7188 -0.6873
vn 0.0925 -0.9126 -0.3983
vn -0.1725 -0.9576 -0.2308
vn -0.5354 -0.7552 0.3782
vn -0.5979 -0.7549 0.2696
vn 0.6390 -0.2082 -0.7405
vn 0.7401 -0.0432 -0.6711
vn 0.7969 0.4291 -0.4253
vn 0.8902 0.3280 -0.3163
vn 0.6092 0.0718 -0.7897
vn 0.7292 -0.0193 -0.6841
vn -0.2773 -0.8846 -0.3749
vn 0.7358 0.3630 0.5717
vn 0.8220 0.5692 0.0210
vn 0.7594 -0.0703 -0.6468
vn 0.7169 -0.0090 -0.6971
vn 0.7353 0.3952 -0.5506
vn 0.8599 0.5098 -0.0266
vn 0.2865 0.9029 0.3203
vn -0.5530 -0.2863 0.7824
vn 0.5516 0.5962 0.5834
vn 0.9984 -0.0106 0.0557
vn 0.8132 0.5807 0.0381
vn 0.8145 0.0552 -0.5776
vn 0.3995 -0.4547 -0.7960
vn 0.4873 -0.3161 -0.8140
vn -0.4710 -0.2365 0.8498
vn -0.0312 0.4563 0.8893
vn -0.5812 -0.6777 0.4505
vn -0.9429 -0.3279 0.0579
vn -0.7168 -0.1880 0.6714
vn 0.5769 0.7514 0.3203
vn 0.4818 0.7728 0.4131
vn 0.8090 0.1935 -0.5550
vn 0.8308 0.1102 -0.5456
vn -0.7916 -0.2229 0.5690
vn 0.3719 0.7822 0.4998
vn 0.8148 0.2071 -0.5414
vn 0.9193 -0.0422 -0.3914
vn 0.1986 0.6661 0.7190
vn 0.1542 0.6911 0.7061
vn 0.0068 -0.7752 -0.6316
vn 0.2930 -0.5676 -0.7694
vn 0.1200 -0.5047 -0.8549
vn -0.3390 -0.8200 -0.4611
vn -0.7648 -0.2795 0.5805
vn -0.7373 -0.2860 0.6120
vn 0.6933 0.6600 0.2893
vn -0.2387 0.6177 0.7493
vn 0.7986 0.2928 -0.5258
vn 0.5833 -0.1824 -0.7915
vn -0.1700 -0.6484 -0.7421
vn -0.3433 -0.8029 -0.4872
vn -0.8085 -0.1890 0.5574
vn -0.5480 -0.0660 0.8339
vn 0.2052 -0.5742 -0.7926
vn -0.9553 0.1181 0.2712
vn 0.8115 0.2683 -0.5191
vn 0.7378 -0.1043 -0.6669
vn 0.5584 -0.4180 -0.7166
vn -0.4567 -0.7436 -0.4883
vn 0.5573 -0.4389 -0.7048
vn 0.8346 0.0747 -0.5457
vn 0.7721 -0.2480 -0.5851
vn 0.3469 -0.8148 -0.4646
vn -0.8418 -0.2829 0.4597
vn -0.9335 -0.1620 0.3200
vn -0.0183 0.9257 0.3777
vn -0.3234 -0.8652 -0.3833
vn -0.3395 -0.8749 -0.3454
vn -0.4002 -0.9163 0.0173
vn -0.6311 -0.7270 -0.2706
vn -0.6010 0.6084 0.5183
vn 0.8840 -0.1776 -0.4324
vn 0.5471 0.8007 0.2440
vn 0.0880 0.9117 0.4013
vn 0.8279 0.2233 -0.5145
vn 0.7309 -0.3006 -0.6128
vn 0.0473 -0.7037 -0.7089
vn 0.1138 0.9152 0.3866
vn 0.6857 -0.5556 -0.4703
vn 0.2536 -0.7959 -0.5497
vn -0.9002 0.3232 0.2919
vn -0.7956 0.1605 0.5842
vn -0.5582 0.4569 0.6925
vn -0.2864 -0.8827 -0.3725
vn -0.4681 -0.8554 -0.2217
vn -0.5145 0.7420 0.4297
vn -0.5295 0.7854 0.3204
vn -0.2270 0.8293 0.5107
vn -0.5595 0.5421 0.6270
vn 0.8188 0.4540 -0.3514
vn 0.8705 0.1264 -0.4756
vn -0.5267 0.7232 0.4467
vn -0.1493 0.8937 0.4230
vn -0.0913 0.8948 0.4370
vn 0.6075 -0.4543 -0.6516
vn 0.4130 -0.7210 -0.5564
vn -0.6449 -0.7058 -0.2930
vn -0.7608 -0.6343 -0.1375
vn -0.5585 0.6513 0.5137
vn 0.0310 0.9311 0.3636
vn 0.1430 0.8500 0.5070
vn 0.0245 -0.5113 -0.8591
vn -0.3547 0.8181 0.4527
vn 0.2102 0.9336 0.2901
vn -0.3857 0.8349 0.3927
vn 0.5481 0.8287 -0.1131
vn 0.6567 0.7300 -0.1894
vn 0.6914 0.6942 -0.2000
vn 0.7292 0.6791 -0.0838
vn -0.0416 0.9343 0.3540
vn -0.2397 0.8453 0.4776
vn -0.8234 0.1871 0.5357
vn -0.8607 0.2179 0.4601
vn -0.8688 0.3435 0.3568
vn 0.9053 0.2078 -0.3704
vn 0.8177 -0.2526 -0.5173
vn 0.6033 -0.5556 -0.5722
vn 0.4021 -0.7517 -0.5227
vn 0.3485 -0.7587 -0.5504
vn -0.1618 -0.9263 -0.3404
vn 0.1682 -0.8952 -0.4126
vn 0.3394 -0.8071 -0.4830
vn 0.3984 -0.7891 -0.4675
vn 0.5677 -0.6426 -0.5145
vn 0.8025 -0.0290 -0.5959
vn 0.3614 -0.9203 -0.1498
vn -0.9175 0.3973 -0.0204
vn 0.1751 0.9350 -0.3085
vn 0.4208 0.8977 -0.1308
vn 0.4231 0.8765 0.2296
vn -0.0508 0.9980 -0.0375
vn 0.7768 0.2705 0.5687
vn 0.8321 -0.2907 -0.4723
vn -0.3195 -0.8660 0.3847
vn 0.4957 -0.4256 0.7571
vn 0.5824 -0.0655 -0.8103
vn 0.5004 0.7983 0.3351
vn 0.4106 0.7223 0.5566
vn -0.3466 0.2109 0.9140
vn -0.2781 0.4114 0.8680
vn 0.2801 -0.3150 0.9068
vn 0.4278 0.5308 0.7316
vn 0.7173 0.4202 0.5557
vn 0.1107 -0.9521 -0.2851
vn -0.7758 -0.5697 0.2713
vn -0.0923 -0.9309 -0.3534
vn 0.7778 0.6109 -0.1477
vn 0.6000 0.7898 0.1276
vn 0.0205 0.5930 0.8050
vn 0.7229 0.6584 -0.2095
vn 0.8730 0.4514 -0.1844
vn 0.8830 -0.4112 -0.2261
vn -0.9159 0.1840 0.3567
vn -0.2193 0.7528 0.6207
vn 0.7796 0.6162 -0.1117
vn -0.7684 -0.6051 0.2082
vn -0.9681 -0.2061 0.1428
vn -0.9583 0.0800 0.2742
vn 0.1512 0.9405 0.3043
vn 0.8994 0.1422 -0.4133
vn -0.8022 -0.5886 0.1004
vn -0.3777 0.8627 0.3364
vn -0.0244 0.9966 0.0788
vn 0.2725 0.9489 0.1590
vn 0.5074 0.8534 0.1197
vn 0.3108 -0.9505 0.0051
vn -0.8815 -0.4647 0.0836
vn -0.9271 -0.3349 0.1684
vn -0.9182 -0.3102 0.2463
vn -0.7801 0.6075 0.1496
vn -0.1073 0.9789 0.1740
vn -0.1295 0.9817 0.1400
vn 0.0726 0.9805 0.1824
vn -0.1321 0.9067 0.4006
vn -0.2034 0.9447 0.2571
vn -0.5702 0.7724 0.2800
vn -0.5738 0.7402 0.3505
vn -0.8376 0.4783 0.2641
vn -0.9319 -0.2076 0.2973
vn -0.9155 0.2271 0.3320
vn -0.5230 0.8131 0.2555
vn -0.1955 0.9334 0.3010
vn 0.8852 0.4590 -0.0758
vn 0.8526 0.5226 -0.0062
vn 0.9686 0.2487 0.0051
vn 0.6279 -0.7073 -0.3249
vn 0.6536 -0.5397 -0.5306
vn 0.6615 -0.3674 0.6538
vn -0.9129 -0.3248 0.2472
vn -0.9253 -0.3793 -0.0026
vn -0.9911 0.0210 0.1312
vn -0.8438 -0.5293 0.0891
vn -0.9371 -0.0410 0.3467
vn -0.4342 0.8423 0.3194
vn -0.2025 -0.9495 -0.2397
vn -0.1910 -0.9778 -0.0858
vn -0.0348 -0.9766 -0.2121
vn -0.8883 -0.4283 0.1661
vn 0.6583 -0.6914 -0.2978
vn 0.7986 -0.4558 -0.3929
vn 0.2905 -0.9322 -0.2159
vn -0.9472 -0.3159 -0.0549
vn -0.9805 -0.1739 0.0913
vn -0.8084 -0.5887 0.0050
vn -0.3820 0.9225 0.0555
vn -0.3391 0.9377 0.0761
vn 0.2806 0.9505 0.1334
vn 0.8361 -0.3823 -0.3934
vn 0.9859 -0.0359 -0.1632
vn -0.5556 0.7837 0.2777
vn -0.4746 0.8310 0.2901
vn -0.1198 0.9698 0.2126
vn -0.0787 0.9417 0.3272
vn -0.8720 0.2519 0.4196
vn 0.3485 -0.3426 0.8725
vn -0.4308 0.7726 0.4662
vn 0.3256 0.8815 0.3420
s 0
usemtl Matériau
f 1//1 7//1 3//1
f 3//2 4//2 5//2
f 3//3 7//3 8//3
f 11//4 3//4 10//4
f 3//5 15//5 4//5
f 4//6 15//6 16//6
f 17//7 5//7 4//7
f 18//8 2//8 1//8
f 19//9 6//9 2//9
f 6//10 7//10 1//10
f 6//11 1//11 2//11
f 7//12 13//12 9//12
f 10//13 3//13 8//13
f 9//14 10//14 8//14
f 11//15 15//15 3//15
f 18//16 1//16 5//16
f 19//17 2//17 18//17
f 19//18 18//18 28//18
f 12//19 6//19 19//19
f 7//20 9//20 8//20
f 10//21 9//21 14//21
f 22//22 10//22 14//22
f 62//23 22//23 14//23
f 16//24 26//24 23//24
f 39//25 23//25 26//25
f 17//26 27//26 5//26
f 18//27 5//27 27//27
f 19//28 28//28 41//28
f 12//29 35//29 20//29
f 7//30 30//30 13//30
f 21//31 14//31 9//31
f 32//32 14//32 21//32
f 22//33 43//33 10//33
f 43//34 11//34 10//34
f 44//35 23//35 39//35
f 24//36 28//36 18//36
f 40//37 41//37 28//37
f 25//38 12//38 19//38
f 35//39 12//39 25//39
f 29//40 30//40 12//40
f 30//41 6//41 12//41
f 13//42 21//42 9//42
f 34//43 24//43 27//43
f 24//44 18//44 27//44
f 28//45 24//45 57//45
f 41//46 46//46 47//46
f 47//47 35//47 25//47
f 41//48 47//48 25//48
f 36//49 29//49 20//49
f 7//50 6//50 30//50
f 21//51 13//51 37//51
f 32//52 21//52 31//52
f 62//53 14//53 32//53
f 33//54 15//54 11//54
f 16//55 15//55 26//55
f 15//56 1563//56 26//56
f 44//57 45//57 23//57
f 27//58 65//58 34//58
f 49//59 20//59 42//59
f 35//60 42//60 20//60
f 37//61 13//61 30//61
f 1562//62 37//62 30//62
f 31//63 21//63 38//63
f 43//64 33//64 11//64
f 34//65 57//65 24//65
f 79//66 40//66 28//66
f 40//67 46//67 41//67
f 42//68 35//68 48//68
f 20//69 49//69 36//69
f 37//70 1562//70 50//70
f 63//71 56//71 54//71
f 76//72 39//72 64//72
f 44//73 39//73 76//73
f 45//74 78//74 65//74
f 65//75 27//75 45//75
f 57//76 34//76 66//76
f 66//77 34//77 65//77
f 79//78 28//78 57//78
f 48//79 35//79 47//79
f 49//80 67//80 68//80
f 52//81 31//81 72//81
f 31//82 51//82 72//82
f 32//83 31//83 52//83
f 53//84 32//84 52//84
f 115//85 53//85 73//85
f 62//86 32//86 53//86
f 43//87 22//87 74//87
f 54//88 33//88 43//88
f 1563//89 33//89 54//89
f 1563//90 54//90 56//90
f 54//91 55//91 63//91
f 56//92 117//92 1563//92
f 39//93 26//93 75//93
f 45//94 122//94 78//94
f 44//95 122//95 45//95
f 58//96 48//96 47//96
f 58//97 59//97 42//97
f 42//98 48//98 58//98
f 67//99 42//99 59//99
f 49//100 42//100 67//100
f 60//101 29//101 36//101
f 69//102 50//102 60//102
f 1562//103 60//103 50//103
f 29//104 60//104 1562//104
f 38//105 37//105 50//105
f 86//106 61//106 50//106
f 38//107 50//107 61//107
f 51//108 31//108 38//108
f 116//109 53//109 115//109
f 116//110 62//110 53//110
f 22//111 62//111 74//111
f 54//112 43//112 74//112
f 1563//113 117//113 26//113
f 26//114 117//114 75//114
f 122//115 44//115 76//115
f 41//116 40//116 79//116
f 41//117 79//117 80//117
f 41//118 80//118 46//118
f 82//119 67//119 59//119
f 82//120 68//120 67//120
f 49//121 60//121 36//121
f 86//122 70//122 61//122
f 38//123 70//123 71//123
f 74//124 55//124 54//124
f 63//125 55//125 101//125
f 148//126 102//126 63//126
f 39//127 75//127 64//127
f 64//128 88//128 76//128
f 88//129 103//129 77//129
f 121//130 90//130 77//130
f 88//131 77//131 90//131
f 90//132 107//132 88//132
f 76//133 88//133 107//133
f 122//134 76//134 107//134
f 78//135 65//135 122//135
f 78//136 122//136 91//136
f 66//137 124//137 92//137
f 66//138 92//138 57//138
f 93//139 94//139 47//139
f 58//140 47//140 94//140
f 81//141 59//141 95//141
f 95//142 59//142 58//142
f 68//143 82//143 83//143
f 49//144 68//144 84//144
f 49//145 84//145 60//145
f 60//146 110//146 69//146
f 2853//147 85//147 69//147
f 86//148 50//148 69//148
f 111//149 70//149 86//149
f 61//150 70//150 38//150
f 51//151 71//151 99//151
f 99//152 72//152 51//152
f 73//153 52//153 100//153
f 62//154 87//154 74//154
f 147//155 87//155 146//155
f 87//156 147//156 55//156
f 74//157 87//157 55//157
f 117//158 56//158 102//158
f 75//159 164//159 64//159
f 77//160 106//160 121//160
f 77//161 89//161 106//161
f 66//162 65//162 124//162
f 92//163 125//163 79//163
f 46//164 80//164 126//164
f 46//165 126//165 94//165
f 94//166 93//166 46//166
f 47//167 46//167 93//167
f 108//168 94//168 127//168
f 81//169 95//169 96//169
f 82//170 130//170 83//170
f 68//171 109//171 84//171
f 109//172 110//172 84//172
f 84//173 2852//173 60//173
f 60//174 2852//174 110//174
f 85//175 86//175 69//175
f 72//176 100//176 52//176
f 87//177 62//177 116//177
f 101//178 55//178 147//178
f 101//179 148//179 63//179
f 102//180 163//180 117//180
f 75//181 117//181 164//181
f 118//182 64//182 164//182
f 104//183 77//183 103//183
f 135//184 106//184 89//184
f 107//185 90//185 137//185
f 91//186 122//186 123//186
f 91//187 1561//187 65//187
f 65//188 1561//188 124//188
f 92//189 124//189 138//189
f 92//190 138//190 125//190
f 94//191 126//191 153//191
f 127//192 155//192 108//192
f 94//193 108//193 58//193
f 58//194 108//194 95//194
f 97//195 82//195 81//195
f 82//196 59//196 81//196
f 97//197 130//197 82//197
f 68//198 83//198 109//198
f 109//199 131//199 98//199
f 2850//200 109//200 98//200
f 2850//201 110//201 109//201
f 84//202 110//202 2852//202
f 2853//203 69//203 110//203
f 113//204 99//204 71//204
f 114//205 133//205 72//205
f 103//206 88//206 118//206
f 105//207 89//207 119//207
f 105//208 119//208 134//208
f 105//209 134//209 120//209
f 136//210 90//210 151//210
f 136//211 137//211 90//211
f 124//212 1561//212 169//212
f 125//213 80//213 79//213
f 152//214 80//214 125//214
f 80//215 153//215 126//215
f 153//216 127//216 94//216
f 108//217 155//217 128//217
f 95//218 108//218 128//218
f 95//219 129//219 96//219
f 190//220 140//220 96//220
f 96//221 140//221 81//221
f 97//222 81//222 140//222
f 131//223 109//223 83//223
f 2850//224 98//224 132//224
f 2853//225 110//225 2850//225
f 2853//226 2850//226 142//226
f 70//227 111//227 112//227
f 112//228 113//228 70//228
f 71//123 70//123 113//123
f 99//229 114//229 72//229
f 133//230 100//230 72//230
f 100//231 115//231 73//231
f 115//232 196//232 116//232
f 87//233 116//233 146//233
f 119//234 89//234 104//234
f 135//235 204//235 106//235
f 204//236 121//236 106//236
f 90//237 121//237 150//237
f 90//238 150//238 136//238
f 136//239 150//239 151//239
f 137//240 136//240 151//240
f 123//241 122//241 137//241
f 138//242 124//242 169//242
f 125//243 138//243 170//243
f 153//244 154//244 127//244
f 154//245 153//245 212//245
f 155//246 127//246 154//246
f 157//247 96//247 129//247
f 96//248 157//248 176//248
f 190//249 96//249 176//249
f 97//250 140//250 130//250
f 83//251 130//251 131//251
f 141//252 98//252 131//252
f 143//253 85//253 2853//253
f 143//254 2853//254 142//254
f 85//255 143//255 111//255
f 145//256 99//256 113//256
f 114//257 99//257 145//257
f 194//258 145//258 113//258
f 183//259 161//259 147//259
f 201//260 164//260 117//260
f 201//261 117//261 163//261
f 167//262 120//262 134//262
f 231//263 1560//263 150//263
f 151//264 150//264 1560//264
f 151//265 123//265 137//265
f 107//266 137//266 122//266
f 209//267 138//267 169//267
f 152//268 125//268 171//268
f 154//269 212//269 213//269
f 213//270 155//270 154//270
f 156//271 155//271 128//271
f 129//272 139//272 157//272
f 140//273 158//273 130//273
f 141//274 131//274 191//274
f 2850//275 132//275 142//275
f 111//276 180//276 144//276
f 112//277 111//277 144//277
f 100//278 159//278 115//278
f 147//279 161//279 101//279
f 183//280 147//280 160//280
f 162//281 102//281 148//281
f 102//282 162//282 163//282
f 117//283 163//283 227//283
f 227//284 201//284 163//284
f 164//285 201//285 118//285
f 134//286 149//286 187//286
f 187//287 229//287 167//287
f 134//288 187//288 167//288
f 203//289 120//289 188//289
f 167//290 188//290 120//290
f 207//291 123//291 151//291
f 123//292 207//292 168//292
f 169//293 209//293 1561//293
f 172//294 153//294 80//294
f 172//295 80//295 211//295
f 172//296 211//296 153//296
f 211//297 80//297 152//297
f 212//298 153//298 211//298
f 173//299 156//299 233//299
f 174//300 218//300 175//300
f 139//301 174//301 157//301
f 176//302 259//302 190//302
f 158//303 131//303 130//303
f 131//304 158//304 191//304
f 177//305 141//305 191//305
f 132//306 98//306 141//306
f 132//307 141//307 178//307
f 142//308 178//308 179//308
f 111//309 143//309 180//309
f 145//310 195//310 225//310
f 181//311 244//311 133//311
f 100//312 182//312 159//312
f 196//313 115//313 1558//313
f 148//314 161//314 197//314
f 198//315 148//315 197//315
f 198//316 162//316 148//316
f 200//317 227//317 163//317
f 103//318 118//318 184//318
f 165//319 166//319 119//319
f 149//320 166//320 186//320
f 230//321 204//321 135//321
f 204//322 150//322 121//322
f 205//323 150//323 204//323
f 151//324 1560//324 207//324
f 1561//325 168//325 208//325
f 208//326 209//326 169//326
f 208//327 169//327 1561//327
f 210//328 211//328 152//328
f 232//329 212//329 253//329
f 214//330 155//330 213//330
f 215//331 216//331 173//331
f 174//332 173//332 216//332
f 157//333 175//333 218//333
f 174//334 175//334 157//334
f 218//335 189//335 176//335
f 218//336 259//336 189//336
f 189//337 259//337 176//337
f 236//338 191//338 235//338
f 191//339 236//339 177//339
f 192//340 221//340 179//340
f 239//341 192//341 179//341
f 113//342 144//342 194//342
f 145//343 225//343 114//343
f 133//344 244//344 100//344
f 147//345 146//345 160//345
f 198//346 197//346 329//346
f 290//347 162//347 199//347
f 200//348 162//348 290//348
f 201//349 184//349 118//349
f 118//350 247//350 184//350
f 103//351 184//351 185//351
f 185//352 165//352 104//352
f 186//353 202//353 249//353
f 166//354 202//354 186//354
f 187//355 149//355 186//355
f 167//356 229//356 188//356
f 204//357 230//357 205//357
f 206//358 205//358 230//358
f 231//359 150//359 206//359
f 206//360 150//360 205//360
f 208//361 168//361 271//361
f 208//362 296//362 209//362
f 171//363 170//363 297//363
f 299//364 171//364 298//364
f 299//365 253//365 210//365
f 211//366 210//366 253//366
f 232//367 213//367 212//367
f 232//368 254//368 213//368
f 214//369 156//369 155//369
f 233//370 301//370 315//370
f 233//371 215//371 173//371
f 174//372 217//372 258//372
f 216//373 217//373 174//373
f 218//374 176//374 175//374
f 175//375 176//375 157//375
f 190//376 158//376 140//376
f 141//377 177//377 220//377
f 178//378 238//378 179//378
f 180//379 143//379 222//379
f 144//380 180//380 240//380
f 243//381 241//381 223//381
f 223//382 224//382 243//382
f 242//383 223//383 224//383
f 263//384 283//384 195//384
f 284//385 195//385 283//385
f 263//386 194//386 241//386
f 195//387 145//387 194//387
f 263//388 195//388 194//388
f 225//389 133//389 114//389
f 181//390 133//390 225//390
f 244//391 182//391 100//391
f 182//392 287//392 159//392
f 329//393 197//393 183//393
f 197//394 161//394 183//394
f 289//395 290//395 199//395
f 291//396 200//396 290//396
f 311//397 291//397 290//397
f 266//398 227//398 291//398
f 228//399 166//399 165//399
f 202//400 166//400 228//400
f 312//401 229//401 187//401
f 229//402 353//402 188//402
f 313//403 231//403 206//403
f 1560//404 251//404 207//404
f 168//405 207//405 271//405
f 170//406 209//406 252//406
f 171//407 210//407 152//407
f 213//408 301//408 214//408
f 275//409 233//409 214//409
f 233//410 156//410 214//410
f 233//411 315//411 215//411
f 215//412 276//412 216//412
f 256//413 216//413 255//413
f 256//414 234//414 216//414
f 234//415 217//415 216//415
f 259//416 1559//416 190//416
f 190//417 219//417 158//417
f 190//418 1559//418 219//418
f 318//419 235//419 219//419
f 219//420 235//420 158//420
f 177//421 237//421 220//421
f 278//422 238//422 220//422
f 238//423 239//423 179//423
f 193//424 179//424 221//424
f 143//425 193//425 222//425
f 241//426 194//426 144//426
f 223//427 241//427 262//427
f 224//428 223//428 262//428
f 262//429 282//429 224//429
f 243//430 263//430 241//430
f 244//431 226//431 182//431
f 287//432 1558//432 159//432
f 146//433 196//433 160//433
f 246//434 183//434 160//434
f 349//435 329//435 265//435
f 265//436 246//436 183//436
f 201//437 227//437 266//437
f 248//438 165//438 185//438
f 248//439 228//439 165//439
f 186//440 249//440 269//440
f 186//441 269//441 270//441
f 186//442 270//442 187//442
f 187//443 270//443 312//443
f 293//444 250//444 230//444
f 206//445 230//445 250//445
f 231//446 313//446 1560//446
f 313//447 356//447 251//447
f 313//448 251//448 1560//448
f 208//449 271//449 296//449
f 252//450 297//450 170//450
f 297//451 298//451 171//451
f 253//452 272//452 232//452
f 272//453 254//453 232//453
f 273//454 254//454 272//454
f 213//455 254//455 274//455
f 301//456 213//456 274//456
f 216//457 276//457 255//457
f 340//458 234//458 256//458
f 257//459 234//459 340//459
f 258//460 217//460 257//460
f 2777//461 259//461 218//461
f 277//462 260//462 219//462
f 219//463 260//463 318//463
f 260//464 277//464 318//464
f 1559//465 277//465 219//465
f 235//466 318//466 2778//466
f 191//467 158//467 235//467
f 304//468 237//468 236//468
f 220//469 237//469 278//469
f 178//470 141//470 220//470
f 178//471 220//471 238//471
f 239//472 306//472 307//472
f 239//473 307//473 192//473
f 261//474 221//474 192//474
f 179//475 193//475 142//475
f 281//476 180//476 222//476
f 240//477 180//477 281//477
f 240//478 281//478 262//478
f 240//479 262//479 241//479
f 325//480 263//480 243//480
f 283//481 345//481 284//481
f 284//482 326//482 285//482
f 284//483 285//483 264//483
f 225//484 284//484 264//484
f 225//485 264//485 285//485
f 225//486 285//486 181//486
f 160//487 196//487 245//487
f 245//488 246//488 160//488
f 197//489 289//489 198//489
f 266//490 292//490 247//490
f 247//491 201//491 266//491
f 185//492 247//492 248//492
f 228//493 248//493 267//493
f 267//494 268//494 228//494
f 268//495 202//495 228//495
f 206//496 295//496 313//496
f 335//497 207//497 251//497
f 207//498 335//498 271//498
f 271//499 358//499 296//499
f 209//500 296//500 252//500
f 272//501 253//501 299//501
f 274//502 254//502 273//502
f 300//503 301//503 274//503
f 275//504 214//504 315//504
f 275//505 315//505 233//505
f 316//506 256//506 255//506
f 258//507 257//507 340//507
f 2776//508 317//508 303//508
f 2777//509 317//509 2776//509
f 235//510 318//510 236//510
f 239//511 238//511 278//511
f 307//512 306//512 279//512
f 1557//513 279//513 306//513
f 261//514 192//514 307//514
f 221//515 261//515 280//515
f 221//516 280//516 193//516
f 281//517 222//517 2877//517
f 281//518 280//518 282//518
f 284//519 345//519 326//519
f 326//520 327//520 285//520
f 285//521 286//521 181//521
f 244//522 181//522 286//522
f 287//523 328//523 1558//523
f 196//524 1558//524 347//524
f 183//525 265//525 329//525
f 288//526 329//526 289//526
f 289//527 197//527 288//527
f 329//528 288//528 197//528
f 291//529 379//529 266//529
f 248//530 247//530 292//530
f 202//531 268//531 331//531
f 249//532 202//532 331//532
f 269//533 380//533 270//533
f 353//534 229//534 381//534
f 293//535 203//535 333//535
f 313//536 295//536 355//536
f 251//537 356//537 334//537
f 272//538 299//538 385//538
f 273//539 272//539 417//539
f 274//540 314//540 300//540
f 255//541 276//541 316//541
f 256//542 316//542 302//542
f 258//543 257//543 303//543
f 303//544 317//544 258//544
f 317//545 2777//545 258//545
f 257//546 303//546 2775//546
f 2776//547 303//547 2825//547
f 303//548 2775//548 2825//548
f 2845//549 2776//549 2825//549
f 2776//550 2845//550 2777//550
f 2845//551 259//551 2777//551
f 2845//552 277//552 1559//552
f 2846//553 318//553 277//553
f 236//554 319//554 304//554
f 304//555 305//555 237//555
f 239//556 278//556 320//556
f 320//557 306//557 239//557
f 370//558 261//558 307//558
f 193//559 281//559 2877//559
f 2877//560 222//560 193//560
f 308//561 282//561 280//561
f 282//562 322//562 224//562
f 242//563 224//563 322//563
f 283//564 373//564 345//564
f 286//565 285//565 327//565
f 286//566 346//566 244//566
f 196//567 347//567 245//567
f 245//568 347//568 246//568
f 265//569 246//569 309//569
f 310//570 349//570 265//570
f 266//571 379//571 292//571
f 267//572 248//572 292//572
f 331//573 268//573 330//573
f 332//574 269//574 249//574
f 229//575 312//575 381//575
f 354//576 333//576 434//576
f 293//577 333//577 354//577
f 293//578 294//578 250//578
f 250//579 294//579 382//579
f 383//580 334//580 356//580
f 298//581 384//581 299//581
f 272//582 385//582 417//582
f 359//583 274//583 273//583
f 336//584 274//584 359//584
f 314//585 274//585 336//585
f 360//586 314//586 336//586
f 392//587 315//587 301//587
f 315//588 364//588 276//588
f 364//589 316//589 440//589
f 256//590 339//590 340//590
f 303//591 257//591 2497//591
f 317//592 2497//592 257//592
f 303//593 317//593 257//593
f 317//594 258//594 2497//594
f 303//595 257//595 340//595
f 340//596 2775//596 303//596
f 259//597 2845//597 1559//597
f 2846//598 2778//598 318//598
f 318//599 319//599 236//599
f 305//600 278//600 237//600
f 320//601 305//601 369//601
f 320//602 278//602 305//602
f 279//603 427//603 321//603
f 279//604 321//604 307//604
f 307//605 427//605 370//605
f 308//606 261//606 370//606
f 261//607 308//607 280//607
f 371//608 282//608 308//608
f 282//609 323//609 322//609
f 322//610 323//610 2878//610
f 263//611 325//611 283//611
f 325//612 373//612 283//612
f 1558//613 328//613 347//613
f 246//614 347//614 309//614
f 348//615 265//615 309//615
f 310//616 265//616 348//616
f 290//617 289//617 350//617
f 311//618 290//618 409//618
f 1556//619 379//619 291//619
f 292//620 351//620 267//620
f 249//621 331//621 332//621
f 269//622 332//622 352//622
f 352//623 380//623 269//623
f 333//624 188//624 353//624
f 333//625 203//625 188//625
f 463//626 354//626 382//626
f 463//627 382//627 294//627
f 354//628 463//628 294//628
f 411//629 295//629 382//629
f 251//630 334//630 357//630
f 335//631 251//631 357//631
f 298//632 297//632 384//632
f 384//633 385//633 299//633
f 273//634 417//634 359//634
f 314//635 360//635 337//635
f 360//636 389//636 337//636
f 300//637 314//637 337//637
f 301//638 300//638 392//638
f 364//639 499//639 316//639
f 499//640 440//640 316//640
f 302//641 365//641 424//641
f 302//642 424//642 366//642
f 366//643 339//643 302//643
f 443//644 339//644 366//644
f 366//645 424//645 443//645
f 257//646 2497//646 258//646
f 303//647 2497//647 2447//647
f 340//648 303//648 2447//648
f 318//649 2846//649 341//649
f 319//650 318//650 341//650
f 304//651 319//651 342//651
f 304//652 369//652 305//652
f 279//653 1557//653 396//653
f 427//654 307//654 321//654
f 308//655 370//655 371//655
f 2878//656 371//656 282//656
f 2878//657 323//657 371//657
f 371//658 323//658 282//658
f 323//659 372//659 476//659
f 323//660 476//660 322//660
f 322//661 452//661 324//661
f 324//662 242//662 322//662
f 324//663 344//663 242//663
f 344//664 452//664 325//664
f 326//665 345//665 454//665
f 535//666 326//666 454//666
f 327//667 326//667 535//667
f 244//668 346//668 226//668
f 226//669 346//669 287//669
f 290//670 350//670 409//670
f 292//671 379//671 351//671
f 351//672 268//672 267//672
f 351//673 330//673 268//673
f 1555//674 353//674 381//674
f 355//675 295//675 411//675
f 355//676 383//676 313//676
f 412//677 334//677 383//677
f 252//678 296//678 415//678
f 416//679 384//679 297//679
f 435//680 336//680 359//680
f 360//681 336//681 386//681
f 420//682 362//682 388//682
f 420//683 388//683 361//683
f 389//684 387//684 362//684
f 387//685 389//685 360//685
f 390//686 363//686 389//686
f 338//687 337//687 363//687
f 300//688 337//688 338//688
f 392//689 364//689 315//689
f 442//690 365//690 443//690
f 442//691 424//691 365//691
f 340//692 339//692 367//692
f 257//693 340//693 2447//693
f 257//694 2447//694 2497//694
f 2694//695 340//695 367//695
f 340//696 2694//696 303//696
f 303//697 2694//697 2775//697
f 368//698 2845//698 2825//698
f 2846//699 277//699 2845//699
f 447//700 319//700 341//700
f 342//701 319//701 448//701
f 449//702 304//702 395//702
f 475//703 279//703 396//703
f 475//704 343//704 279//704
f 321//705 279//705 343//705
f 427//706 321//706 508//706
f 372//707 323//707 2878//707
f 372//708 2878//708 428//708
f 476//709 372//709 428//709
f 324//710 322//710 476//710
f 344//711 324//711 452//711
f 345//712 373//712 453//712
f 286//713 327//713 399//713
f 286//714 374//714 346//714
f 376//715 346//715 374//715
f 346//716 376//716 375//716
f 400//717 375//717 478//717
f 403//718 405//718 400//718
f 375//719 400//719 405//719
f 405//720 287//720 376//720
f 376//721 375//721 405//721
f 287//722 405//722 328//722
f 377//723 348//723 309//723
f 348//724 402//724 378//724
f 348//725 378//725 310//725
f 329//726 349//726 288//726
f 288//727 458//727 289//727
f 408//728 289//728 458//728
f 408//729 350//729 289//729
f 330//730 459//730 331//730
f 270//731 380//731 486//731
f 312//732 270//732 486//732
f 353//733 434//733 333//733
f 462//734 354//734 434//734
f 413//735 334//735 412//735
f 296//736 358//736 415//736
f 415//737 297//737 252//737
f 416//738 297//738 415//738
f 359//739 417//739 435//739
f 386//740 435//740 418//740
f 336//741 435//741 386//741
f 360//742 419//742 387//742
f 362//743 387//743 388//743
f 420//744 361//744 470//744
f 362//745 420//745 389//745
f 420//746 390//746 389//746
f 421//747 363//747 390//747
f 390//748 472//748 421//748
f 338//749 391//749 392//749
f 316//750 499//750 441//750
f 365//751 316//751 441//751
f 443//752 365//752 393//752
f 367//753 339//753 443//753
f 2775//754 2694//754 394//754
f 2775//755 2801//755 394//755
f 2775//756 394//756 2825//756
f 2846//757 2845//757 368//757
f 449//758 395//758 426//758
f 426//759 395//759 304//759
f 369//760 396//760 1557//760
f 397//761 343//761 508//761
f 397//762 508//762 321//762
f 397//763 321//763 343//763
f 371//764 398//764 2878//764
f 2878//765 2829//765 428//765
f 476//766 428//766 2829//766
f 344//767 373//767 325//767
f 286//768 399//768 374//768
f 478//769 376//769 374//769
f 403//770 400//770 401//770
f 348//771 377//771 402//771
f 403//772 402//772 377//772
f 403//773 401//773 402//773
f 403//774 404//774 405//774
f 405//775 404//775 328//775
f 309//776 404//776 377//776
f 377//777 404//777 403//777
f 404//778 347//778 328//778
f 347//779 404//779 309//779
f 378//780 402//780 406//780
f 310//781 378//781 407//781
f 407//782 349//782 310//782
f 407//783 310//783 480//783
f 407//784 480//784 349//784
f 350//785 408//785 481//785
f 1556//786 311//786 409//786
f 379//787 1556//787 430//787
f 459//788 330//788 410//788
f 486//789 381//789 312//789
f 382//790 464//790 411//790
f 412//791 489//791 413//791
f 414//792 358//792 357//792
f 358//793 414//793 415//793
f 360//794 386//794 419//794
f 472//795 390//795 420//795
f 440//796 391//796 422//796
f 439//797 422//797 363//797
f 363//798 421//798 439//798
f 363//799 422//799 391//799
f 423//800 499//800 364//800
f 393//801 365//801 441//801
f 393//802 442//802 443//802
f 394//803 2694//803 444//803
f 448//804 319//804 447//804
f 342//805 426//805 304//805
f 449//806 426//806 2925//806
f 449//807 2925//807 369//807
f 369//808 2832//808 396//808
f 2832//809 369//809 449//809
f 475//810 533//810 343//810
f 370//811 398//811 371//811
f 429//812 344//812 452//812
f 373//813 344//813 429//813
f 373//814 429//814 477//814
f 457//815 402//815 401//815
f 378//816 406//816 514//816
f 407//817 378//817 479//817
f 350//818 482//818 409//818
f 516//819 1556//819 409//819
f 379//820 430//820 351//820
f 330//821 351//821 430//821
f 431//822 410//822 330//822
f 431//823 484//823 410//823
f 432//824 352//824 332//824
f 433//825 352//825 432//825
f 460//826 352//826 433//826
f 461//827 1555//827 381//827
f 353//828 1555//828 434//828
f 383//829 355//829 518//829
f 383//830 518//830 412//830
f 414//831 465//831 466//831
f 357//832 413//832 414//832
f 415//833 492//833 416//833
f 494//834 418//834 435//834
f 418//835 419//835 386//835
f 436//836 419//836 418//836
f 419//837 436//837 437//837
f 387//838 419//838 437//838
f 361//839 388//839 469//839
f 470//840 361//840 497//840
f 470//841 472//841 420//841
f 438//842 439//842 421//842
f 440//843 422//843 439//843
f 391//844 440//844 392//844
f 364//845 392//845 440//845
f 364//846 440//846 499//846
f 474//847 423//847 499//847
f 393//848 441//848 527//848
f 393//849 527//849 442//849
f 367//850 443//850 2565//850
f 444//851 2694//851 2717//851
f 444//852 445//852 425//852
f 528//853 500//853 445//853
f 368//854 341//854 2846//854
f 368//855 447//855 341//855
f 450//856 2832//856 507//856
f 475//857 396//857 450//857
f 343//858 533//858 397//858
f 427//859 398//859 370//859
f 398//860 427//860 451//860
f 2878//861 398//861 428//861
f 477//862 452//862 587//862
f 429//863 452//863 477//863
f 453//864 373//864 477//864
f 345//865 453//865 511//865
f 454//866 345//866 511//866
f 535//867 455//867 327//867
f 327//868 455//868 399//868
f 399//869 478//869 374//869
f 399//870 455//870 478//870
f 513//871 400//871 456//871
f 402//872 457//872 406//872
f 514//873 479//873 378//873
f 407//874 479//874 480//874
f 458//875 349//875 480//875
f 430//876 431//876 330//876
f 459//877 517//877 432//877
f 459//878 432//878 332//878
f 331//879 459//879 332//879
f 486//880 460//880 542//880
f 486//881 380//881 460//881
f 381//882 486//882 461//882
f 434//883 543//883 487//883
f 565//884 382//884 463//884
f 382//885 565//885 464//885
f 412//886 518//886 488//886
f 413//887 489//887 546//887
f 546//888 465//888 413//888
f 490//889 465//889 520//889
f 466//890 465//890 490//890
f 492//891 525//891 416//891
f 435//892 417//892 493//892
f 418//893 495//893 436//893
f 437//894 436//894 467//894
f 468//895 437//895 496//895
f 468//896 388//896 437//896
f 2069//897 388//897 468//897
f 2069//898 469//898 388//898
f 361//899 469//899 497//899
f 497//900 498//900 470//900
f 471//901 472//901 470//901
f 438//902 421//902 471//902
f 439//903 438//903 497//903
f 1554//904 473//904 439//904
f 439//905 473//905 499//905
f 440//906 439//906 499//906
f 499//907 552//907 474//907
f 499//908 474//908 441//908
f 2154//909 442//909 527//909
f 443//910 424//910 442//910
f 367//911 2565//911 2663//911
f 367//912 2663//912 2694//912
f 2694//913 2663//913 2717//913
f 528//914 445//914 444//914
f 425//915 394//915 444//915
f 2872//916 394//916 425//916
f 446//917 2872//917 425//917
f 2872//918 446//918 506//918
f 368//919 394//919 2909//919
f 447//920 368//920 2909//920
f 2909//921 448//921 447//921
f 426//922 2899//922 449//922
f 507//923 2832//923 449//923
f 396//924 2832//924 450//924
f 533//925 508//925 397//925
f 427//926 508//926 451//926
f 2809//927 428//927 398//927
f 2786//928 476//928 428//928
f 324//929 510//929 452//929
f 477//930 588//930 453//930
f 453//931 588//931 511//931
f 478//932 455//932 512//932
f 456//933 400//933 478//933
f 456//934 536//934 513//934
f 513//935 457//935 401//935
f 457//936 539//936 406//936
f 479//937 540//937 541//937
f 541//938 480//938 479//938
f 481//939 408//939 591//939
f 481//940 482//940 350//940
f 409//941 482//941 516//941
f 482//942 562//942 516//942
f 1556//943 431//943 430//943
f 517//944 459//944 410//944
f 517//945 410//945 484//945
f 485//946 433//946 432//946
f 1555//947 461//947 543//947
f 1549//948 487//948 543//948
f 462//949 565//949 354//949
f 596//950 518//950 411//950
f 518//951 355//951 411//951
f 518//952 596//952 519//952
f 519//953 488//953 518//953
f 412//954 488//954 489//954
f 491//955 466//955 490//955
f 523//956 490//956 521//956
f 490//957 523//957 491//957
f 491//958 492//958 466//958
f 466//959 492//959 415//959
f 466//960 415//960 414//960
f 524//961 525//961 492//961
f 385//962 384//962 525//962
f 493//963 385//963 525//963
f 435//964 493//964 494//964
f 551//965 494//965 493//965
f 495//966 418//966 494//966
f 467//967 436//967 2104//967
f 467//968 496//968 437//968
f 496//969 467//969 2070//969
f 2070//970 2031//970 496//970
f 468//971 496//971 2031//971
f 497//972 469//972 2029//972
f 472//973 471//973 421//973
f 498//974 438//974 471//974
f 442//975 2154//975 2351//975
f 442//976 2351//976 2495//976
f 2495//977 424//977 442//977
f 500//978 529//978 531//978
f 501//979 531//979 529//979
f 530//980 501//980 577//980
f 530//981 531//981 501//981
f 445//982 500//982 553//982
f 445//983 553//983 502//983
f 445//984 502//984 606//984
f 445//985 502//985 503//985
f 503//986 446//986 445//986
f 446//987 504//987 505//987
f 446//988 505//988 506//988
f 2872//989 506//989 2909//989
f 394//990 2872//990 2909//990
f 2899//991 507//991 449//991
f 450//992 507//992 555//992
f 451//993 2809//993 398//993
f 509//994 428//994 2809//994
f 400//995 513//995 401//995
f 537//996 538//996 457//996
f 457//997 538//997 539//997
f 514//998 540//998 479//998
f 515//999 408//999 458//999
f 515//1000 591//1000 408//1000
f 564//1001 486//1001 542//1001
f 411//1002 464//1002 596//1002
f 545//1003 488//1003 519//1003
f 465//1004 546//1004 547//1004
f 520//1005 573//1005 521//1005
f 521//1006 522//1006 523//1006
f 522//1007 549//1007 523//1007
f 549//1008 491//1008 523//1008
f 491//1009 524//1009 492//1009
f 416//1010 525//1010 384//1010
f 385//1011 493//1011 417//1011
f 551//1012 495//1012 494//1012
f 2199//1013 495//1013 551//1013
f 526//1014 495//1014 575//1014
f 436//1015 495//1015 526//1015
f 526//1016 2104//1016 436//1016
f 2104//1017 2070//1017 467//1017
f 2031//1018 2070//1018 2032//1018
f 2031//1019 2032//1019 2069//1019
f 1998//1020 625//1020 2069//1020
f 469//1021 2069//1021 2029//1021
f 499//1022 473//1022 552//1022
f 441//1023 474//1023 527//1023
f 527//1024 474//1024 552//1024
f 527//1025 552//1025 2154//1025
f 2496//1026 2565//1026 443//1026
f 528//1027 2663//1027 529//1027
f 501//1028 529//1028 2663//1028
f 502//1029 553//1029 606//1029
f 606//1030 503//1030 502//1030
f 503//1031 504//1031 446//1031
f 448//1032 506//1032 505//1032
f 2909//1033 506//1033 448//1033
f 2899//1034 448//1034 2922//1034
f 2899//1035 426//1035 448//1035
f 559//1036 508//1036 533//1036
f 451//1037 508//1037 560//1037
f 451//1038 560//1038 534//1038
f 585//1039 534//1039 560//1039
f 560//1040 583//1040 585//1040
f 584//1041 585//1041 583//1041
f 585//1042 534//1042 451//1042
f 585//1043 509//1043 2809//1043
f 2809//1044 451//1044 534//1044
f 2809//1045 534//1045 585//1045
f 428//1046 509//1046 586//1046
f 2721//1047 2786//1047 586//1047
f 586//1048 2786//1048 428//1048
f 476//1049 2786//1049 691//1049
f 535//1050 511//1050 589//1050
f 590//1051 512//1051 455//1051
f 590//1052 478//1052 512//1052
f 478//1053 590//1053 456//1053
f 406//1054 539//1054 514//1054
f 541//1055 610//1055 670//1055
f 540//1056 610//1056 541//1056
f 638//1057 480//1057 541//1057
f 480//1058 515//1058 458//1058
f 483//1059 592//1059 484//1059
f 485//1060 517//1060 593//1060
f 517//1061 485//1061 432//1061
f 642//1062 487//1062 1549//1062
f 462//1063 487//1063 612//1063
f 462//1064 612//1064 565//1064
f 566//1065 519//1065 544//1065
f 568//1066 489//1066 545//1066
f 489//1067 568//1067 546//1067
f 570//1068 573//1068 569//1068
f 569//1069 520//1069 570//1069
f 569//1070 573//1070 520//1070
f 520//1071 521//1071 490//1071
f 548//1072 521//1072 601//1072
f 548//1073 522//1073 521//1073
f 550//1074 524//1074 549//1074
f 525//1075 550//1075 493//1075
f 551//1076 493//1076 550//1076
f 2199//1077 551//1077 574//1077
f 683//1078 2033//1078 575//1078
f 2032//1079 604//1079 1998//1079
f 2032//1080 1998//1080 2069//1080
f 2030//1081 2029//1081 2069//1081
f 552//1082 1554//1082 2068//1082
f 2068//1083 1554//1083 469//1083
f 1554//1084 552//1084 473//1084
f 2102//1085 2351//1085 2154//1085
f 2495//1086 2494//1086 442//1086
f 2494//1087 443//1087 442//1087
f 2496//1088 2663//1088 2565//1088
f 2663//1089 2496//1089 501//1089
f 2496//1090 577//1090 501//1090
f 578//1091 1551//1091 530//1091
f 531//1092 530//1092 1551//1092
f 500//1093 531//1093 553//1093
f 2912//1094 503//1094 580//1094
f 504//1095 503//1095 2912//1095
f 504//1096 554//1096 505//1096
f 505//1097 2922//1097 448//1097
f 2922//1098 505//1098 2917//1098
f 2899//1099 505//1099 581//1099
f 2899//1100 2922//1100 505//1100
f 507//1101 2879//1101 555//1101
f 556//1102 532//1102 630//1102
f 557//1103 2791//1103 2790//1103
f 2790//1104 2724//1104 557//1104
f 557//1105 532//1105 556//1105
f 533//1106 475//1106 558//1106
f 532//1107 558//1107 450//1107
f 532//1108 450//1108 555//1108
f 450//1109 558//1109 475//1109
f 508//1110 559//1110 560//1110
f 510//1111 476//1111 691//1111
f 452//1112 510//1112 587//1112
f 455//1113 535//1113 1547//1113
f 513//1114 537//1114 457//1114
f 667//1115 636//1115 637//1115
f 637//1116 538//1116 667//1116
f 539//1117 538//1117 637//1117
f 483//1118 516//1118 562//1118
f 483//1119 431//1119 516//1119
f 594//1120 563//1120 433//1120
f 641//1121 543//1121 461//1121
f 595//1122 464//1122 565//1122
f 595//1123 596//1123 464//1123
f 596//1124 643//1124 544//1124
f 596//1125 544//1125 519//1125
f 644//1126 566//1126 544//1126
f 644//1127 544//1127 643//1127
f 567//1128 519//1128 566//1128
f 545//1129 519//1129 567//1129
f 567//1130 599//1130 3210//1130
f 567//1131 3210//1131 545//1131
f 568//1132 3210//1132 600//1132
f 546//1133 568//1133 547//1133
f 547//1134 614//1134 570//1134
f 614//1135 547//1135 568//1135
f 569//1136 547//1136 570//1136
f 569//1137 520//1137 547//1137
f 572//1138 573//1138 570//1138
f 521//1139 573//1139 601//1139
f 522//1140 574//1140 549//1140
f 491//1141 549//1141 524//1141
f 574//1142 550//1142 549//1142
f 575//1143 495//1143 2199//1143
f 526//1144 622//1144 2104//1144
f 2069//1145 625//1145 2030//1145
f 2068//1146 469//1146 2029//1146
f 2351//1147 657//1147 2153//1147
f 2294//1148 2351//1148 2153//1148
f 2493//1149 576//1149 2351//1149
f 576//1150 2495//1150 2351//1150
f 443//1151 2494//1151 577//1151
f 577//1152 2494//1152 2660//1152
f 578//1153 577//1153 2660//1153
f 2660//1154 2495//1154 576//1154
f 2494//1155 2495//1155 2660//1155
f 578//1156 576//1156 1553//1156
f 1551//1157 578//1157 1552//1157
f 1550//1158 553//1158 531//1158
f 503//1159 606//1159 663//1159
f 503//1160 663//1160 579//1160
f 503//1161 579//1161 580//1161
f 554//1162 2912//1162 580//1162
f 2912//1163 554//1163 504//1163
f 554//1164 581//1164 505//1164
f 2879//1165 2899//1165 2900//1165
f 2879//1166 507//1166 2899//1166
f 532//1167 555//1167 630//1167
f 630//1168 2791//1168 556//1168
f 556//1169 2791//1169 557//1169
f 558//1170 582//1170 533//1170
f 533//1171 582//1171 559//1171
f 582//1172 583//1172 559//1172
f 561//1173 511//1173 588//1173
f 535//1174 589//1174 1547//1174
f 1547//1175 590//1175 455//1175
f 667//1176 537//1176 513//1176
f 669//1177 670//1177 610//1177
f 481//1178 591//1178 693//1178
f 674//1179 563//1179 594//1179
f 461//1180 564//1180 641//1180
f 487//1181 642//1181 612//1181
f 675//1182 565//1182 612//1182
f 566//1183 3316//1183 597//1183
f 567//1184 566//1184 597//1184
f 599//1185 567//1185 613//1185
f 613//1186 646//1186 598//1186
f 599//1187 613//1187 598//1187
f 3210//1188 599//1188 600//1188
f 568//1189 600//1189 614//1189
f 570//1190 648//1190 571//1190
f 571//1191 572//1191 570//1191
f 572//1192 571//1192 616//1192
f 572//1193 601//1193 573//1193
f 548//1194 601//1194 618//1194
f 602//1195 619//1195 620//1195
f 522//1196 602//1196 603//1196
f 603//1197 574//1197 522//1197
f 2199//1198 2034//1198 683//1198
f 683//1199 575//1199 2199//1199
f 2033//1200 683//1200 2034//1200
f 683//1201 526//1201 575//1201
f 622//1202 526//1202 683//1202
f 2104//1203 622//1203 2070//1203
f 604//1204 2032//1204 652//1204
f 652//1205 2032//1205 623//1205
f 625//1206 1963//1206 604//1206
f 1998//1207 604//1207 1963//1207
f 1963//1208 625//1208 1998//1208
f 2030//1209 625//1209 684//1209
f 2029//1210 2030//1210 684//1210
f 552//1211 2068//1211 2154//1211
f 2351//1212 2102//1212 657//1212
f 628//1213 2153//1213 2028//1213
f 2067//1214 628//1214 2028//1214
f 2067//1215 2294//1215 628//1215
f 628//1216 2294//1216 2153//1216
f 660//1217 1551//1217 1552//1217
f 606//1218 553//1218 747//1218
f 581//1219 2900//1219 2899//1219
f 2790//1220 2791//1220 718//1220
f 559//1221 583//1221 560//1221
f 585//1222 584//1222 509//1222
f 585//1223 584//1223 607//1223
f 586//1224 509//1224 585//1224
f 2786//1225 2721//1225 690//1225
f 477//1226 587//1226 588//1226
f 723//1227 589//1227 608//1227
f 589//1228 608//1228 1547//1228
f 637//1229 609//1229 539//1229
f 480//1230 638//1230 515//1230
f 515//1231 724//1231 591//1231
f 481//1232 693//1232 611//1232
f 611//1233 482//1233 481//1233
f 482//1234 611//1234 694//1234
f 482//1235 694//1235 562//1235
f 592//1236 483//1236 639//1236
f 592//1237 593//1237 517//1237
f 593//1238 594//1238 485//1238
f 1549//1239 697//1239 642//1239
f 642//1240 730//1240 612//1240
f 595//1241 643//1241 596//1241
f 3316//1242 566//1242 698//1242
f 613//1243 567//1243 597//1243
f 3301//1244 613//1244 597//1244
f 646//1245 613//1245 3301//1245
f 3301//1246 645//1246 646//1246
f 571//1247 648//1247 615//1247
f 3139//1248 615//1248 3172//1248
f 616//1249 571//1249 3139//1249
f 616//1250 3139//1250 3172//1250
f 617//1251 572//1251 616//1251
f 617//1252 601//1252 572//1252
f 619//1253 602//1253 618//1253
f 620//1254 619//1254 651//1254
f 651//1255 2105//1255 620//1255
f 621//1256 574//1256 620//1256
f 603//1257 620//1257 574//1257
f 603//1258 602//1258 620//1258
f 622//1259 683//1259 2033//1259
f 622//1260 652//1260 623//1260
f 2070//1261 622//1261 623//1261
f 2070//1262 623//1262 2032//1262
f 604//1263 624//1263 625//1263
f 605//1264 626//1264 627//1264
f 605//1265 684//1265 626//1265
f 626//1266 657//1266 627//1266
f 2102//1267 605//1267 627//1267
f 657//1268 2102//1268 627//1268
f 2153//1269 657//1269 2028//1269
f 2067//1270 628//1270 2027//1270
f 659//1271 660//1271 1553//1271
f 661//1272 1550//1272 1551//1272
f 661//1273 715//1273 1550//1273
f 1550//1274 715//1274 662//1274
f 1550//1275 662//1275 553//1275
f 686//1276 579//1276 663//1276
f 579//1277 2760//1277 580//1277
f 1548//1278 629//1278 580//1278
f 554//1279 580//1279 629//1279
f 554//1280 629//1280 581//1280
f 2900//1281 581//1281 2879//1281
f 630//1282 664//1282 2879//1282
f 2791//1283 630//1283 2879//1283
f 631//1284 557//1284 582//1284
f 688//1285 689//1285 582//1285
f 632//1286 633//1286 584//1286
f 584//1287 633//1287 607//1287
f 586//1288 607//1288 633//1288
f 586//1289 585//1289 607//1289
f 690//1290 586//1290 665//1290
f 690//1291 665//1291 720//1291
f 690//1292 691//1292 2786//1292
f 634//1293 587//1293 510//1293
f 608//1294 723//1294 791//1294
f 608//1295 791//1295 1547//1295
f 536//1296 456//1296 590//1296
f 590//1297 666//1297 536//1297
f 636//1298 757//1298 637//1298
f 637//1299 757//1299 668//1299
f 637//1300 668//1300 609//1300
f 669//1301 610//1301 668//1301
f 541//1302 670//1302 638//1302
f 515//1303 638//1303 724//1303
f 672//1304 727//1304 592//1304
f 542//1305 563//1305 696//1305
f 542//1306 696//1306 564//1306
f 640//1307 641//1307 564//1307
f 1549//1308 543//1308 641//1308
f 565//1309 675//1309 676//1309
f 565//1310 676//1310 595//1310
f 644//1311 643//1311 698//1311
f 698//1312 566//1312 644//1312
f 698//1313 732//1313 3316//1313
f 3316//1314 732//1314 3329//1314
f 3329//1315 3330//1315 645//1315
f 733//1316 645//1316 3330//1316
f 614//1317 648//1317 570//1317
f 614//1318 678//1318 648//1318
f 649//1319 648//1319 678//1319
f 678//1320 677//1320 649//1320
f 649//1321 677//1321 701//1321
f 679//1322 615//1322 649//1322
f 615//1323 648//1323 649//1323
f 617//1324 616//1324 3142//1324
f 3142//1325 618//1325 601//1325
f 618//1326 3142//1326 617//1326
f 650//1327 681//1327 651//1327
f 650//1328 651//1328 619//1328
f 706//1329 622//1329 2033//1329
f 623//1330 622//1330 706//1330
f 706//1331 652//1331 623//1331
f 604//1332 652//1332 653//1332
f 624//1333 604//1333 653//1333
f 624//1334 653//1334 654//1334
f 684//1335 605//1335 2029//1335
f 684//1336 655//1336 626//1336
f 711//1337 657//1337 626//1337
f 711//1338 626//1338 656//1338
f 711//1339 2028//1339 657//1339
f 2027//1340 628//1340 2028//1340
f 658//1341 628//1341 712//1341
f 1551//1342 660//1342 713//1342
f 661//1343 1551//1343 713//1343
f 662//1344 715//1344 747//1344
f 579//1345 686//1345 2760//1345
f 2760//1346 1548//1346 580//1346
f 581//1347 629//1347 664//1347
f 630//1348 555//1348 2879//1348
f 2790//1349 718//1349 2724//1349
f 689//1350 584//1350 583//1350
f 689//1351 632//1351 584//1351
f 753//1352 633//1352 632//1352
f 586//1353 633//1353 665//1353
f 690//1354 2721//1354 586//1354
f 634//1355 510//1355 691//1355
f 561//1356 722//1356 608//1356
f 561//1357 608//1357 589//1357
f 667//1358 536//1358 666//1358
f 562//1359 671//1359 483//1359
f 671//1360 639//1360 483//1360
f 639//1361 672//1361 592//1361
f 674//1362 594//1362 673//1362
f 696//1363 563//1363 1546//1363
f 696//1364 640//1364 564//1364
f 730//1365 675//1365 612//1365
f 644//1366 643//1366 676//1366
f 879//1367 698//1367 644//1367
f 732//1368 3330//1368 3329//1368
f 3330//1369 732//1369 3315//1369
f 647//1370 598//1370 700//1370
f 678//1371 700//1371 677//1371
f 678//1372 614//1372 600//1372
f 615//1373 679//1373 3194//1373
f 3172//1374 615//1374 3194//1374
f 680//1375 616//1375 3172//1375
f 617//1376 3142//1376 704//1376
f 704//1377 618//1377 617//1377
f 618//1378 704//1378 619//1378
f 619//1379 704//1379 650//1379
f 682//1380 651//1380 681//1380
f 1999//1381 620//1381 2105//1381
f 740//1382 2199//1382 1999//1382
f 652//1383 707//1383 653//1383
f 625//1384 624//1384 684//1384
f 656//1385 626//1385 685//1385
f 2027//1386 2028//1386 711//1386
f 711//1387 712//1387 628//1387
f 661//1388 713//1388 714//1388
f 606//1389 747//1389 783//1389
f 783//1390 686//1390 663//1390
f 606//1391 783//1391 663//1391
f 717//1392 1548//1392 716//1392
f 664//1393 749//1393 2879//1393
f 581//1394 664//1394 2879//1394
f 718//1395 687//1395 2724//1395
f 688//1396 2678//1396 2724//1396
f 719//1397 720//1397 665//1397
f 719//1398 665//1398 633//1398
f 634//1399 691//1399 755//1399
f 692//1400 634//1400 788//1400
f 634//1401 692//1401 587//1401
f 722//1402 723//1402 608//1402
f 758//1403 611//1403 693//1403
f 611//1404 758//1404 694//1404
f 671//1405 562//1405 694//1405
f 726//1406 639//1406 671//1406
f 695//1407 674//1407 673//1407
f 1544//1408 674//1408 695//1408
f 676//1409 879//1409 644//1409
f 765//1410 698//1410 803//1410
f 3330//1411 3315//1411 3343//1411
f 3330//1412 3343//1412 733//1412
f 645//1413 733//1413 699//1413
f 645//1414 699//1414 646//1414
f 3276//1415 646//1415 734//1415
f 646//1416 3276//1416 598//1416
f 3276//1417 700//1417 598//1417
f 701//1418 700//1418 3276//1418
f 701//1419 677//1419 700//1419
f 701//1420 3229//1420 679//1420
f 679//1421 3229//1421 807//1421
f 3194//1422 679//1422 735//1422
f 735//1423 702//1423 3194//1423
f 3194//1424 702//1424 3172//1424
f 3172//1425 702//1425 680//1425
f 680//1426 703//1426 616//1426
f 703//1427 3142//1427 616//1427
f 703//1428 704//1428 3142//1428
f 650//1429 737//1429 681//1429
f 771//1430 681//1430 737//1430
f 681//1431 773//1431 682//1431
f 705//1432 2106//1432 2105//1432
f 705//1433 2105//1433 651//1433
f 2000//1434 2105//1434 2106//1434
f 740//1435 2105//1435 2000//1435
f 2105//1436 740//1436 1999//1436
f 1999//1437 740//1437 1893//1437
f 740//1438 2034//1438 2199//1438
f 2034//1439 706//1439 683//1439
f 706//1440 2033//1440 683//1440
f 706//1441 741//1441 652//1441
f 707//1442 652//1442 741//1442
f 653//1443 707//1443 709//1443
f 709//1444 654//1444 653//1444
f 654//1445 777//1445 624//1445
f 712//1446 656//1446 685//1446
f 712//1447 685//1447 743//1447
f 743//1448 710//1448 712//1448
f 711//1449 628//1449 2027//1449
f 656//1450 712//1450 711//1450
f 658//1451 712//1451 659//1451
f 660//1452 659//1452 744//1452
f 744//1453 745//1453 660//1453
f 713//1454 660//1454 745//1454
f 715//1455 661//1455 714//1455
f 784//1456 716//1456 892//1456
f 686//1457 784//1457 892//1457
f 716//1458 784//1458 785//1458
f 784//1459 2462//1459 785//1459
f 717//1460 716//1460 785//1460
f 822//1461 717//1461 785//1461
f 749//1462 718//1462 2791//1462
f 2791//1463 2879//1463 749//1463
f 634//1464 755//1464 788//1464
f 588//1465 587//1465 692//1465
f 588//1466 692//1466 721//1466
f 588//1467 721//1467 561//1467
f 668//1468 826//1468 669//1468
f 693//1469 591//1469 724//1469
f 725//1470 726//1470 671//1470
f 639//1471 726//1471 672//1471
f 695//1472 673//1472 800//1472
f 1546//1473 833//1473 696//1473
f 641//1474 640//1474 801//1474
f 641//1475 801//1475 728//1475
f 802//1476 697//1476 729//1476
f 1549//1477 729//1477 697//1477
f 697//1478 762//1478 763//1478
f 642//1479 697//1479 763//1479
f 676//1480 675//1480 731//1480
f 765//1481 3315//1481 732//1481
f 698//1482 765//1482 732//1482
f 3343//1483 3315//1483 836//1483
f 3343//1484 836//1484 3314//1484
f 3314//1485 836//1485 804//1485
f 3314//1486 3342//1486 3343//1486
f 3338//1487 3343//1487 3342//1487
f 733//1488 3343//1488 3338//1488
f 734//1489 646//1489 699//1489
f 3302//1490 701//1490 3276//1490
f 735//1491 679//1491 807//1491
f 736//1492 702//1492 735//1492
f 702//1493 1545//1493 680//1493
f 737//1494 704//1494 703//1494
f 771//1495 773//1495 681//1495
f 738//1496 705//1496 682//1496
f 705//1497 738//1497 739//1497
f 2106//1498 705//1498 774//1498
f 683//1499 2034//1499 740//1499
f 816//1500 708//1500 709//1500
f 2109//1501 654//1501 709//1501
f 777//1502 655//1502 684//1502
f 742//1503 778//1503 655//1503
f 743//1504 744//1504 710//1504
f 745//1505 744//1505 782//1505
f 710//1506 744//1506 659//1506
f 712//1507 710//1507 659//1507
f 746//1508 713//1508 745//1508
f 782//1509 746//1509 745//1509
f 853//1510 820//1510 746//1510
f 714//1511 746//1511 820//1511
f 747//1512 821//1512 783//1512
f 748//1513 2725//1513 718//1513
f 748//1514 718//1514 749//1514
f 749//1515 664//1515 748//1515
f 2725//1516 748//1516 664//1516
f 688//1517 557//1517 786//1517
f 688//1518 786//1518 750//1518
f 750//1519 751//1519 688//1519
f 751//1520 689//1520 688//1520
f 689//1521 752//1521 753//1521
f 752//1522 689//1522 895//1522
f 719//1523 754//1523 720//1523
f 787//1524 691//1524 690//1524
f 787//1525 755//1525 691//1525
f 897//1526 788//1526 755//1526
f 789//1527 860//1527 721//1527
f 721//1528 722//1528 561//1528
f 722//1529 860//1529 861//1529
f 1547//1530 791//1530 635//1530
f 756//1531 667//1531 666//1531
f 667//1532 756//1532 636//1532
f 694//1533 758//1533 830//1533
f 797//1534 726//1534 725//1534
f 726//1535 760//1535 672//1535
f 760//1536 759//1536 798//1536
f 760//1537 727//1537 672//1537
f 727//1538 673//1538 593//1538
f 799//1539 800//1539 673//1539
f 1544//1540 1546//1540 674//1540
f 833//1541 1546//1541 1544//1541
f 696//1542 833//1542 801//1542
f 640//1543 696//1543 801//1543
f 801//1544 729//1544 728//1544
f 729//1545 641//1545 728//1545
f 802//1546 761//1546 697//1546
f 642//1547 763//1547 730//1547
f 879//1548 764//1548 834//1548
f 731//1549 834//1549 764//1549
f 676//1550 731//1550 764//1550
f 676//1551 764//1551 879//1551
f 698//1552 879//1552 803//1552
f 765//1553 803//1553 835//1553
f 3315//1554 765//1554 836//1554
f 836//1555 837//1555 804//1555
f 3338//1556 3342//1556 806//1556
f 3331//1557 733//1557 3338//1557
f 733//1558 843//1558 766//1558
f 733//1559 766//1559 699//1559
f 767//1560 699//1560 766//1560
f 734//1561 699//1561 767//1561
f 4905//1562 3230//1562 3302//1562
f 701//1563 3302//1563 3212//1563
f 701//1564 3212//1564 3229//1564
f 807//1565 884//1565 768//1565
f 768//1566 735//1566 807//1566
f 768//1567 736//1567 735//1567
f 768//1568 808//1568 736//1568
f 809//1569 702//1569 736//1569
f 769//1570 702//1570 809//1570
f 1545//1571 770//1571 703//1571
f 1545//1572 703//1572 680//1572
f 811//1573 772//1573 771//1573
f 771//1574 772//1574 773//1574
f 705//1575 739//1575 774//1575
f 2156//1576 774//1576 814//1576
f 850//1577 2106//1577 2035//1577
f 2106//1578 850//1578 2000//1578
f 740//1579 1893//1579 683//1579
f 1893//1580 706//1580 683//1580
f 706//1581 1866//1581 2034//1581
f 1866//1582 1893//1582 706//1582
f 850//1583 741//1583 706//1583
f 741//1584 815//1584 1896//1584
f 741//1585 1896//1585 707//1585
f 707//1586 1896//1586 816//1586
f 707//1587 816//1587 709//1587
f 775//1588 708//1588 817//1588
f 776//1589 709//1589 775//1589
f 708//1590 775//1590 709//1590
f 776//1591 2109//1591 709//1591
f 2109//1592 776//1592 654//1592
f 777//1593 684//1593 624//1593
f 819//1594 778//1594 742//1594
f 2002//1595 743//1595 778//1595
f 779//1596 743//1596 2002//1596
f 781//1597 779//1597 2159//1597
f 780//1598 781//1598 2159//1598
f 3024//1599 780//1599 2159//1599
f 779//1600 781//1600 743//1600
f 782//1601 781//1601 780//1601
f 743//1602 781//1602 744//1602
f 781//1603 782//1603 744//1603
f 715//1604 714//1604 820//1604
f 747//1605 715//1605 821//1605
f 784//1606 686//1606 2462//1606
f 717//1607 2725//1607 664//1607
f 664//1608 629//1608 717//1608
f 687//1609 718//1609 786//1609
f 687//1610 786//1610 557//1610
f 786//1611 718//1611 748//1611
f 750//1612 786//1612 855//1612
f 750//1613 855//1613 751//1613
f 824//1614 895//1614 751//1614
f 753//1615 895//1615 856//1615
f 752//1616 895//1616 753//1616
f 719//1617 753//1617 857//1617
f 858//1618 720//1618 754//1618
f 720//1619 787//1619 690//1619
f 692//1620 788//1620 721//1620
f 789//1621 721//1621 788//1621
f 790//1622 860//1622 789//1622
f 635//1623 791//1623 901//1623
f 901//1624 666//1624 792//1624
f 636//1625 939//1625 902//1625
f 826//1626 668//1626 757//1626
f 669//1627 864//1627 827//1627
f 827//1628 670//1628 669//1628
f 793//1629 638//1629 670//1629
f 724//1630 638//1630 793//1630
f 724//1631 828//1631 794//1631
f 794//1632 830//1632 758//1632
f 830//1633 725//1633 694//1633
f 671//1634 694//1634 725//1634
f 795//1635 797//1635 830//1635
f 796//1636 797//1636 795//1636
f 796//1637 795//1637 831//1637
f 760//1638 726//1638 759//1638
f 796//1639 943//1639 759//1639
f 799//1640 760//1640 798//1640
f 673//1641 727//1641 799//1641
f 761//1642 802//1642 915//1642
f 761//1643 915//1643 877//1643
f 762//1644 761//1644 877//1644
f 916//1645 762//1645 877//1645
f 730//1646 763//1646 731//1646
f 803//1647 953//1647 835//1647
f 804//1648 837//1648 1543//1648
f 805//1649 804//1649 1543//1649
f 3314//1650 804//1650 805//1650
f 3314//1651 805//1651 3342//1651
f 806//1652 3342//1652 840//1652
f 842//1653 3331//1653 806//1653
f 3331//1654 3338//1654 806//1654
f 733//1655 3331//1655 843//1655
f 4905//1656 767//1656 883//1656
f 734//1657 4905//1657 3276//1657
f 767//1658 4905//1658 734//1658
f 4905//1659 844//1659 3230//1659
f 3212//1660 3302//1660 3230//1660
f 3229//1661 3212//1661 807//1661
f 736//1662 808//1662 809//1662
f 886//1663 810//1663 770//1663
f 770//1664 810//1664 703//1664
f 737//1665 703//1665 810//1665
f 771//1666 737//1666 810//1666
f 810//1667 886//1667 811//1667
f 771//1668 810//1668 811//1668
f 739//1669 738//1669 848//1669
f 848//1670 812//1670 739//1670
f 774//1671 739//1671 813//1671
f 2108//1672 850//1672 2035//1672
f 740//1673 850//1673 706//1673
f 816//1674 1896//1674 815//1674
f 851//1675 816//1675 2108//1675
f 2108//1676 889//1676 851//1676
f 708//1677 851//1677 817//1677
f 775//1678 817//1678 2203//1678
f 777//1679 654//1679 776//1679
f 852//1680 818//1680 742//1680
f 818//1681 819//1681 742//1681
f 778//1682 819//1682 2110//1682
f 778//1683 2110//1683 2002//1683
f 2110//1684 779//1684 2002//1684
f 3024//1685 2159//1685 2110//1685
f 780//1686 3024//1686 819//1686
f 1542//1687 746//1687 782//1687
f 890//1688 821//1688 820//1688
f 2408//1689 785//1689 2462//1689
f 2725//1690 822//1690 2679//1690
f 2725//1691 556//1691 786//1691
f 786//1692 748//1692 2725//1692
f 857//1693 753//1693 856//1693
f 857//1694 754//1694 719//1694
f 787//1695 720//1695 825//1695
f 787//1696 825//1696 938//1696
f 860//1697 790//1697 859//1697
f 861//1698 862//1698 723//1698
f 900//1699 863//1699 862//1699
f 862//1700 863//1700 723//1700
f 791//1701 723//1701 901//1701
f 792//1702 635//1702 901//1702
f 792//1703 666//1703 635//1703
f 901//1704 756//1704 666//1704
f 756//1705 901//1705 939//1705
f 756//1706 939//1706 636//1706
f 724//1707 793//1707 828//1707
f 794//1708 829//1708 795//1708
f 830//1709 794//1709 795//1709
f 794//1710 758//1710 693//1710
f 724//1711 794//1711 693//1711
f 832//1712 796//1712 831//1712
f 832//1713 831//1713 866//1713
f 759//1714 943//1714 798//1714
f 875//1715 799//1715 798//1715
f 917//1716 878//1716 763//1716
f 731//1717 952//1717 834//1717
f 834//1718 953//1718 803//1718
f 836//1719 765//1719 835//1719
f 835//1720 837//1720 836//1720
f 805//1721 1543//1721 880//1721
f 3342//1722 3337//1722 840//1722
f 3337//1723 920//1723 840//1723
f 881//1724 840//1724 960//1724
f 842//1725 806//1725 840//1725
f 842//1726 843//1726 3331//1726
f 882//1727 843//1727 3339//1727
f 882//1728 766//1728 843//1728
f 882//1729 767//1729 766//1729
f 882//1730 883//1730 767//1730
f 4905//1731 883//1731 844//1731
f 3230//1732 845//1732 3212//1732
f 3212//1733 845//1733 807//1733
f 846//1734 768//1734 884//1734
f 808//1735 768//1735 846//1735
f 769//1736 809//1736 847//1736
f 848//1737 738//1737 773//1737
f 848//1738 773//1738 1007//1738
f 2156//1739 814//1739 889//1739
f 2035//1740 2156//1740 2108//1740
f 740//1741 2000//1741 850//1741
f 706//1742 1893//1742 740//1742
f 850//1743 815//1743 741//1743
f 927//1744 969//1744 817//1744
f 969//1745 928//1745 817//1745
f 928//1746 2203//1746 817//1746
f 2203//1747 932//1747 972//1747
f 2203//1748 776//1748 775//1748
f 776//1749 852//1749 777//1749
f 819//1750 3024//1750 2110//1750
f 2110//1751 2159//1751 779//1751
f 715//1752 820//1752 821//1752
f 784//1753 892//1753 2462//1753
f 785//1754 2462//1754 892//1754
f 892//1755 716//1755 785//1755
f 936//1756 854//1756 976//1756
f 785//1757 854//1757 936//1757
f 785//1758 936//1758 2408//1758
f 936//1759 822//1759 785//1759
f 2679//1760 936//1760 976//1760
f 822//1761 2725//1761 717//1761
f 751//1762 855//1762 824//1762
f 857//1763 896//1763 754//1763
f 937//1764 720//1764 858//1764
f 720//1765 937//1765 825//1765
f 938//1766 825//1766 937//1766
f 860//1767 859//1767 899//1767
f 723//1768 863//1768 901//1768
f 902//1769 939//1769 1020//1769
f 902//1770 757//1770 636//1770
f 826//1771 757//1771 940//1771
f 826//1772 864//1772 669//1772
f 864//1773 865//1773 827//1773
f 670//1774 827//1774 793//1774
f 866//1775 831//1775 987//1775
f 866//1776 988//1776 832//1776
f 943//1777 796//1777 832//1777
f 874//1778 875//1778 867//1778
f 867//1779 868//1779 874//1779
f 907//1780 869//1780 868//1780
f 870//1781 945//1781 871//1781
f 872//1782 870//1782 871//1782
f 872//1783 911//1783 873//1783
f 873//1784 911//1784 912//1784
f 873//1785 912//1785 868//1785
f 868//1786 869//1786 873//1786
f 869//1787 870//1787 873//1787
f 872//1788 873//1788 870//1788
f 874//1789 868//1789 912//1789
f 874//1790 800//1790 875//1790
f 800//1791 799//1791 875//1791
f 695//1792 800//1792 996//1792
f 996//1793 1544//1793 695//1793
f 876//1794 833//1794 1544//1794
f 914//1795 729//1795 801//1795
f 802//1796 729//1796 914//1796
f 731//1797 878//1797 952//1797
f 953//1798 1036//1798 835//1798
f 954//1799 955//1799 839//1799
f 839//1800 955//1800 918//1800
f 880//1801 1543//1801 1541//1801
f 1541//1802 958//1802 880//1802
f 3342//1803 805//1803 3337//1803
f 920//1804 960//1804 840//1804
f 881//1805 841//1805 840//1805
f 840//1806 841//1806 842//1806
f 842//1807 841//1807 3339//1807
f 842//1808 3339//1808 843//1808
f 844//1809 3213//1809 3230//1809
f 884//1810 807//1810 845//1810
f 885//1811 809//1811 808//1811
f 847//1812 885//1812 923//1812
f 809//1813 885//1813 847//1813
f 769//1814 847//1814 886//1814
f 769//1815 886//1815 770//1815
f 770//1816 1545//1816 769//1816
f 770//1817 886//1817 847//1817
f 924//1818 811//1818 1049//1818
f 811//1819 924//1819 772//1819
f 848//1820 925//1820 812//1820
f 812//1821 925//1821 849//1821
f 887//1822 812//1822 849//1822
f 926//1823 813//1823 887//1823
f 887//1824 813//1824 812//1824
f 774//1825 813//1825 814//1825
f 889//1826 814//1826 967//1826
f 888//1827 889//1827 967//1827
f 2156//1828 889//1828 2108//1828
f 2108//1829 816//1829 815//1829
f 850//1830 2108//1830 815//1830
f 928//1831 931//1831 932//1831
f 932//1832 2203//1832 928//1832
f 852//1833 972//1833 818//1833
f 818//1834 972//1834 2410//1834
f 820//1835 1054//1835 933//1835
f 820//1836 933//1836 890//1836
f 891//1837 821//1837 2680//1837
f 890//1838 2680//1838 821//1838
f 891//1839 783//1839 747//1839
f 892//1840 893//1840 716//1840
f 854//1841 785//1841 893//1841
f 716//1842 893//1842 785//1842
f 2574//1843 976//1843 894//1843
f 2725//1844 2679//1844 824//1844
f 2725//1845 824//1845 855//1845
f 895//1846 1056//1846 856//1846
f 856//1847 977//1847 857//1847
f 1059//1848 1060//1848 896//1848
f 896//1849 1060//1849 754//1849
f 1060//1850 1102//1850 858//1850
f 1061//1851 938//1851 937//1851
f 978//1852 979//1852 898//1852
f 898//1853 788//1853 897//1853
f 788//1854 898//1854 790//1854
f 788//1855 790//1855 789//1855
f 898//1856 859//1856 790//1856
f 981//1857 1062//1857 899//1857
f 899//1858 861//1858 860//1858
f 861//1859 899//1859 862//1859
f 901//1860 863//1860 900//1860
f 903//1861 827//1861 865//1861
f 903//1862 828//1862 793//1862
f 794//1863 828//1863 904//1863
f 986//1864 794//1864 904//1864
f 794//1865 986//1865 829//1865
f 831//1866 829//1866 905//1866
f 829//1867 831//1867 795//1867
f 943//1868 832//1868 988//1868
f 906//1869 867//1869 875//1869
f 867//1870 907//1870 868//1870
f 869//1871 907//1871 908//1871
f 908//1872 909//1872 869//1872
f 869//1873 909//1873 870//1873
f 909//1874 1064//1874 870//1874
f 870//1875 1106//1875 945//1875
f 946//1876 871//1876 945//1876
f 946//1877 947//1877 910//1877
f 910//1878 993//1878 946//1878
f 871//1879 946//1879 993//1879
f 871//1880 993//1880 994//1880
f 871//1881 994//1881 1030//1881
f 911//1882 871//1882 1030//1882
f 949//1883 874//1883 912//1883
f 995//1884 949//1884 912//1884
f 911//1885 995//1885 912//1885
f 874//1886 949//1886 800//1886
f 800//1887 949//1887 996//1887
f 1544//1888 913//1888 876//1888
f 913//1889 876//1889 1112//1889
f 1112//1890 876//1890 1544//1890
f 876//1891 913//1891 833//1891
f 833//1892 801//1892 913//1892
f 801//1893 913//1893 1113//1893
f 802//1894 914//1894 997//1894
f 1071//1895 877//1895 915//1895
f 1033//1896 916//1896 877//1896
f 950//1897 916//1897 1033//1897
f 916//1898 951//1898 917//1898
f 916//1899 917//1899 762//1899
f 803//1900 879//1900 834//1900
f 1036//1901 1037//1901 835//1901
f 838//1902 837//1902 1037//1902
f 839//1903 838//1903 954//1903
f 839//1904 918//1904 1541//1904
f 919//1905 920//1905 3337//1905
f 805//1906 919//1906 3337//1906
f 841//1907 881//1907 962//1907
f 3341//1908 841//1908 962//1908
f 3341//1909 3333//1909 3340//1909
f 3341//1910 3340//1910 3339//1910
f 844//1911 883//1911 3277//1911
f 3230//1912 3213//1912 921//1912
f 846//1913 1047//1913 922//1913
f 846//1914 922//1914 808//1914
f 922//1915 885//1915 808//1915
f 885//1916 964//1916 1005//1916
f 965//1917 923//1917 885//1917
f 847//1918 923//1918 886//1918
f 811//1919 886//1919 923//1919
f 923//1920 1049//1920 811//1920
f 1007//1921 773//1921 772//1921
f 1007//1922 925//1922 848//1922
f 888//1923 851//1923 889//1923
f 927//1924 928//1924 969//1924
f 929//1925 931//1925 928//1925
f 929//1926 928//1926 1011//1926
f 930//1927 929//1927 1011//1927
f 929//1928 930//1928 931//1928
f 970//1929 931//1929 930//1929
f 776//1930 972//1930 852//1930
f 776//1931 2203//1931 972//1931
f 852//1932 972//1932 932//1932
f 3021//1933 852//1933 932//1933
f 3021//1934 972//1934 852//1934
f 821//1935 891//1935 747//1935
f 891//1936 934//1936 892//1936
f 891//1937 892//1937 686//1937
f 891//1938 686//1938 783//1938
f 893//1939 892//1939 1018//1939
f 935//1940 854//1940 893//1940
f 1056//1941 894//1941 976//1941
f 1056//1942 894//1942 2574//1942
f 2574//1943 894//1943 824//1943
f 1056//1944 824//1944 894//1944
f 894//1945 895//1945 824//1945
f 894//1946 1056//1946 895//1946
f 856//1947 1056//1947 1057//1947
f 977//1948 856//1948 1057//1948
f 896//1949 857//1949 1059//1949
f 1060//1950 858//1950 754//1950
f 858//1951 1102//1951 937//1951
f 938//1952 978//1952 897//1952
f 938//1953 1061//1953 978//1953
f 897//1954 755//1954 938//1954
f 938//1955 755//1955 787//1955
f 859//1956 898//1956 979//1956
f 983//1957 900//1957 862//1957
f 1021//1958 902//1958 1020//1958
f 793//1959 827//1959 903//1959
f 828//1960 941//1960 904//1960
f 903//1961 904//1961 941//1961
f 942//1962 987//1962 905//1962
f 831//1963 905//1963 987//1963
f 943//1964 906//1964 798//1964
f 867//1965 906//1965 944//1965
f 944//1966 989//1966 867//1966
f 907//1967 867//1967 989//1967
f 1106//1968 870//1968 1064//1968
f 948//1969 947//1969 1027//1969
f 948//1970 1070//1970 910//1970
f 910//1971 1070//1971 993//1971
f 993//1972 1110//1972 994//1972
f 1031//1973 995//1973 911//1973
f 949//1974 995//1974 996//1974
f 995//1975 1544//1975 996//1975
f 801//1976 1113//1976 914//1976
f 950//1977 951//1977 916//1977
f 878//1978 917//1978 952//1978
f 952//1979 1036//1979 834//1979
f 953//1980 834//1980 1036//1980
f 1037//1981 954//1981 838//1981
f 999//1982 1039//1982 918//1982
f 956//1983 999//1983 918//1983
f 955//1984 956//1984 918//1984
f 958//1985 1541//1985 957//1985
f 880//1986 958//1986 919//1986
f 959//1987 919//1987 1001//1987
f 919//1988 959//1988 920//1988
f 1041//1989 881//1989 960//1989
f 961//1990 962//1990 881//1990
f 3333//1991 3341//1991 962//1991
f 3333//1992 1043//1992 3340//1992
f 3339//1993 3340//1993 882//1993
f 883//1994 882//1994 3332//1994
f 883//1995 3332//1995 3277//1995
f 3277//1996 3213//1996 844//1996
f 3277//1997 1045//1997 3213//1997
f 845//1998 3230//1998 921//1998
f 921//1999 1003//1999 845//1999
f 963//2000 846//2000 884//2000
f 963//2001 884//2001 1003//2001
f 922//2002 964//2002 885//2002
f 1049//2003 1006//2003 924//2003
f 772//2004 924//2004 1088//2004
f 1007//2005 772//2005 1088//2005
f 1051//2006 849//2006 1050//2006
f 887//2007 849//2007 966//2007
f 926//2008 887//2008 1008//2008
f 926//2009 814//2009 813//2009
f 926//2010 967//2010 814//2010
f 888//2011 968//2011 1010//2011
f 888//2012 1010//2012 927//2012
f 928//2013 969//2013 1011//2013
f 1011//2014 969//2014 1010//2014
f 929//2015 1012//2015 930//2015
f 1094//2016 970//2016 930//2016
f 931//2017 971//2017 932//2017
f 3021//2018 2410//2018 972//2018
f 820//2019 853//2019 2410//2019
f 2410//2020 1054//2020 820//2020
f 1013//2021 890//2021 933//2021
f 890//2022 1015//2022 973//2022
f 2726//2023 891//2023 973//2023
f 2680//2024 973//2024 891//2024
f 892//2025 974//2025 1018//2025
f 934//2026 974//2026 892//2026
f 1018//2027 1019//2027 893//2027
f 935//2028 893//2028 1019//2028
f 935//2029 1019//2029 1055//2029
f 854//2030 975//2030 976//2030
f 936//2031 976//2031 2536//2031
f 1057//2032 857//2032 977//2032
f 1057//2033 1058//2033 977//2033
f 857//2034 977//2034 1058//2034
f 1058//2035 1059//2035 857//2035
f 1061//2036 937//2036 1102//2036
f 979//2037 981//2037 859//2037
f 979//2038 980//2038 981//2038
f 981//2039 1138//2039 1062//2039
f 862//2040 899//2040 1062//2040
f 982//2041 862//2041 1062//2041
f 982//2042 1062//2042 983//2042
f 982//2043 983//2043 862//2043
f 864//2044 984//2044 865//2044
f 985//2045 903//2045 865//2045
f 903//2046 941//2046 828//2046
f 829//2047 986//2047 905//2047
f 944//2048 943//2048 988//2048
f 906//2049 943//2049 944//2049
f 990//2050 907//2050 989//2050
f 907//2051 990//2051 991//2051
f 991//2052 908//2052 907//2052
f 948//2053 1027//2053 1028//2053
f 948//2054 1028//2054 992//2054
f 1069//2055 1029//2055 1067//2055
f 1069//2056 1067//2056 1068//2056
f 1070//2057 1109//2057 1147//2057
f 992//2058 1109//2058 1070//2058
f 1069//2059 1109//2059 992//2059
f 992//2060 1029//2060 1069//2060
f 948//2061 992//2061 1070//2061
f 1148//2062 994//2062 1110//2062
f 1148//2063 1030//2063 994//2063
f 1031//2064 1030//2064 1111//2064
f 995//2065 1031//2065 1032//2065
f 1544//2066 996//2066 1032//2066
f 995//2067 1032//2067 996//2067
f 1149//2068 1113//2068 913//2068
f 997//2069 914//2069 1113//2069
f 997//2070 915//2070 802//2070
f 950//2071 1115//2071 1034//2071
f 1034//2072 1537//2072 998//2072
f 998//2073 950//2073 1034//2073
f 950//2074 998//2074 951//2074
f 917//2075 1035//2075 952//2075
f 954//2076 1072//2076 955//2076
f 956//2077 955//2077 1116//2077
f 1116//2078 1074//2078 956//2078
f 999//2079 956//2079 1074//2079
f 999//2080 1076//2080 1039//2080
f 957//2081 918//2081 1039//2081
f 957//2082 1039//2082 1038//2082
f 1038//2083 958//2083 957//2083
f 1038//2084 1000//2084 958//2084
f 958//2085 1000//2085 1001//2085
f 1000//2086 1077//2086 1001//2086
f 920//2087 959//2087 960//2087
f 1043//2088 3280//2088 1002//2088
f 1002//2089 3340//2089 1043//2089
f 1002//2090 1044//2090 3340//2090
f 3340//2091 1044//2091 3332//2091
f 3332//2092 882//2092 3340//2092
f 3277//2093 3332//2093 3251//2093
f 3277//2094 3251//2094 1045//2094
f 1003//2095 921//2095 1046//2095
f 1003//2096 1004//2096 963//2096
f 963//2097 1047//2097 846//2097
f 964//2098 922//2098 1048//2098
f 1085//2099 965//2099 1005//2099
f 1049//2100 965//2100 1085//2100
f 923//2101 965//2101 1049//2101
f 1049//2102 1086//2102 1006//2102
f 1127//2103 1087//2103 924//2103
f 1127//2104 924//2104 1006//2104
f 849//2105 925//2105 1050//2105
f 926//2106 1008//2106 1009//2106
f 969//2107 927//2107 1010//2107
f 971//2108 931//2108 970//2108
f 3021//2109 932//2109 971//2109
f 1054//2110 1095//2110 933//2110
f 933//2111 2362//2111 1205//2111
f 933//2112 1205//2112 1013//2112
f 1013//2113 1250//2113 1014//2113
f 890//2114 1013//2114 1015//2114
f 973//2115 2680//2115 890//2115
f 974//2116 1017//2116 1016//2116
f 974//2117 1016//2117 1097//2117
f 891//2118 2726//2118 1017//2118
f 2726//2119 973//2119 1017//2119
f 1055//2120 1018//2120 1019//2120
f 935//2121 1055//2121 854//2121
f 976//2122 975//2122 1056//2122
f 1057//2123 1059//2123 1058//2123
f 1138//2124 981//2124 980//2124
f 900//2125 983//2125 1140//2125
f 864//2126 826//2126 940//2126
f 940//2127 984//2127 864//2127
f 985//2128 1022//2128 1023//2128
f 1023//2129 903//2129 985//2129
f 903//2130 1023//2130 941//2130
f 986//2131 941//2131 1023//2131
f 941//2132 986//2132 904//2132
f 866//2133 987//2133 1063//2133
f 866//2134 1024//2134 988//2134
f 1024//2135 989//2135 988//2135
f 1024//2136 1025//2136 989//2136
f 990//2137 989//2137 1025//2137
f 946//2138 945//2138 1065//2138
f 947//2139 946//2139 1066//2139
f 1066//2140 1065//2140 1107//2140
f 992//2141 1028//2141 1189//2141
f 1189//2142 1029//2142 992//2142
f 1069//2143 1147//2143 1109//2143
f 1110//2144 993//2144 1070//2144
f 1030//2145 1148//2145 1111//2145
f 1544//2146 1032//2146 1112//2146
f 1149//2147 913//2147 1112//2147
f 997//2148 1113//2148 1114//2148
f 997//2149 1114//2149 915//2149
f 915//2150 1114//2150 1150//2150
f 1072//2151 951//2151 998//2151
f 955//2152 1072//2152 1116//2152
f 1074//2153 1153//2153 999//2153
f 999//2154 1153//2154 1075//2154
f 1117//2155 1038//2155 1039//2155
f 919//2156 958//2156 1001//2156
f 1077//2157 1000//2157 1119//2157
f 1077//2158 1040//2158 959//2158
f 1077//2159 959//2159 1001//2159
f 960//2160 1040//2160 1041//2160
f 1078//2161 1041//2161 1040//2161
f 1042//2162 961//2162 1120//2162
f 1043//2163 962//2163 1042//2163
f 962//2164 1043//2164 3333//2164
f 1043//2165 1080//2165 3280//2165
f 1002//2166 3280//2166 1044//2166
f 1081//2167 1044//2167 3280//2167
f 3213//2168 1045//2168 1046//2168
f 1046//2169 921//2169 3213//2169
f 1003//2170 1046//2170 1165//2170
f 1003//2171 1165//2171 1124//2171
f 1124//2172 1004//2172 1003//2172
f 1125//2173 1083//2173 1047//2173
f 1125//2174 1047//2174 1004//2174
f 1047//2175 1083//2175 1048//2175
f 1048//2176 922//2176 1047//2176
f 1049//2177 1126//2177 1086//2177
f 1127//2178 1006//2178 1086//2178
f 1007//2179 1089//2179 925//2179
f 968//2180 967//2180 1009//2180
f 1011//2181 1012//2181 929//2181
f 930//2182 1012//2182 1132//2182
f 1132//2183 1094//2183 930//2183
f 1052//2184 2410//2184 971//2184
f 2410//2185 932//2185 972//2185
f 1053//2186 972//2186 932//2186
f 1053//2187 1095//2187 972//2187
f 2410//2188 972//2188 1054//2188
f 2362//2189 933//2189 1095//2189
f 1176//2190 1014//2190 1096//2190
f 1013//2191 1096//2191 1014//2191
f 1177//2192 1176//2192 1096//2192
f 1097//2193 1015//2193 1014//2193
f 1097//2194 1016//2194 1017//2194
f 1015//2195 1017//2195 973//2195
f 1015//2196 1097//2196 1017//2196
f 1097//2197 1018//2197 974//2197
f 1019//2198 1100//2198 1099//2198
f 975//2199 1055//2199 1134//2199
f 1210//2200 1060//2200 1059//2200
f 1061//2201 1136//2201 978//2201
f 1179//2202 979//2202 978//2202
f 1179//2203 980//2203 979//2203
f 979//2204 1138//2204 980//2204
f 1140//2205 983//2205 1213//2205
f 1020//2206 1214//2206 1021//2206
f 984//2207 1215//2207 1181//2207
f 985//2208 984//2208 1143//2208
f 865//2209 984//2209 985//2209
f 905//2210 986//2210 942//2210
f 1063//2211 1024//2211 866//2211
f 945//2212 1106//2212 1065//2212
f 1065//2213 1066//2213 946//2213
f 1108//2214 1027//2214 1066//2214
f 1028//2215 1027//2215 1219//2215
f 1068//2216 1067//2216 3368//2216
f 1068//2217 3368//2217 3369//2217
f 3369//2218 1526//2218 1068//2218
f 1068//2219 1526//2219 1190//2219
f 1111//2220 1032//2220 1031//2220
f 1071//2221 1150//2221 1223//2221
f 1033//2222 1071//2222 1115//2222
f 1033//2223 877//2223 1071//2223
f 1540//2224 917//2224 951//2224
f 1072//2225 954//2225 1073//2225
f 1000//2226 1038//2226 1118//2226
f 1040//2227 1195//2227 1078//2227
f 1078//2228 1158//2228 1041//2228
f 1041//2229 1158//2229 1079//2229
f 1042//2230 1120//2230 1121//2230
f 1080//2231 1043//2231 1042//2231
f 1122//2232 1163//2232 1081//2232
f 1080//2233 1122//2233 1081//2233
f 1080//2234 1081//2234 3280//2234
f 1082//2235 1044//2235 1123//2235
f 3251//2236 1044//2236 1082//2236
f 3251//2237 1082//2237 1045//2237
f 1082//2238 1200//2238 1045//2238
f 963//2239 1004//2239 1047//2239
f 1125//2240 1235//2240 1083//2240
f 1539//2241 964//2241 1237//2241
f 1237//2242 964//2242 1048//2242
f 1005//2243 964//2243 1539//2243
f 1202//2244 1005//2244 1539//2244
f 1005//2245 1084//2245 1085//2245
f 1088//2246 924//2246 1087//2246
f 1088//2247 1089//2247 1007//2247
f 925//2248 1128//2248 1050//2248
f 1245//2249 1051//2249 1050//2249
f 887//2250 966//2250 1008//2250
f 968//2251 1091//2251 1010//2251
f 1011//2252 1010//2252 1091//2252
f 1169//2253 1092//2253 1091//2253
f 1011//2254 1091//2254 1092//2254
f 1092//2255 1130//2255 1093//2255
f 1012//2256 1092//2256 1093//2256
f 1093//2257 1132//2257 1012//2257
f 1174//2258 970//2258 1094//2258
f 2410//2259 3021//2259 971//2259
f 932//2260 2410//2260 1053//2260
f 2203//2261 972//2261 1095//2261
f 1018//2262 1097//2262 1178//2262
f 1098//2263 1178//2263 1099//2263
f 1098//2264 1099//2264 1100//2264
f 1098//2265 1100//2265 1019//2265
f 1018//2266 1098//2266 1019//2266
f 1178//2267 1098//2267 1018//2267
f 1531//2268 1099//2268 1178//2268
f 1100//2269 1055//2269 1019//2269
f 1101//2270 1207//2270 1134//2270
f 1055//2271 1101//2271 1134//2271
f 1207//2272 1101//2272 1055//2272
f 1134//2273 1056//2273 975//2273
f 1057//2274 1056//2274 1134//2274
f 1057//2275 1135//2275 1058//2275
f 1060//2276 1210//2276 1102//2276
f 1102//2277 1211//2277 1253//2277
f 1102//2278 1136//2278 1061//2278
f 1062//2279 1138//2279 1139//2279
f 940//2280 1021//2280 1141//2280
f 984//2281 940//2281 1141//2281
f 984//2282 1181//2282 1143//2282
f 1103//2283 1022//2283 1143//2283
f 1022//2284 985//2284 1143//2284
f 1104//2285 942//2285 986//2285
f 1538//2286 942//2286 1184//2286
f 942//2287 1104//2287 1184//2287
f 1185//2288 1063//2288 987//2288
f 1146//2289 1025//2289 1216//2289
f 991//2290 1146//2290 1105//2290
f 908//2291 991//2291 1026//2291
f 1536//2292 1187//2292 1026//2292
f 1026//2293 1187//2293 1064//2293
f 1066//2294 1107//2294 1108//2294
f 1219//2295 1027//2295 1108//2295
f 1526//2296 3369//2296 3347//2296
f 1068//2297 1190//2297 1069//2297
f 1069//2298 1190//2298 1191//2298
f 1191//2299 1147//2299 1109//2299
f 1191//2300 1109//2300 1069//2300
f 1147//2301 1298//2301 1070//2301
f 1192//2302 1220//2302 1111//2302
f 1112//2303 1032//2303 1220//2303
f 1112//2304 1220//2304 1149//2304
f 1222//2305 1113//2305 1149//2305
f 1072//2306 1537//2306 1152//2306
f 1537//2307 1072//2307 998//2307
f 1074//2308 1116//2308 1152//2308
f 1074//2309 1152//2309 1153//2309
f 1075//2310 1153//2310 1193//2310
f 1271//2311 1154//2311 1075//2311
f 1075//2312 1154//2312 1076//2312
f 1076//2313 1117//2313 1039//2313
f 1038//2314 1117//2314 1118//2314
f 1119//2315 1000//2315 1118//2315
f 1120//2316 1079//2316 1159//2316
f 1197//2317 1533//2317 1120//2317
f 1120//2318 1533//2318 1160//2318
f 1121//2319 1120//2319 1160//2319
f 1121//2320 1080//2320 1042//2320
f 1121//2321 1122//2321 1080//2321
f 1160//2322 1161//2322 1163//2322
f 1160//2323 1163//2323 1122//2323
f 1081//2324 1164//2324 1123//2324
f 3278//2325 1081//2325 1044//2325
f 1082//2326 1123//2326 1199//2326
f 1046//2327 1045//2327 1200//2327
f 1165//2328 1279//2328 1124//2328
f 1128//2329 1245//2329 1050//2329
f 1129//2330 1009//2330 1008//2330
f 1090//2331 1009//2331 1129//2331
f 1090//2332 968//2332 1009//2332
f 1091//2333 968//2333 1090//2333
f 1091//2334 1090//2334 1204//2334
f 1091//2335 1204//2335 1169//2335
f 1169//2336 1170//2336 1130//2336
f 1130//2337 1092//2337 1169//2337
f 1093//2338 1130//2338 1131//2338
f 1093//2339 1131//2339 1171//2339
f 1093//2340 1171//2340 1172//2340
f 1133//2341 971//2341 1174//2341
f 1095//2342 2362//2342 2203//2342
f 1177//2343 1531//2343 1176//2343
f 1206//2344 1531//2344 1177//2344
f 1206//2345 1099//2345 1531//2345
f 1206//2346 1207//2346 1099//2346
f 1100//2347 1099//2347 1207//2347
f 1207//2348 1101//2348 1100//2348
f 1055//2349 1100//2349 1101//2349
f 1208//2350 1134//2350 1207//2350
f 1135//2351 1059//2351 1058//2351
f 1102//2352 1210//2352 1211//2352
f 1136//2353 1102//2353 1253//2353
f 1179//2354 978//2354 1137//2354
f 1283//2355 1179//2355 1137//2355
f 1283//2356 1137//2356 1136//2356
f 978//2357 1136//2357 1137//2357
f 1179//2358 1212//2358 1138//2358
f 1180//2359 1138//2359 1212//2359
f 1062//2360 1139//2360 1286//2360
f 1215//2361 984//2361 1141//2361
f 1183//2362 1022//2362 1103//2362
f 1063//2363 1144//2363 1024//2363
f 1024//2364 1144//2364 1145//2364
f 1216//2365 1025//2365 1145//2365
f 991//2366 1025//2366 1146//2366
f 991//2367 1105//2367 1026//2367
f 1105//2368 1536//2368 1026//2368
f 1218//2369 1064//2369 1187//2369
f 1218//2370 1106//2370 1064//2370
f 1218//2371 1188//2371 1106//2371
f 1535//2372 1029//2372 1189//2372
f 3374//2373 1526//2373 3347//2373
f 1191//2374 1190//2374 1266//2374
f 1148//2375 1267//2375 1111//2375
f 1267//2376 1192//2376 1111//2376
f 1032//2377 1111//2377 1220//2377
f 1152//2378 1537//2378 1534//2378
f 1152//2379 1269//2379 1153//2379
f 1271//2380 1075//2380 1193//2380
f 1155//2381 1117//2381 1076//2381
f 1157//2382 1118//2382 1156//2382
f 1156//2383 1226//2383 1157//2383
f 1157//2384 1226//2384 1227//2384
f 1118//2385 1157//2385 1119//2385
f 1077//2386 1119//2386 1194//2386
f 1040//2387 1077//2387 1195//2387
f 1078//2388 1228//2388 1158//2388
f 1158//2389 1196//2389 1159//2389
f 1196//2390 1197//2390 1159//2390
f 1079//2391 1158//2391 1159//2391
f 1160//2392 1122//2392 1121//2392
f 1162//2393 1161//2393 1229//2393
f 1123//2394 1044//2394 1081//2394
f 1004//2395 1201//2395 1125//2395
f 1087//2396 1242//2396 1088//2396
f 1244//2397 1128//2397 1089//2397
f 1128//2398 925//2398 1089//2398
f 1166//2399 1167//2399 1246//2399
f 1051//2400 1246//2400 1167//2400
f 1008//2401 1051//2401 1168//2401
f 1008//2402 1168//2402 1129//2402
f 966//2403 1051//2403 1008//2403
f 1129//2404 1247//2404 1090//2404
f 1248//2405 1170//2405 1169//2405
f 1171//2406 1130//2406 1170//2406
f 1130//2407 1171//2407 1131//2407
f 1093//2408 1172//2408 1132//2408
f 1094//2409 1132//2409 1173//2409
f 1133//2410 1174//2410 1173//2410
f 1094//2411 1173//2411 1174//2411
f 1173//2412 1175//2412 1052//2412
f 1173//2413 1052//2413 1133//2413
f 971//2414 1133//2414 1052//2414
f 2203//2415 2255//2415 2362//2415
f 1096//2416 2362//2416 1205//2416
f 1250//2417 1096//2417 1205//2417
f 1250//2418 1176//2418 1096//2418
f 1176//2419 1531//2419 1178//2419
f 1097//2420 1176//2420 1178//2420
f 1014//2421 1176//2421 1097//2421
f 1058//2422 1057//2422 1134//2422
f 1058//2423 1134//2423 1135//2423
f 1135//2424 1134//2424 1208//2424
f 1527//2425 1209//2425 1135//2425
f 1059//2426 1251//2426 1210//2426
f 1210//2427 1252//2427 1211//2427
f 1139//2428 1138//2428 1180//2428
f 983//2429 1062//2429 1139//2429
f 1213//2430 983//2430 1286//2430
f 1214//2431 1140//2431 1213//2431
f 1214//2432 1020//2432 1140//2432
f 1182//2433 1290//2433 1103//2433
f 1182//2434 1103//2434 1143//2434
f 1023//2435 1022//2435 1183//2435
f 1183//2436 1104//2436 1023//2436
f 1185//2437 1144//2437 1063//2437
f 1145//2438 1186//2438 1216//2438
f 1187//2439 1536//2439 1260//2439
f 1106//2440 1188//2440 1065//2440
f 1065//2441 1188//2441 1107//2441
f 3368//2442 1264//2442 3369//2442
f 1264//2443 3347//2443 3369//2443
f 1070//2444 1298//2444 1110//2444
f 1298//2445 1267//2445 1110//2445
f 1148//2446 1110//2446 1267//2446
f 1115//2447 1151//2447 1034//2447
f 1152//2448 1534//2448 1269//2448
f 1224//2449 1271//2449 1331//2449
f 1076//2450 1154//2450 1155//2450
f 1272//2451 1155//2451 1224//2451
f 1225//2452 1155//2452 1272//2452
f 1117//2453 1155//2453 1225//2453
f 1156//2454 1118//2454 1226//2454
f 1118//2455 1117//2455 1225//2455
f 1118//2456 1225//2456 1226//2456
f 1195//2457 1077//2457 1194//2457
f 1195//2458 1273//2458 1228//2458
f 1196//2459 1158//2459 1273//2459
f 1195//2460 1228//2460 1078//2460
f 1196//2461 1275//2461 1197//2461
f 1197//2462 1275//2462 1198//2462
f 1161//2463 1160//2463 1277//2463
f 1162//2464 1230//2464 1232//2464
f 1229//2465 1230//2465 1162//2465
f 1278//2466 1163//2466 1162//2466
f 1162//2467 1163//2467 1161//2467
f 1163//2468 1164//2468 1081//2468
f 1199//2469 1123//2469 1311//2469
f 1200//2470 1082//2470 1199//2470
f 1200//2471 1165//2471 1046//2471
f 1279//2472 1165//2472 1200//2472
f 1124//2473 1279//2473 1004//2473
f 1201//2474 1004//2474 1233//2474
f 1235//2475 1234//2475 1340//2475
f 1280//2476 1237//2476 1236//2476
f 1532//2477 1342//2477 1239//2477
f 1532//2478 1239//2478 1240//2478
f 1167//2479 1166//2479 1203//2479
f 1203//2480 1051//2480 1167//2480
f 1051//2481 1203//2481 1168//2481
f 1129//2482 1168//2482 1203//2482
f 1203//2483 1247//2483 1129//2483
f 1247//2484 1204//2484 1090//2484
f 1248//2485 1169//2485 1204//2485
f 1171//2486 1250//2486 1172//2486
f 1250//2487 1249//2487 1172//2487
f 1172//2488 1249//2488 1175//2488
f 1132//2489 1172//2489 1175//2489
f 1175//2490 1173//2490 1132//2490
f 1175//2491 1249//2491 1052//2491
f 1095//2492 1249//2492 1205//2492
f 1095//2493 1205//2493 2362//2493
f 1530//2494 1207//2494 1206//2494
f 1135//2495 1209//2495 1251//2495
f 1059//2496 1135//2496 1251//2496
f 1518//2497 1253//2497 1211//2497
f 1519//2498 1136//2498 1253//2498
f 1212//2499 1284//2499 1180//2499
f 1214//2500 1213//2500 1515//2500
f 1141//2501 1021//2501 1214//2501
f 1142//2502 1181//2502 1215//2502
f 1181//2503 1142//2503 1289//2503
f 1182//2504 1143//2504 1181//2504
f 1105//2505 1146//2505 1217//2505
f 1218//2506 1187//2506 1260//2506
f 1260//2507 1353//2507 1218//2507
f 1261//2508 1107//2508 1188//2508
f 1262//2509 1108//2509 1107//2509
f 1219//2510 1189//2510 1028//2510
f 1263//2511 1189//2511 1219//2511
f 1295//2512 1189//2512 1263//2512
f 1295//2513 1535//2513 1189//2513
f 1067//2514 1535//2514 3368//2514
f 1296//2515 1264//2515 3368//2515
f 1265//2516 1190//2516 1526//2516
f 1191//2517 1298//2517 1297//2517
f 1297//2518 1298//2518 1147//2518
f 1222//2519 1221//2519 1330//2519
f 1113//2520 1222//2520 1114//2520
f 1299//2521 1114//2521 1222//2521
f 1115//2522 1223//2522 1151//2522
f 1224//2523 1331//2523 1332//2523
f 1224//2524 1332//2524 1301//2524
f 1227//2525 1226//2525 1302//2525
f 1303//2526 1227//2526 1302//2526
f 1194//2527 1119//2527 1157//2527
f 1157//2528 1305//2528 1194//2528
f 1273//2529 1228//2529 1305//2529
f 1273//2530 1158//2530 1228//2530
f 1275//2531 1196//2531 1273//2531
f 1198//2532 1275//2532 1307//2532
f 1393//2533 1230//2533 1308//2533
f 1229//2534 1308//2534 1230//2534
f 1231//2535 1230//2535 1393//2535
f 1230//2536 1231//2536 1232//2536
f 1278//2537 1162//2537 1232//2537
f 1278//2538 1164//2538 1163//2538
f 1312//2539 1279//2539 1200//2539
f 1233//2540 1004//2540 1279//2540
f 1313//2541 1234//2541 1201//2541
f 1234//2542 1235//2542 1201//2542
f 1236//2543 1237//2543 1235//2543
f 1236//2544 1235//2544 1340//2544
f 1235//2545 1237//2545 1083//2545
f 1237//2546 1202//2546 1539//2546
f 1084//2547 1202//2547 1341//2547
f 1238//2548 1084//2548 1341//2548
f 1239//2549 1342//2549 1240//2549
f 1240//2550 1086//2550 1532//2550
f 1516//2551 1241//2551 1521//2551
f 1521//2552 1241//2552 1240//2552
f 1127//2553 1086//2553 1240//2553
f 1127//2554 1241//2554 1516//2554
f 1522//2555 1242//2555 1241//2555
f 1241//2556 1516//2556 1522//2556
f 1087//2557 1127//2557 1242//2557
f 1242//2558 1127//2558 1241//2558
f 1522//2559 1315//2559 1242//2559
f 1088//2560 1243//2560 1089//2560
f 1517//2561 1244//2561 1243//2561
f 1244//2562 1089//2562 1243//2562
f 1245//2563 1246//2563 1051//2563
f 1203//2564 1166//2564 1528//2564
f 1204//2565 1247//2565 1529//2565
f 1204//2566 1529//2566 1248//2566
f 1170//2567 1248//2567 1531//2567
f 1176//2568 1171//2568 1170//2568
f 1052//2569 1249//2569 1053//2569
f 1053//2570 1249//2570 1095//2570
f 1250//2571 1205//2571 1249//2571
f 1171//2572 1176//2572 1250//2572
f 1135//2573 1208//2573 1530//2573
f 1207//2574 1530//2574 1208//2574
f 1251//2575 1282//2575 1210//2575
f 1252//2576 1210//2576 1282//2576
f 1518//2577 1211//2577 1252//2577
f 1136//2578 1519//2578 1283//2578
f 1212//2579 1179//2579 1317//2579
f 1520//2580 1180//2580 1284//2580
f 1256//2581 1520//2581 1254//2581
f 1256//2582 1254//2582 1255//2582
f 1343//2583 1255//2583 1314//2583
f 1343//2584 1314//2584 1285//2584
f 1343//2585 1285//2585 1255//2585
f 1285//2586 1320//2586 1255//2586
f 1255//2587 1320//2587 1256//2587
f 1257//2588 1180//2588 1256//2588
f 1257//2589 1256//2589 1286//2589
f 1515//2590 1213//2590 1287//2590
f 1289//2591 1142//2591 1288//2591
f 1182//2592 1181//2592 1289//2592
f 1184//2593 1104//2593 1183//2593
f 1291//2594 1258//2594 1538//2594
f 1258//2595 1292//2595 1538//2595
f 1145//2596 1144//2596 1186//2596
f 1324//2597 1325//2597 1260//2597
f 1353//2598 1261//2598 1188//2598
f 1375//2599 1107//2599 1261//2599
f 1219//2600 1108//2600 1262//2600
f 1219//2601 1262//2601 1294//2601
f 3357//2602 1535//2602 3356//2602
f 1327//2603 1379//2603 1264//2603
f 3374//2604 3347//2604 1327//2604
f 1328//2605 1355//2605 1265//2605
f 1298//2606 1297//2606 1356//2606
f 1149//2607 1220//2607 1221//2607
f 1192//2608 1221//2608 1220//2608
f 1149//2609 1221//2609 1222//2609
f 1330//2610 1299//2610 1222//2610
f 1299//2611 1150//2611 1114//2611
f 1268//2612 1534//2612 1151//2612
f 1269//2613 1534//2613 1300//2613
f 1269//2614 1193//2614 1153//2614
f 1305//2615 1195//2615 1194//2615
f 1306//2616 1334//2616 1274//2616
f 1274//2617 1273//2617 1306//2617
f 1274//2618 1275//2618 1273//2618
f 1276//2619 1160//2619 1533//2619
f 1276//2620 1277//2620 1160//2620
f 1231//2621 1393//2621 1337//2621
f 1311//2622 1164//2622 1278//2622
f 1200//2623 1199//2623 1312//2623
f 1201//2624 1233//2624 1339//2624
f 1280//2625 1236//2625 1398//2625
f 1237//2626 1280//2626 1202//2626
f 1341//2627 1202//2627 1280//2627
f 1532//2628 1084//2628 1238//2628
f 1240//2629 1314//2629 1521//2629
f 1240//2630 1241//2630 1127//2630
f 1243//2631 1088//2631 1242//2631
f 1282//2632 1251//2632 1166//2632
f 1518//2633 1252//2633 1316//2633
f 1316//2634 1517//2634 1518//2634
f 1317//2635 1179//2635 1283//2635
f 1212//2636 1317//2636 1284//2636
f 1520//2637 1284//2637 1525//2637
f 1255//2638 1521//2638 1314//2638
f 1320//2639 1285//2639 1346//2639
f 1286//2640 1256//2640 1513//2640
f 1321//2641 1215//2641 1141//2641
f 1322//2642 1142//2642 1215//2642
f 1322//2643 1215//2643 1321//2643
f 1103//2644 1290//2644 1291//2644
f 1103//2645 1291//2645 1183//2645
f 1538//2646 1292//2646 1185//2646
f 1293//2647 1185//2647 1292//2647
f 1292//2648 1348//2648 1293//2648
f 1185//2649 1293//2649 1144//2649
f 1293//2650 1186//2650 1144//2650
f 1324//2651 1105//2651 1217//2651
f 1107//2652 1375//2652 1262//2652
f 1406//2653 1263//2653 1377//2653
f 1294//2654 1377//2654 1263//2654
f 1294//2655 1263//2655 1219//2655
f 3356//2656 1535//2656 1295//2656
f 3357//2657 3356//2657 3368//2657
f 1327//2658 3347//2658 1264//2658
f 3374//2659 1328//2659 1265//2659
f 1266//2660 1265//2660 1355//2660
f 1421//2661 1266//2661 1355//2661
f 1191//2662 1266//2662 1514//2662
f 1191//2663 1514//2663 1380//2663
f 1191//2664 1380//2664 1297//2664
f 1297//2665 1380//2665 1356//2665
f 1192//2666 1329//2666 1221//2666
f 1223//2667 1150//2667 1357//2667
f 1269//2668 1270//2668 1193//2668
f 1301//2669 1272//2669 1224//2669
f 1272//2670 1333//2670 1359//2670
f 1302//2671 1272//2671 1359//2671
f 1225//2672 1272//2672 1302//2672
f 1226//2673 1225//2673 1302//2673
f 1304//2674 1227//2674 1303//2674
f 1227//2675 1304//2675 1157//2675
f 1304//2676 1305//2676 1157//2676
f 1305//2677 1304//2677 1306//2677
f 1273//2678 1305//2678 1306//2678
f 1334//2679 1306//2679 1387//2679
f 1274//2680 1307//2680 1275//2680
f 1307//2681 1391//2681 1198//2681
f 1335//2682 1198//2682 1276//2682
f 1335//2683 1229//2683 1277//2683
f 1336//2684 1229//2684 1335//2684
f 1339//2685 1279//2685 1364//2685
f 1233//2686 1279//2686 1339//2686
f 1398//2687 1365//2687 1280//2687
f 1238//2688 1341//2688 1281//2688
f 1240//2689 1342//2689 1314//2689
f 1242//2690 1315//2690 1243//2690
f 1245//2691 1244//2691 1316//2691
f 1246//2692 1245//2692 1316//2692
f 1282//2693 1246//2693 1252//2693
f 1518//2694 1517//2694 1524//2694
f 1254//2695 1520//2695 1521//2695
f 1255//2696 1254//2696 1521//2696
f 1285//2697 1343//2697 1478//2697
f 1285//2698 1343//2698 1318//2698
f 1344//2699 1285//2699 1318//2699
f 1344//2700 1345//2700 1319//2700
f 1344//2701 1319//2701 1285//2701
f 1319//2702 1346//2702 1285//2702
f 1513//2703 1256//2703 1320//2703
f 1513//2704 1213//2704 1286//2704
f 1287//2705 1213//2705 1513//2705
f 1215//2706 1321//2706 1515//2706
f 1322//2707 1321//2707 1515//2707
f 1322//2708 1515//2708 1287//2708
f 1142//2709 1322//2709 1369//2709
f 1182//2710 1289//2710 1290//2710
f 1323//2711 1258//2711 1291//2711
f 1323//2712 1347//2712 1258//2712
f 1258//2713 1347//2713 1292//2713
f 1293//2714 1259//2714 1186//2714
f 1186//2715 1259//2715 1350//2715
f 1216//2716 1350//2716 1402//2716
f 1105//2717 1324//2717 1536//2717
f 1374//2718 1351//2718 1403//2718
f 1403//2719 1325//2719 1374//2719
f 1262//2720 1326//2720 1294//2720
f 1377//2721 1294//2721 1326//2721
f 1354//2722 3374//2722 1327//2722
f 1459//2723 3358//2723 1354//2723
f 1267//2724 1298//2724 1356//2724
f 1267//2725 1329//2725 1192//2725
f 1329//2726 1330//2726 1221//2726
f 1329//2727 1267//2727 1407//2727
f 1330//2728 1221//2728 1192//2728
f 1407//2729 1299//2729 1330//2729
f 1299//2730 1357//2730 1150//2730
f 1268//2731 1223//2731 1357//2731
f 1534//2732 1268//2732 1300//2732
f 1300//2733 1270//2733 1269//2733
f 1193//2734 1358//2734 1382//2734
f 1193//2735 1382//2735 1271//2735
f 1382//2736 1331//2736 1271//2736
f 1332//2737 1331//2737 1430//2737
f 1301//2738 1332//2738 1383//2738
f 1301//2739 3385//2739 1333//2739
f 1272//2740 1301//2740 1333//2740
f 1384//2741 1333//2741 1301//2741
f 1333//2742 1384//2742 1359//2742
f 1302//2743 1359//2743 1360//2743
f 3366//2744 1303//2744 1302//2744
f 3361//2745 3344//2745 1303//2745
f 1303//2746 3344//2746 1304//2746
f 1334//2747 1387//2747 1388//2747
f 1307//2748 1274//2748 1334//2748
f 1393//2749 1414//2749 1337//2749
f 1232//2750 1231//2750 1310//2750
f 1199//2751 1311//2751 1338//2751
f 1338//2752 1312//2752 1199//2752
f 1364//2753 1395//2753 1339//2753
f 1201//2754 1339//2754 1395//2754
f 1395//2755 1313//2755 1201//2755
f 1396//2756 1234//2756 1313//2756
f 1314//2757 1342//2757 1478//2757
f 1314//2758 1478//2758 1343//2758
f 1343//2759 1344//2759 1318//2759
f 1345//2760 1344//2760 1464//2760
f 1319//2761 1345//2761 1367//2761
f 1400//2762 1319//2762 1367//2762
f 1400//2763 1346//2763 1319//2763
f 1513//2764 1346//2764 1368//2764
f 1320//2765 1346//2765 1513//2765
f 1369//2766 1288//2766 1142//2766
f 1347//2767 1348//2767 1292//2767
f 1347//2768 1349//2768 1348//2768
f 1259//2769 1293//2769 1348//2769
f 1372//2770 1259//2770 1349//2770
f 1373//2771 1324//2771 1217//2771
f 1373//2772 1374//2772 1324//2772
f 1260//2773 1325//2773 1403//2773
f 1352//2774 1260//2774 1403//2774
f 1353//2775 1260//2775 1352//2775
f 3356//2776 1296//2776 3373//2776
f 1296//2777 3368//2777 3373//2777
f 1378//2778 1417//2778 1296//2778
f 1296//2779 1417//2779 1264//2779
f 1264//2780 1417//2780 1379//2780
f 1354//2781 3358//2781 3374//2781
f 1328//2782 3381//2782 1420//2782
f 1328//2783 1420//2783 1355//2783
f 1381//2784 1514//2784 1421//2784
f 1380//2785 1514//2785 1381//2785
f 1407//2786 1330//2786 1329//2786
f 1299//2787 1407//2787 1357//2787
f 1408//2788 1270//2788 1300//2788
f 1410//2789 1382//2789 1358//2789
f 1410//2790 1358//2790 1193//2790
f 1332//2791 1430//2791 1383//2791
f 3385//2792 1301//2792 1383//2792
f 3385//2793 1384//2793 1333//2793
f 1384//2794 1360//2794 1359//2794
f 1458//2795 3370//2795 3366//2795
f 1386//2796 3361//2796 3370//2796
f 1386//2797 1361//2797 3361//2797
f 3344//2798 3361//2798 1304//2798
f 1306//2799 1361//2799 1387//2799
f 3321//2800 1390//2800 1334//2800
f 1307//2801 1334//2801 1390//2801
f 1391//2802 1307//2802 1390//2802
f 1336//2803 1335//2803 1392//2803
f 1413//2804 1308//2804 1336//2804
f 1405//2805 1472//2805 1337//2805
f 1472//2806 1309//2806 1337//2806
f 1362//2807 1310//2807 1231//2807
f 1309//2808 1362//2808 1231//2808
f 1310//2809 1362//2809 1394//2809
f 1232//2810 1310//2810 1278//2810
f 1278//2811 1310//2811 1363//2811
f 1363//2812 1311//2812 1278//2812
f 1341//2813 1365//2813 1366//2813
f 1344//2814 1343//2814 1478//2814
f 1344//2815 1479//2815 1464//2815
f 1464//2816 1465//2816 1345//2816
f 1345//2817 1465//2817 1367//2817
f 1400//2818 1368//2818 1346//2818
f 1513//2819 1368//2819 1287//2819
f 1322//2820 1287//2820 1368//2820
f 1322//2821 1368//2821 1369//2821
f 1290//2822 1370//2822 1291//2822
f 1370//2823 1483//2823 1291//2823
f 1401//2824 1347//2824 1371//2824
f 1348//2825 1349//2825 1259//2825
f 1486//2826 1259//2826 1372//2826
f 1469//2827 1374//2827 1373//2827
f 1353//2828 1375//2828 1261//2828
f 1375//2829 1404//2829 1326//2829
f 1262//2830 1375//2830 1326//2830
f 1376//2831 1326//2831 1405//2831
f 1327//2832 1419//2832 1354//2832
f 1429//2833 3358//2833 1459//2833
f 3374//2834 3358//2834 3381//2834
f 3381//2835 3358//2835 1429//2835
f 1355//2836 1410//2836 1421//2836
f 1381//2837 1408//2837 1409//2837
f 1381//2838 1409//2838 1380//2838
f 1357//2839 1407//2839 1409//2839
f 1381//2840 1270//2840 1408//2840
f 1381//2841 1410//2841 1270//2841
f 3385//2842 1333//2842 1432//2842
f 3385//2843 1432//2843 1384//2843
f 1384//2844 1432//2844 1360//2844
f 1360//2845 1432//2845 1385//2845
f 1385//2846 3366//2846 1360//2846
f 3370//2847 3361//2847 1303//2847
f 3361//2848 1361//2848 1304//2848
f 1386//2849 1387//2849 1361//2849
f 1386//2850 1388//2850 1387//2850
f 1388//2851 1389//2851 1334//2851
f 1389//2852 1390//2852 3321//2852
f 3321//2853 1334//2853 1389//2853
f 1435//2854 1391//2854 1390//2854
f 1435//2855 1335//2855 1391//2855
f 1392//2856 1335//2856 1435//2856
f 1308//2857 1413//2857 1393//2857
f 1376//2858 1414//2858 1415//2858
f 1376//2859 1337//2859 1414//2859
f 1461//2860 1363//2860 1310//2860
f 1461//2861 1310//2861 1394//2861
f 1461//2862 1462//2862 1338//2862
f 1364//2863 1312//2863 1462//2863
f 1364//2864 1474//2864 1462//2864
f 1364//2865 1474//2865 1395//2865
f 1280//2866 1365//2866 1341//2866
f 1477//2867 1366//2867 1365//2867
f 1342//2868 1281//2868 1366//2868
f 1491//2869 1367//2869 1465//2869
f 1367//2870 1399//2870 1480//2870
f 1400//2871 1369//2871 1368//2871
f 1288//2872 1369//2872 1481//2872
f 1290//2873 1289//2873 1370//2873
f 1347//2874 1323//2874 1371//2874
f 1401//2875 1371//2875 1485//2875
f 1347//2876 1401//2876 1349//2876
f 1372//2877 1349//2877 1468//2877
f 1495//2878 1350//2878 1486//2878
f 1350//2879 1495//2879 1402//2879
f 1216//2880 1402//2880 1217//2880
f 1373//2881 1217//2881 1402//2881
f 1352//2882 1403//2882 1471//2882
f 1497//2883 1353//2883 1352//2883
f 1375//2884 1353//2884 1404//2884
f 1404//2885 1405//2885 1326//2885
f 1326//2886 1376//2886 1377//2886
f 1377//2887 1376//2887 1415//2887
f 1406//2888 1416//2888 1263//2888
f 1416//2889 1446//2889 1295//2889
f 1378//2890 1296//2890 3356//2890
f 1408//2891 1300//2891 1357//2891
f 1409//2892 1408//2892 1357//2892
f 1268//2893 1357//2893 1300//2893
f 1380//2894 1409//2894 1407//2894
f 1383//2895 1430//2895 3384//2895
f 1333//2896 1411//2896 1432//2896
f 1458//2897 3366//2897 1385//2897
f 1386//2898 3370//2898 3363//2898
f 1422//2899 1388//2899 3363//2899
f 1386//2900 3363//2900 1388//2900
f 1423//2901 1388//2901 1422//2901
f 1388//2902 1423//2902 1389//2902
f 1436//2903 1412//2903 1445//2903
f 1412//2904 1392//2904 1445//2904
f 1437//2905 1436//2905 1445//2905
f 1412//2906 1413//2906 1336//2906
f 1413//2907 1414//2907 1393//2907
f 1406//2908 1377//2908 1415//2908
f 1415//2909 1436//2909 1406//2909
f 1263//2910 1416//2910 1295//2910
f 1418//2911 1419//2911 1379//2911
f 1418//2912 1379//2912 1417//2912
f 1418//2913 1417//2913 1438//2913
f 1427//2914 1419//2914 1418//2914
f 1418//2915 1439//2915 1427//2915
f 1427//2916 1439//2916 1424//2916
f 1428//2917 1354//2917 1419//2917
f 1459//2918 3381//2918 1429//2918
f 1459//2919 3382//2919 3381//2919
f 1382//2920 1410//2920 1355//2920
f 1421//2921 1410//2921 1381//2921
f 1431//2922 1383//2922 3384//2922
f 3385//2923 1411//2923 1333//2923
f 1458//2924 1433//2924 3370//2924
f 3370//2925 1433//2925 3363//2925
f 1422//2926 1444//2926 1423//2926
f 1389//2927 1423//2927 3367//2927
f 1434//2928 1390//2928 1389//2928
f 1435//2929 1434//2929 3355//2929
f 1434//2930 3355//2930 1454//2930
f 1435//2931 1434//2931 1454//2931
f 1415//2932 1413//2932 1436//2932
f 3365//2933 3356//2933 1446//2933
f 3365//2934 1378//2934 3356//2934
f 1457//2935 1426//2935 1425//2935
f 1426//2936 1427//2936 1424//2936
f 1425//2937 1426//2937 1424//2937
f 1441//2938 1459//2938 1428//2938
f 3382//2939 1429//2939 1420//2939
f 1429//2940 3382//2940 1431//2940
f 1429//2941 1431//2941 1420//2941
f 1430//2942 1420//2942 1431//2942
f 1420//2943 1430//2943 1382//2943
f 1430//2944 1431//2944 3384//2944
f 1431//2945 1441//2945 1442//2945
f 1383//2946 1431//2946 1442//2946
f 1383//2947 1442//2947 3385//2947
f 1442//2948 1411//2948 3385//2948
f 1442//2949 1457//2949 1411//2949
f 1385//2950 1432//2950 1450//2950
f 1450//2951 1451//2951 1385//2951
f 1451//2952 1458//2952 1385//2952
f 1433//2953 1458//2953 1451//2953
f 3363//2954 1444//2954 1422//2954
f 1389//2955 3367//2955 1434//2955
f 1434//2956 1435//2956 1390//2956
f 1454//2957 1392//2957 1435//2957
f 1436//2958 1413//2958 1412//2958
f 1436//2959 1416//2959 1406//2959
f 1446//2960 1437//2960 1445//2960
f 1446//2961 3372//2961 3365//2961
f 3372//2962 1378//2962 3365//2962
f 1455//2963 1378//2963 1447//2963
f 1439//2964 1418//2964 1438//2964
f 1440//2965 1439//2965 1452//2965
f 1440//2966 1449//2966 1424//2966
f 1425//2967 1424//2967 1449//2967
f 1439//2968 1440//2968 1424//2968
f 1450//2969 1457//2969 1425//2969
f 1426//2970 1441//2970 1428//2970
f 1426//2971 1428//2971 1427//2971
f 1427//2972 1428//2972 1419//2972
f 1432//2973 1411//2973 1457//2973
f 1433//2974 1448//2974 1443//2974
f 1433//2975 1443//2975 3363//2975
f 1445//2976 1392//2976 1454//2976
f 1445//2977 3372//2977 1446//2977
f 3401//2978 1378//2978 3372//2978
f 1438//2979 1378//2979 1455//2979
f 1440//2980 1448//2980 1449//2980
f 1425//2981 1449//2981 1450//2981
f 1457//2982 1450//2982 1432//2982
f 1433//2983 1451//2983 1448//2983
f 1448//2984 1452//2984 1443//2984
f 3367//2985 1423//2985 1453//2985
f 3355//2986 1454//2986 3364//2986
f 3355//2987 3364//2987 3362//2987
f 3362//2988 1445//2988 1454//2988
f 1445//2989 3362//2989 3372//2989
f 3364//2990 3372//2990 3362//2990
f 3355//2991 3362//2991 1454//2991
f 1453//2992 1455//2992 1447//2992
f 1444//2993 1443//2993 1452//2993
f 1453//2994 1423//2994 1444//2994
f 1434//2995 3367//2995 3364//2995
f 1438//2996 1455//2996 1439//2996
f 1448//2997 1440//2997 1452//2997
f 1452//2998 1453//2998 1444//2998
f 3367//2999 1447//2999 3364//2999
f 3367//3000 1453//3000 1447//3000
f 1456//3001 1453//3001 1452//3001
f 1452//3002 1455//3002 1456//3002
f 1455//3003 1452//3003 1439//3003
f 1456//3004 1455//3004 1453//3004
f 3364//3005 3355//3005 1434//3005
f 1434//3006 3355//3006 3367//3006
f 1448//3007 1451//3007 1449//3007
f 1449//3008 1451//3008 1450//3008
f 3401//3009 1447//3009 1378//3009
f 3401//3010 3364//3010 1447//3010
f 3364//3011 3401//3011 3372//3011
f 1437//3012 1446//3012 1416//3012
f 1437//3013 1416//3013 1436//3013
f 1441//3014 1457//3014 1442//3014
f 1457//3015 1441//3015 1426//3015
f 1444//3016 3363//3016 1443//3016
f 1459//3017 1431//3017 3382//3017
f 1431//3018 3375//3018 1430//3018
f 1355//3019 1420//3019 1382//3019
f 1441//3020 1431//3020 1459//3020
f 1378//3021 1438//3021 1417//3021
f 1446//3022 3356//3022 1295//3022
f 1414//3023 1413//3023 1415//3023
f 3382//3024 1420//3024 3381//3024
f 1419//3025 1327//3025 1379//3025
f 1460//3026 1362//3026 1488//3026
f 1394//3027 1362//3027 1460//3027
f 1338//3028 1363//3028 1461//3028
f 1313//3029 1395//3029 1396//3029
f 1234//3030 1397//3030 1340//3030
f 1397//3031 1463//3031 1340//3031
f 1340//3032 1463//3032 1398//3032
f 1342//3033 1366//3033 1479//3033
f 1464//3034 1477//3034 1465//3034
f 1465//3035 1490//3035 1503//3035
f 1491//3036 1512//3036 1399//3036
f 1466//3037 1289//3037 1288//3037
f 1370//3038 1289//3038 1466//3038
f 1466//3039 1483//3039 1370//3039
f 1371//3040 1483//3040 1467//3040
f 1485//3041 1371//3041 1467//3041
f 1372//3042 1468//3042 1494//3042
f 1470//3043 1374//3043 1469//3043
f 1470//3044 1351//3044 1374//3044
f 1353//3045 1497//3045 1404//3045
f 1337//3046 1376//3046 1405//3046
f 1309//3047 1472//3047 1362//3047
f 1506//3048 1460//3048 1488//3048
f 1489//3049 1394//3049 1473//3049
f 1489//3050 1473//3050 1507//3050
f 1394//3051 1489//3051 1461//3051
f 1338//3052 1462//3052 1312//3052
f 1395//3053 1509//3053 1510//3053
f 1510//3054 1475//3054 1395//3054
f 1396//3055 1395//3055 1475//3055
f 1463//3056 1476//3056 1398//3056
f 1476//3057 1365//3057 1398//3057
f 1490//3058 1365//3058 1476//3058
f 1365//3059 1490//3059 1477//3059
f 1479//3060 1478//3060 1342//3060
f 1479//3061 1477//3061 1464//3061
f 1367//3062 1480//3062 1369//3062
f 1481//3063 1369//3063 1480//3063
f 1288//3064 1481//3064 1482//3064
f 1482//3065 1466//3065 1288//3065
f 1483//3066 1466//3066 1484//3066
f 1483//3067 1371//3067 1323//3067
f 1484//3068 1467//3068 1483//3068
f 1492//3069 1484//3069 1512//3069
f 1349//3070 1493//3070 1468//3070
f 1486//3071 1372//3071 1494//3071
f 1351//3072 1487//3072 1403//3072
f 1351//3073 1505//3073 1487//3073
f 1488//3074 1362//3074 1472//3074
f 1473//3075 1394//3075 1460//3075
f 1461//3076 1489//3076 1462//3076
f 1462//3077 1489//3077 1474//3077
f 1395//3078 1474//3078 1509//3078
f 1475//3079 1510//3079 1496//3079
f 1396//3080 1510//3080 1475//3080
f 1499//3081 1463//3081 1511//3081
f 1397//3082 1511//3082 1463//3082
f 1490//3083 1476//3083 1503//3083
f 1477//3084 1490//3084 1465//3084
f 1503//3085 1491//3085 1465//3085
f 1503//3086 1492//3086 1491//3086
f 1512//3087 1491//3087 1492//3087
f 1484//3088 1492//3088 1467//3088
f 1493//3089 1401//3089 1485//3089
f 1493//3090 1349//3090 1401//3090
f 1486//3091 1504//3091 1495//3091
f 1469//3092 1495//3092 1504//3092
f 1470//3093 1469//3093 1496//3093
f 1351//3094 1470//3094 1505//3094
f 1487//3095 1506//3095 1471//3095
f 1487//3096 1471//3096 1403//3096
f 1472//3097 1471//3097 1488//3097
f 1405//3098 1404//3098 1472//3098
f 1472//3099 1497//3099 1471//3099
f 1404//3100 1497//3100 1472//3100
f 1473//3101 1460//3101 1507//3101
f 1474//3102 1489//3102 1509//3102
f 1498//3103 1396//3103 1475//3103
f 1498//3104 1475//3104 1496//3104
f 1396//3105 1498//3105 1511//3105
f 1511//3106 1397//3106 1396//3106
f 1494//3107 1499//3107 1511//3107
f 1476//3108 1501//3108 1502//3108
f 1503//3109 1476//3109 1502//3109
f 1503//3110 1500//3110 1492//3110
f 1500//3111 1467//3111 1492//3111
f 1500//3112 1493//3112 1485//3112
f 1476//3113 1463//3113 1501//3113
f 1499//3114 1468//3114 1493//3114
f 1501//3115 1463//3115 1499//3115
f 1499//3116 1493//3116 1501//3116
f 1503//3117 1502//3117 1500//3117
f 1493//3118 1500//3118 1502//3118
f 1501//3119 1493//3119 1502//3119
f 1467//3120 1500//3120 1485//3120
f 1468//3121 1499//3121 1494//3121
f 1511//3122 1486//3122 1494//3122
f 1496//3123 1469//3123 1504//3123
f 1506//3124 1508//3124 1460//3124
f 1507//3125 1460//3125 1508//3125
f 1508//3126 1506//3126 1487//3126
f 1506//3127 1488//3127 1471//3127
f 1507//3128 1508//3128 1509//3128
f 1489//3129 1507//3129 1509//3129
f 1505//3130 1509//3130 1508//3130
f 1508//3131 1487//3131 1505//3131
f 1505//3132 1510//3132 1509//3132
f 1505//3133 1470//3133 1510//3133
f 1470//3134 1496//3134 1510//3134
f 1496//3135 1504//3135 1498//3135
f 1511//3136 1498//3136 1504//3136
f 1504//3137 1486//3137 1511//3137
f 1469//3138 1402//3138 1495//3138
f 1402//3139 1469//3139 1373//3139
f 1512//3140 1481//3140 1480//3140
f 1367//3141 1480//3141 1481//3141
f 1367//3142 1369//3142 1400//3142
f 1466//3143 1482//3143 1484//3143
f 1482//3144 1512//3144 1484//3144
f 1512//3145 1482//3145 1481//3145
f 1512//3146 1480//3146 1399//3146
f 1366//3147 1477//3147 1479//3147
f 1471//3148 1497//3148 1352//3148
f 1259//3149 1486//3149 1350//3149
f 1399//3150 1367//3150 1491//3150
f 1479//3151 1344//3151 1478//3151
f 1397//3152 1234//3152 1396//3152
f 1311//3153 1363//3153 1338//3153
f 1336//3154 1392//3154 1412//3154
f 1382//3155 1430//3155 1331//3155
f 1356//3156 1380//3156 1407//3156
f 1291//3157 1483//3157 1323//3157
f 1361//3158 1306//3158 1304//3158
f 1303//3159 3366//3159 3370//3159
f 1407//3160 1267//3160 1356//3160
f 1428//3161 1459//3161 1354//3161
f 3356//3162 3373//3162 3368//3162
f 1366//3163 1281//3163 1341//3163
f 1236//3164 1340//3164 1398//3164
f 1364//3165 1279//3165 1312//3165
f 1198//3166 1391//3166 1276//3166
f 1276//3167 1391//3167 1335//3167
f 1302//2846 1360//2846 3366//2846
f 1193//3168 1270//3168 1410//3168
f 1268//3169 1151//3169 1223//3169
f 1514//3170 1266//3170 1421//3170
f 1374//3171 1325//3171 1324//3171
f 1216//3172 1186//3172 1350//3172
f 1315//3173 1524//3173 1517//3173
f 1244//3174 1517//3174 1316//3174
f 1315//3175 1517//3175 1243//3175
f 1524//3176 1253//3176 1518//3176
f 1284//3177 1317//3177 1525//3177
f 1520//3178 1516//3178 1521//3178
f 1516//3179 1525//3179 1522//3179
f 1519//3180 1253//3180 1524//3180
f 1519//3181 1524//3181 1317//3181
f 1523//3182 1522//3182 1317//3182
f 1522//3183 1525//3183 1317//3183
f 1516//3184 1520//3184 1525//3184
f 1523//3185 1315//3185 1522//3185
f 1524//3186 1315//3186 3107//3186
f 1317//3187 1524//3187 1523//3187
f 1523//3188 1524//3188 1315//3188
f 1317//3189 1283//3189 1519//3189
f 1282//3190 1246//3190 1316//3190
f 1252//3191 1282//3191 1316//3191
f 1309//3192 1231//3192 1337//3192
f 1336//3193 1308//3193 1229//3193
f 1276//3194 1335//3194 1277//3194
f 1328//3195 3374//3195 3381//3195
f 1291//3196 1184//3196 1183//3196
f 1281//3197 1532//3197 1238//3197
f 1195//3198 1305//3198 1228//3198
f 1526//3199 3374//3199 1265//3199
f 3357//3200 3368//3200 1535//3200
f 1353//3201 1188//3201 1218//3201
f 1216//3202 1217//3202 1146//3202
f 1214//3203 1321//3203 1141//3203
f 1321//3204 1214//3204 1515//3204
f 1257//3205 1139//3205 1180//3205
f 1286//3206 1139//3206 1257//3206
f 1209//3207 1527//3207 1528//3207
f 1528//3208 1166//3208 1209//3208
f 1528//3209 1247//3209 1203//3209
f 1531//3210 1248//3210 1177//3210
f 1176//3211 1170//3211 1531//3211
f 1530//3212 1528//3212 1527//3212
f 1527//3213 1135//3213 1530//3213
f 1528//3214 1530//3214 1529//3214
f 1529//3215 1206//3215 1248//3215
f 1248//3216 1206//3216 1177//3216
f 1530//3217 1206//3217 1529//3217
f 1529//3218 1247//3218 1528//3218
f 1244//3219 1245//3219 1128//3219
f 1532//3220 1281//3220 1342//3220
f 1084//3221 1532//3221 1085//3221
f 1533//3222 1197//3222 1198//3222
f 1533//3223 1198//3223 1276//3223
f 1155//3224 1154//3224 1224//3224
f 1271//3225 1224//3225 1154//3225
f 1534//3226 1537//3226 1151//3226
f 1190//3227 1265//3227 1266//3227
f 1536//3228 1324//3228 1260//3228
f 1184//3229 1291//3229 1538//3229
f 983//3230 1139//3230 1286//3230
f 1180//3231 1520//3231 1256//3231
f 1166//3232 1251//3232 1209//3232
f 1282//3233 1166//3233 1246//3233
f 1229//3234 1161//3234 1277//3234
f 1297//3235 1147//3235 1191//3235
f 1024//3236 1145//3236 1025//3236
f 1532//3237 1126//3237 1085//3237
f 1086//3238 1126//3238 1532//3238
f 1311//3239 1123//3239 1164//3239
f 1197//3240 1120//3240 1159//3240
f 1072//3241 1152//3241 1116//3241
f 1151//3242 1537//3242 1034//3242
f 1185//3243 987//3243 1538//3243
f 942//3244 1538//3244 987//3244
f 1054//3245 972//3245 1095//3245
f 971//3246 970//3246 1174//3246
f 1011//3247 1092//3247 1012//3247
f 1202//3248 1084//3248 1005//3248
f 1237//3249 1048//3249 1083//3249
f 1201//3250 1235//3250 1125//3250
f 1120//3251 961//3251 1079//3251
f 1071//3252 1223//3252 1115//3252
f 986//3253 1023//3253 1104//3253
f 1179//3254 1138//3254 979//3254
f 1126//3255 1049//3255 1085//3255
f 3332//3256 1044//3256 3251//3256
f 1076//3257 999//3257 1075//3257
f 951//3258 1072//3258 1073//3258
f 1073//3259 1540//3259 951//3259
f 1540//3260 1073//3260 1037//3260
f 1037//3261 1073//3261 954//3261
f 952//3262 1540//3262 1036//3262
f 1036//3263 1540//3263 1037//3263
f 917//3264 1540//3264 1035//3264
f 1535//3265 1067//3265 1029//3265
f 1027//3266 947//3266 1066//3266
f 900//3267 1140//3267 1020//3267
f 1205//3268 1096//3268 1013//3268
f 1052//3269 1053//3269 2410//3269
f 1042//3270 962//3270 961//3270
f 1040//3271 960//3271 959//3271
f 1035//3272 1540//3272 952//3272
f 1115//3273 950//3273 1033//3273
f 915//3274 1150//3274 1071//3274
f 1025//3275 991//3275 990//3275
f 989//3276 944//3276 988//3276
f 974//3277 934//3277 1017//3277
f 1017//3278 934//3278 891//3278
f 1013//3279 1014//3279 1015//3279
f 926//3280 1009//3280 967//3280
f 1005//3281 965//3281 885//3281
f 961//3282 881//3282 1079//3282
f 1079//3283 881//3283 1041//3283
f 1541//3284 918//3284 957//3284
f 908//3285 1026//3285 909//3285
f 1026//3286 1064//3286 909//3286
f 902//3287 1021//3287 940//3287
f 901//3288 900//3288 939//3288
f 939//3289 900//3289 1020//3289
f 975//3290 854//3290 1055//3290
f 968//3291 888//3291 967//3291
f 1051//3292 966//3292 849//3292
f 884//3293 845//3293 1003//3293
f 835//3294 1037//3294 837//3294
f 1031//3295 911//3295 1030//3295
f 948//3296 910//3296 947//3296
f 940//3297 757//3297 902//3297
f 2574//3298 2679//3298 976//3298
f 2574//3299 824//3299 2679//3299
f 927//3300 851//3300 888//3300
f 3341//3301 3339//3301 841//3301
f 872//3302 871//3302 911//3302
f 875//3303 798//3303 906//3303
f 899//3304 859//3304 981//3304
f 978//3305 898//3305 897//3305
f 2410//3306 853//3306 1542//3306
f 1542//3307 818//3307 2410//3307
f 819//3308 1542//3308 780//3308
f 780//3309 1542//3309 782//3309
f 1542//3310 819//3310 818//3310
f 853//3311 746//3311 1542//3311
f 880//3312 919//3312 805//3312
f 839//3313 1541//3313 838//3313
f 763//3314 762//3314 917//3314
f 878//3315 731//3315 763//3315
f 936//3316 2679//3316 822//3316
f 851//3317 927//3317 817//3317
f 813//3318 739//3318 812//3318
f 1541//3319 1543//3319 838//3319
f 837//3320 838//3320 1543//3320
f 750//3321 2725//3321 855//3321
f 2725//3322 750//3322 786//3322
f 778//3323 743//3323 685//3323
f 778//3324 685//3324 655//3324
f 816//3325 851//3325 708//3325
f 797//3326 796//3326 759//3326
f 759//3327 726//3327 797//3327
f 860//3328 722//3328 721//3328
f 655//3329 852//3329 742//3329
f 777//3330 852//3330 655//3330
f 2035//3331 774//3331 2156//3331
f 2106//3332 774//3332 2035//3332
f 769//3333 1545//3333 702//3333
f 3302//3334 3276//3334 4905//3334
f 727//3335 760//3335 799//3335
f 797//3336 725//3336 830//3336
f 895//3337 689//3337 751//3337
f 713//3338 746//3338 714//3338
f 685//3339 626//3339 655//3339
f 682//3340 705//3340 651//3340
f 738//3341 682//3341 773//3341
f 737//3342 650//3342 704//3342
f 697//3343 761//3343 762//3343
f 593//3344 673//3344 594//3344
f 666//3345 590//3345 635//3345
f 723//3346 722//3346 861//3346
f 633//3347 753//3347 719//3347
f 557//3348 2724//3348 687//3348
f 688//3349 2724//3349 557//3349
f 731//3350 675//3350 730//3350
f 641//3351 729//3351 1549//3351
f 753//3352 632//3352 689//3352
f 892//3353 716//3353 686//3353
f 686//3354 1548//3354 2760//3354
f 716//3355 1548//3355 686//3355
f 679//3356 649//3356 701//3356
f 700//3357 678//3357 647//3357
f 643//3358 595//3358 676//3358
f 1546//3359 563//3359 674//3359
f 688//3360 582//3360 557//3360
f 717//3361 629//3361 1548//3361
f 662//3362 747//3362 553//3362
f 620//3363 1999//3363 621//3363
f 2199//3364 574//3364 621//3364
f 621//3365 1999//3365 2199//3365
f 3142//3366 601//3366 617//3366
f 647//3367 678//3367 598//3367
f 600//3368 647//3368 678//3368
f 599//3369 598//3369 647//3369
f 599//3370 647//3370 600//3370
f 3301//3371 3316//3371 3329//3371
f 3301//3372 3329//3372 645//3372
f 3301//3373 597//3373 3316//3373
f 592//3374 727//3374 593//3374
f 582//3375 689//3375 583//3375
f 557//3376 582//3376 558//3376
f 3139//3377 571//3377 615//3377
f 668//3378 610//3378 514//3378
f 668//3379 514//3379 609//3379
f 609//3380 514//3380 539//3380
f 635//3381 590//3381 1547//3381
f 1552//3382 1553//3382 660//3382
f 1553//3383 2493//3383 659//3383
f 659//3384 2493//3384 658//3384
f 2493//3385 2351//3385 628//3385
f 2493//3386 628//3386 658//3386
f 2351//3387 2294//3387 628//3387
f 576//3388 2493//3388 1553//3388
f 578//3389 1553//3389 1552//3389
f 531//3390 1551//3390 1550//3390
f 605//3391 2102//3391 2029//3391
f 2029//3392 2102//3392 2068//3392
f 618//3393 602//3393 548//3393
f 602//3394 522//3394 548//3394
f 545//3395 3210//3395 568//3395
f 667//3396 538//3396 537//3396
f 513//3397 536//3397 667//3397
f 589//3398 511//3398 561//3398
f 2660//3399 576//3399 578//3399
f 2154//3400 2068//3400 2102//3400
f 550//3401 574//3401 551//3401
f 545//3402 489//3402 488//3402
f 514//3403 610//3403 540//3403
f 577//3404 2496//3404 443//3404
f 550//3405 525//3405 524//3405
f 547//3406 520//3406 465//3406
f 532//3407 557//3407 558//3407
f 578//3408 530//3408 577//3408
f 529//3409 500//3409 528//3409
f 444//3410 2663//3410 528//3410
f 444//3411 2717//3411 2663//3411
f 552//3412 2103//3412 474//3412
f 439//3413 497//3413 1554//3413
f 1554//3414 497//3414 469//3414
f 433//3415 485//3415 594//3415
f 592//3416 517//3416 484//3416
f 431//3417 1556//3417 516//3417
f 454//3418 511//3418 535//3418
f 438//3419 498//3419 497//3419
f 498//3420 471//3420 470//3420
f 2031//3421 2069//3421 468//3421
f 565//3422 463//3422 354//3422
f 487//3423 462//3423 434//3423
f 434//3424 1555//3424 543//3424
f 461//3425 486//3425 564//3425
f 460//3426 380//3426 352//3426
f 433//3427 563//3427 460//3427
f 542//3428 460//3428 563//3428
f 483//3429 484//3429 431//3429
f 426//3430 342//3430 448//3430
f 394//3431 368//3431 2825//3431
f 445//3432 446//3432 425//3432
f 388//3433 387//3433 437//3433
f 324//3434 476//3434 510//3434
f 465//3435 414//3435 413//3435
f 458//3436 288//3436 349//3436
f 375//3437 376//3437 478//3437
f 365//3438 302//3438 316//3438
f 338//3439 363//3439 391//3439
f 413//3440 357//3440 334//3440
f 287//3441 346//3441 376//3441
f 1557//3442 320//3442 369//3442
f 449//3443 369//3443 304//3443
f 300//3444 338//3444 392//3444
f 389//3445 363//3445 337//3445
f 356//3446 313//3446 383//3446
f 302//3447 339//3447 256//3447
f 364//3448 440//3448 276//3448
f 1556//3449 291//3449 311//3449
f 193//3450 280//3450 281//3450
f 1557//3451 306//3451 320//3451
f 276//3452 440//3452 316//3452
f 354//3453 294//3453 293//3453
f 315//3454 214//3454 301//3454
f 358//3455 335//3455 357//3455
f 335//3456 358//3456 271//3456
f 344//3457 325//3457 243//3457
f 344//3458 243//3458 242//3458
f 2777//3459 218//3459 258//3459
f 276//3460 215//3460 315//3460
f 382//3461 295//3461 250//3461
f 282//3462 262//3462 281//3462
f 234//3463 257//3463 217//3463
f 301//3464 214//3464 233//3464
f 295//3465 206//3465 250//3465
f 230//3466 203//3466 293//3466
f 198//3467 289//3467 199//3467
f 241//3468 144//3468 240//3468
f 236//3469 237//3469 177//3469
f 174//3470 258//3470 218//3470
f 201//3471 247//3471 184//3471
f 200//3472 291//3472 227//3472
f 162//3473 198//3473 199//3473
f 287//3474 182//3474 226//3474
f 225//3475 195//3475 284//3475
f 243//3476 223//3476 242//3476
f 193//3477 143//3477 142//3477
f 253//3478 212//3478 211//3478
f 171//3479 299//3479 210//3479
f 184//3480 247//3480 185//3480
f 142//3481 132//3481 178//3481
f 2850//3482 2849//3482 132//3482
f 165//3483 119//3483 104//3483
f 200//3484 163//3484 162//3484
f 161//3485 148//3485 101//3485
f 1558//3486 115//3486 159//3486
f 125//3487 170//3487 171//3487
f 135//3488 120//3488 230//3488
f 203//3489 230//3489 120//3489
f 104//3490 103//3490 185//3490
f 174//3491 139//3491 173//3491
f 173//3492 139//3492 156//3492
f 170//3493 138//3493 209//3493
f 134//3494 166//3494 149//3494
f 116//3495 196//3495 146//3495
f 144//3496 113//3496 112//3496
f 128//3497 139//3497 129//3497
f 139//3498 128//3498 156//3498
f 91//3499 168//3499 1561//3499
f 123//3500 168//3500 91//3500
f 134//3501 119//3501 166//3501
f 111//3502 86//3502 85//3502
f 128//3503 129//3503 95//3503
f 135//3504 105//3504 120//3504
f 135//3505 89//3505 105//3505
f 118//3506 88//3506 64//3506
f 77//3507 104//3507 89//3507
f 78//3508 91//3508 65//3508
f 51//3509 38//3509 71//3509
f 92//3510 79//3510 57//3510
f 63//3511 102//3511 56//3511
f 53//3512 52//3512 73//3512
f 1562//3513 30//3513 29//3513
f 1563//3514 15//3514 33//3514
f 27//3515 17//3515 45//3515
f 37//3516 38//3516 21//3516
f 12//3517 20//3517 29//3517
f 41//3518 25//3518 19//3518
f 45//3519 17//3519 23//3519
f 23//3520 17//3520 4//3520
f 4//3521 16//3521 23//3521
f 5//3522 1//3522 3//3522
f 1569//3523 1564//3523 1579//3523
f 1568//3524 1564//3524 1565//3524
f 1579//3525 1564//3525 1577//3525
f 1569//3526 1565//3526 1564//3526
f 1570//3527 1568//3527 1565//3527
f 1564//3528 1568//3528 1566//3528
f 1564//3529 1566//3529 1576//3529
f 1577//3530 1564//3530 1576//3530
f 1570//3531 1565//3531 1567//3531
f 1571//3532 1568//3532 1570//3532
f 1576//3533 1587//3533 1577//3533
f 1580//3534 1569//3534 1579//3534
f 1570//3535 1567//3535 1582//3535
f 1568//3536 1571//3536 1583//3536
f 1572//3537 1568//3537 1583//3537
f 1572//3538 1573//3538 1586//3538
f 1574//3539 1586//3539 1573//3539
f 1574//3540 1585//3540 1607//3540
f 1566//3541 1572//3541 1586//3541
f 1566//3542 1586//3542 1576//3542
f 1587//3543 1575//3543 1595//3543
f 1575//3544 1576//3544 1595//3544
f 1586//3545 1595//3545 1576//3545
f 1577//3546 1578//3546 1579//3546
f 1598//3547 1581//3547 1569//3547
f 1565//3548 1569//3548 1581//3548
f 1585//3549 1574//3549 1584//3549
f 1586//3550 1574//3550 1595//3550
f 1595//3551 1596//3551 1587//3551
f 1587//3552 1576//3552 1575//3552
f 1587//3553 1578//3553 1577//3553
f 1578//3554 1624//3554 1580//3554
f 1579//3555 1578//3555 1580//3555
f 1580//3556 1588//3556 1569//3556
f 1567//3557 1565//3557 1581//3557
f 1567//3558 1581//3558 1626//3558
f 1582//3559 1599//3559 1600//3559
f 1589//3560 1582//3560 1600//3560
f 1582//3561 1567//3561 1599//3561
f 3037//3562 1570//3562 1582//3562
f 3037//3563 1591//3563 1601//3563
f 1571//3564 3037//3564 1601//3564
f 1574//3565 1618//3565 1584//3565
f 1605//3566 1584//3566 1603//3566
f 1585//3567 1605//3567 1593//3567
f 1593//3568 1607//3568 1585//3568
f 1593//3569 1606//3569 3036//3569
f 1620//3570 1606//3570 1619//3570
f 1607//3571 1593//3571 3036//3571
f 1595//3572 1574//3572 1608//3572
f 1595//3573 1608//3573 1622//3573
f 1595//3574 1622//3574 1596//3574
f 1597//3575 1587//3575 1596//3575
f 1597//3576 1624//3576 1578//3576
f 1569//3577 1588//3577 1598//3577
f 1626//3578 1645//3578 1567//3578
f 1612//3579 1589//3579 1600//3579
f 1572//3580 1583//3580 1615//3580
f 1615//3581 1602//3581 1572//3581
f 1572//3582 1602//3582 1573//3582
f 1602//3583 1592//3583 1573//3583
f 1635//3584 1636//3584 1604//3584
f 1605//3585 1604//3585 1637//3585
f 1603//3586 1604//3586 1605//3586
f 1593//3587 1594//3587 1606//3587
f 1619//3588 1606//3588 1594//3588
f 3036//3589 1606//3589 1639//3589
f 1596//3590 1622//3590 1640//3590
f 1596//3591 1623//3591 1597//3591
f 1623//3592 1641//3592 1597//3592
f 1597//3593 1641//3593 1609//3593
f 1597//3594 1609//3594 1624//3594
f 1588//3595 1624//3595 1610//3595
f 1588//3596 1625//3596 1598//3596
f 1598//3597 1611//3597 1626//3597
f 1567//3598 1645//3598 1599//3598
f 1612//3599 1613//3599 1600//3599
f 1612//3600 1613//3600 1589//3600
f 1614//3601 1613//3601 1630//3601
f 1630//3602 1613//3602 1628//3602
f 1614//3603 1590//3603 1613//3603
f 1601//3604 1615//3604 1583//3604
f 1616//3605 1602//3605 1615//3605
f 1616//3606 1617//3606 1602//3606
f 1653//3607 1592//3607 1602//3607
f 1618//3608 1592//3608 1653//3608
f 1603//3609 1584//3609 1618//3609
f 1636//3610 1637//3610 1604//3610
f 1655//3611 1606//3611 1620//3611
f 1607//3612 3036//3612 3034//3612
f 3034//3613 1673//3613 1621//3613
f 1640//3614 1622//3614 1621//3614
f 1621//3615 1622//3615 1608//3615
f 1656//3616 1696//3616 1623//3616
f 1641//3617 1657//3617 1624//3617
f 1599//3618 1645//3618 1627//3618
f 1600//3619 1599//3619 1627//3619
f 1627//3620 1659//3620 1660//3620
f 1600//3621 1627//3621 1660//3621
f 1628//3622 1613//3622 1612//3622
f 1630//3623 1628//3623 1629//3623
f 1590//3624 1614//3624 3035//3624
f 1591//3625 1652//3625 1601//3625
f 1631//3626 1652//3626 1591//3626
f 1601//3627 1652//3627 1632//3627
f 1615//3628 1601//3628 1632//3628
f 1665//3629 1633//3629 1616//3629
f 1667//3630 1617//3630 1616//3630
f 1602//3631 1617//3631 1653//3631
f 1604//3632 1654//3632 1634//3632
f 1654//3633 1604//3633 1603//3633
f 1605//3634 1637//3634 1593//3634
f 1594//3635 1593//3635 1637//3635
f 1619//3636 1594//3636 1637//3636
f 1638//3637 1637//3637 1636//3637
f 1655//3638 1620//3638 1670//3638
f 3034//3639 3036//3639 3033//3639
f 3034//3640 1608//3640 1607//3640
f 1608//3641 3034//3641 1621//3641
f 1640//3642 1621//3642 1673//3642
f 1640//3643 1673//3643 1674//3643
f 1640//3644 1656//3644 1596//3644
f 1623//3645 1596//3645 1656//3645
f 1623//3646 1696//3646 1641//3646
f 1642//3647 1657//3647 1698//3647
f 1698//3648 1610//3648 1642//3648
f 1642//3649 1610//3649 1624//3649
f 1642//3650 1624//3650 1657//3650
f 1610//3651 1625//3651 1588//3651
f 1598//3652 1625//3652 1611//3652
f 1643//3653 1644//3653 1611//3653
f 1646//3654 1647//3654 1659//3654
f 1612//3655 1600//3655 1660//3655
f 1629//3656 1628//3656 1661//3656
f 1649//3657 1629//3657 1662//3657
f 1649//3658 1662//3658 1648//3658
f 1649//3659 1648//3659 1663//3659
f 1629//3660 1649//3660 1663//3660
f 1650//3661 1614//3661 1630//3661
f 3035//3662 1614//3662 1650//3662
f 1590//3663 3035//3663 1631//3663
f 1651//3664 1652//3664 1631//3664
f 1617//3665 1712//3665 1653//3665
f 1618//3666 1654//3666 1603//3666
f 1635//3667 1604//3667 1634//3667
f 1638//3668 1669//3668 1670//3668
f 1619//3669 1638//3669 1670//3669
f 1670//3670 1620//3670 1619//3670
f 1655//3671 1639//3671 1606//3671
f 1639//3672 1655//3672 1671//3672
f 1639//3673 1671//3673 1693//3673
f 3036//3674 1639//3674 1693//3674
f 1693//3675 3033//3675 3036//3675
f 1672//3676 1673//3676 3034//3676
f 1672//3677 1695//3677 1673//3677
f 1674//3678 1656//3678 1640//3678
f 1698//3679 1699//3679 1719//3679
f 1698//3680 1699//3680 1610//3680
f 1719//3681 1610//3681 1699//3681
f 1625//3682 1610//3682 1719//3682
f 1625//3683 1719//3683 1658//3683
f 1658//3684 1643//3684 1625//3684
f 1643//3685 1611//3685 1625//3685
f 1678//3686 1644//3686 1643//3686
f 1626//3687 1611//3687 1644//3687
f 1644//3688 1645//3688 1626//3688
f 1660//3689 1659//3689 1647//3689
f 1646//3690 1679//3690 1647//3690
f 1661//3691 1660//3691 1647//3691
f 1628//3692 1612//3692 1660//3692
f 1628//3693 1660//3693 1661//3693
f 1649//3694 1663//3694 1682//3694
f 1650//3695 1684//3695 1708//3695
f 1650//3696 1664//3696 3035//3696
f 1686//3697 1664//3697 1685//3697
f 1632//3698 1616//3698 1615//3698
f 1665//3699 1616//3699 1632//3699
f 1667//3700 1633//3700 1666//3700
f 1617//3701 1667//3701 1712//3701
f 1618//3702 1653//3702 1654//3702
f 1635//3703 1689//3703 1715//3703
f 1636//3704 1635//3704 1638//3704
f 1669//3705 1638//3705 1690//3705
f 1691//3706 1692//3706 1655//3706
f 1765//3707 1693//3707 1671//3707
f 1672//3708 3034//3708 3033//3708
f 1672//3709 1694//3709 1741//3709
f 1695//3710 1674//3710 1673//3710
f 1695//3711 1675//3711 1674//3711
f 1675//3712 1656//3712 1674//3712
f 1656//3713 1675//3713 1696//3713
f 1696//3714 1676//3714 1641//3714
f 1696//3715 1743//3715 1676//3715
f 1657//3716 1676//3716 1677//3716
f 1657//3717 1677//3717 1641//3717
f 1657//3718 1641//3718 1676//3718
f 1657//3719 1677//3719 1697//3719
f 1678//3720 1643//3720 1721//3720
f 1659//3721 1627//3721 1722//3721
f 1679//3722 1723//3722 1680//3722
f 1679//3723 1680//3723 1681//3723
f 1679//3724 1681//3724 1647//3724
f 1681//3725 1680//3725 1723//3725
f 1681//3726 1661//3726 1647//3726
f 1648//3727 1662//3727 1700//3727
f 1701//3728 1682//3728 1663//3728
f 1663//3729 1682//3729 1683//3729
f 1683//3730 1707//3730 1663//3730
f 1649//3731 1663//3731 1707//3731
f 1630//3732 1649//3732 1707//3732
f 1707//3733 1684//3733 1630//3733
f 1684//3734 1650//3734 1630//3734
f 1664//3735 1650//3735 1708//3735
f 1685//3736 1664//3736 1708//3736
f 1687//3737 1651//3737 1686//3737
f 1687//3738 1710//3738 1651//3738
f 1651//3739 1710//3739 1652//3739
f 1665//3740 1632//3740 1652//3740
f 1665//3741 1652//3741 1710//3741
f 1633//3742 1665//3742 1666//3742
f 1667//3743 1666//3743 1688//3743
f 1713//3744 1668//3744 1654//3744
f 1654//3745 1668//3745 1634//3745
f 1691//3746 1655//3746 1670//3746
f 1764//3747 1765//3747 1716//3747
f 1671//3748 1716//3748 1765//3748
f 1672//3749 1741//3749 1695//3749
f 1675//3750 1674//3750 1742//3750
f 1718//3751 1851//3751 1766//3751
f 1769//3752 1677//3752 1768//3752
f 1698//3753 1657//3753 1697//3753
f 1643//3754 1720//3754 1721//3754
f 1747//3755 1678//3755 1721//3755
f 1722//3756 1678//3756 1747//3756
f 1678//3757 1722//3757 1644//3757
f 1722//3758 1627//3758 1645//3758
f 1773//3759 1679//3759 1646//3759
f 1700//3760 1661//3760 1681//3760
f 1700//3761 1662//3761 1661//3761
f 1682//3762 1701//3762 1724//3762
f 1702//3763 1701//3763 1724//3763
f 1725//3764 1702//3764 1724//3764
f 1725//3765 1750//3765 1702//3765
f 1702//3766 1703//3766 1701//3766
f 1682//3767 1701//3767 1683//3767
f 1703//3768 1683//3768 1701//3768
f 1726//3769 1704//3769 1750//3769
f 1726//3770 1777//3770 1705//3770
f 1704//3771 1726//3771 1705//3771
f 1706//3772 1707//3772 1683//3772
f 1684//3773 1707//3773 1708//3773
f 1734//3774 1685//3774 1733//3774
f 1709//3775 1685//3775 1734//3775
f 1686//3776 1685//3776 1709//3776
f 1665//3777 1710//3777 1666//3777
f 1735//3778 1688//3778 1666//3778
f 1688//3779 1759//3779 1737//3779
f 1711//3780 1688//3780 1737//3780
f 1711//3781 1712//3781 1667//3781
f 1713//3782 1654//3782 1653//3782
f 1653//3783 1712//3783 1713//3783
f 1760//3784 1714//3784 1739//3784
f 1668//3785 1760//3785 1739//3785
f 1668//3786 1739//3786 1689//3786
f 1788//3787 1715//3787 1689//3787
f 1715//3788 1690//3788 1638//3788
f 1715//3789 1638//3789 1635//3789
f 1669//3790 1690//3790 1790//3790
f 1791//3791 1691//3791 1670//3791
f 1691//3792 1763//3792 1692//3792
f 1765//3793 1717//3793 1693//3793
f 3033//3794 1693//3794 1717//3794
f 1717//3795 1694//3795 3033//3795
f 1672//3796 3033//3796 1694//3796
f 1695//3797 1742//3797 1674//3797
f 1742//3798 1851//3798 1718//3798
f 1718//3799 1675//3799 1742//3799
f 1696//3800 1675//3800 1718//3800
f 1696//3801 1718//3801 1767//3801
f 1696//3802 1767//3802 1743//3802
f 1822//3803 1743//3803 1767//3803
f 1676//3804 1743//3804 1768//3804
f 1697//3805 1677//3805 1769//3805
f 1698//3806 1697//3806 1770//3806
f 1795//3807 1719//3807 1699//3807
f 1644//3808 1722//3808 1645//3808
f 1646//3809 1659//3809 1772//3809
f 1773//3810 1723//3810 1679//3810
f 1723//3811 1797//3811 1748//3811
f 1748//3812 1700//3812 1681//3812
f 1775//3813 1700//3813 1774//3813
f 1775//3814 1724//3814 1701//3814
f 1775//3815 1701//3815 1682//3815
f 1726//3816 1750//3816 1776//3816
f 1777//3817 1726//3817 1776//3817
f 1705//3818 1777//3818 1727//3818
f 1778//3819 1751//3819 1728//3819
f 1727//3820 1778//3820 1728//3820
f 1705//3821 1727//3821 1728//3821
f 1704//3822 1705//3822 1729//3822
f 1729//3823 1730//3823 1704//3823
f 1702//3824 1704//3824 1730//3824
f 1730//3825 1731//3825 1702//3825
f 1703//3826 1702//3826 1731//3826
f 1731//3827 1782//3827 1783//3827
f 1732//3828 1731//3828 1783//3828
f 1731//3829 1732//3829 1703//3829
f 1683//3830 1703//3830 1732//3830
f 1685//3831 1708//3831 1733//3831
f 1735//3832 1736//3832 1688//3832
f 1759//3833 1688//3833 1736//3833
f 1711//3834 1737//3834 1738//3834
f 1711//3835 1738//3835 1713//3835
f 1711//3836 1713//3836 1712//3836
f 1739//3837 1714//3837 1872//3837
f 1692//3838 1763//3838 3032//3838
f 1716//3839 1692//3839 3032//3839
f 1741//3840 1742//3840 1695//3840
f 1742//3841 1741//3841 1851//3841
f 1851//3842 1793//3842 1766//3842
f 1743//3843 1822//3843 1853//3843
f 1794//3844 1770//3844 1697//3844
f 1744//3845 1794//3845 1770//3845
f 1855//3846 1770//3846 1794//3846
f 1719//3847 1745//3847 1658//3847
f 1658//3848 1827//3848 1720//3848
f 1720//3849 1643//3849 1658//3849
f 1796//3850 1721//3850 1746//3850
f 1646//3851 1772//3851 1773//3851
f 1772//3852 1771//3852 1773//3852
f 1775//3853 1682//3853 1648//3853
f 1798//3854 1749//3854 1775//3854
f 1749//3855 1798//3855 1799//3855
f 1799//3856 1724//3856 1749//3856
f 1725//3857 1724//3857 1799//3857
f 1750//3858 1725//3858 1800//3858
f 1799//3859 1800//3859 1725//3859
f 1727//3860 1777//3860 1801//3860
f 1801//3861 1778//3861 1727//3861
f 1779//3862 1833//3862 1751//3862
f 1728//3863 1751//3863 1752//3863
f 1730//3864 1729//3864 1781//3864
f 1781//3865 1782//3865 1730//3865
f 1753//3866 1808//3866 1706//3866
f 1733//3867 1708//3867 1754//3867
f 1755//3868 1733//3868 1754//3868
f 1733//3869 1756//3869 1811//3869
f 1733//3870 1755//3870 1756//3870
f 1785//3871 1709//3871 1734//3871
f 1785//3872 1686//3872 1709//3872
f 1687//3873 1686//3873 1757//3873
f 1757//3874 1758//3874 1687//3874
f 1758//3875 1735//3875 1710//3875
f 1735//3876 1666//3876 1710//3876
f 1812//3877 1736//3877 1735//3877
f 1738//3878 1737//3878 1813//3878
f 1760//3879 1713//3879 1738//3879
f 1668//3880 1713//3880 1760//3880
f 1670//3881 1669//3881 1791//3881
f 1791//3882 1815//3882 1691//3882
f 1847//3883 3032//3883 1763//3883
f 1764//3884 1740//3884 1818//3884
f 3031//3885 1717//3885 1765//3885
f 1820//3886 1694//3886 1717//3886
f 1821//3887 1694//3887 1820//3887
f 1821//3888 1741//3888 1694//3888
f 1767//3889 1718//3889 1766//3889
f 1743//3890 1853//3890 1823//3890
f 1768//3891 1743//3891 1823//3891
f 1769//3892 1854//3892 1794//3892
f 1769//3893 1794//3893 1697//3893
f 1698//3894 1770//3894 1795//3894
f 1795//3895 1826//3895 1699//3895
f 1745//3896 1857//3896 1827//3896
f 1658//3897 1745//3897 1827//3897
f 1827//3898 1721//3898 1720//3898
f 1721//3899 1827//3899 1858//3899
f 1721//3900 1858//3900 1746//3900
f 1796//3901 1747//3901 1721//3901
f 1747//3902 1771//3902 1772//3902
f 1722//3903 1747//3903 1772//3903
f 1659//3904 1722//3904 1772//3904
f 1830//3905 1679//3905 1773//3905
f 1679//3906 1830//3906 1723//3906
f 1700//3907 1748//3907 1774//3907
f 1798//3908 1774//3908 1748//3908
f 1724//3909 1775//3909 1749//3909
f 1750//3910 1800//3910 1776//3910
f 1776//3911 1864//3911 1777//3911
f 1752//3912 1802//3912 1804//3912
f 1752//3913 1780//3913 1729//3913
f 1729//3914 1728//3914 1752//3914
f 1780//3915 1781//3915 1729//3915
f 1836//3916 1783//3916 1782//3916
f 1732//3917 1783//3917 1753//3917
f 1754//3918 1708//3918 1706//3918
f 1706//3919 1708//3919 1707//3919
f 1733//3920 1811//3920 1734//3920
f 1686//3921 1785//3921 1757//3921
f 1812//3922 1758//3922 1757//3922
f 1687//3923 1758//3923 1710//3923
f 1843//3924 1736//3924 1786//3924
f 1736//3925 1843//3925 1759//3925
f 1737//3926 1844//3926 1813//3926
f 1872//3927 1787//3927 1871//3927
f 1814//3928 1787//3928 1872//3928
f 1814//3929 1872//3929 1714//3929
f 1739//3930 1872//3930 1761//3930
f 1761//3931 1689//3931 1739//3931
f 1761//3932 1788//3932 1689//3932
f 1789//3933 1690//3933 1715//3933
f 1789//3934 1715//3934 1788//3934
f 1690//3935 1789//3935 1790//3935
f 1762//3936 1669//3936 1790//3936
f 1762//3937 1791//3937 1669//3937
f 1816//3938 1740//3938 1792//3938
f 1740//3939 1817//3939 1818//3939
f 1764//3940 1818//3940 1819//3940
f 1819//3941 3031//3941 1765//3941
f 1819//3942 1765//3942 1764//3942
f 1826//3943 1719//3943 1699//3943
f 1745//3944 1719//3944 1826//3944
f 1747//3945 1796//3945 1771//3945
f 1829//3946 1771//3946 1796//3946
f 1723//3947 1888//3947 1797//3947
f 1798//3948 1775//3948 1774//3948
f 1798//3949 1860//3949 1799//3949
f 1800//3950 1799//3950 1832//3950
f 1863//3951 1776//3951 1800//3951
f 1800//3952 1862//3952 1863//3952
f 1864//3953 1927//3953 1777//3953
f 1778//3954 1801//3954 1865//3954
f 1779//3955 1778//3955 1865//3955
f 1802//3956 1895//3956 1803//3956
f 1780//3957 1804//3957 1835//3957
f 1780//3958 1835//3958 1781//3958
f 1783//3959 1806//3959 1753//3959
f 1806//3960 1807//3960 1753//3960
f 1808//3961 1753//3961 1807//3961
f 1754//3962 1706//3962 1808//3962
f 1809//3963 1754//3963 1808//3963
f 1867//3964 1809//3964 1808//3964
f 1754//3965 1809//3965 1755//3965
f 1809//3966 1756//3966 1755//3966
f 1756//3967 1809//3967 1839//3967
f 1756//3968 1810//3968 1904//3968
f 1756//3969 1904//3969 1811//3969
f 1734//3970 1784//3970 1785//3970
f 1757//3971 1785//3971 1840//3971
f 1757//3972 1840//3972 1812//3972
f 1758//3973 1812//3973 1735//3973
f 1814//3974 1760//3974 1813//3974
f 1760//3975 1738//3975 1813//3975
f 1760//3976 1814//3976 1714//3976
f 1815//3977 1763//3977 1691//3977
f 1815//3978 1847//3978 1763//3978
f 1876//3979 1792//3979 1740//3979
f 1876//3980 1740//3980 3032//3980
f 1851//3981 1821//3981 1916//3981
f 1916//3982 1793//3982 1851//3982
f 1823//3983 1854//3983 1769//3983
f 1854//3984 1882//3984 1794//3984
f 1883//3985 1824//3985 1855//3985
f 1744//3986 1824//3986 1770//3986
f 1795//3987 1825//3987 1920//3987
f 1828//3988 1796//3988 1746//3988
f 1828//3989 1829//3989 1796//3989
f 1829//3990 1828//3990 1923//3990
f 1773//3991 1887//3991 1830//3991
f 1890//3992 1748//3992 1797//3992
f 1890//3993 1798//3993 1831//3993
f 1831//3994 1798//3994 1774//3994
f 1748//3995 1831//3995 1774//3995
f 1748//3996 1890//3996 1831//3996
f 1832//3997 1799//3997 1860//3997
f 1861//3998 1832//3998 1961//3998
f 1862//3999 1800//3999 1832//3999
f 1863//4000 1864//4000 1776//4000
f 1777//4001 1927//4001 1801//4001
f 1865//4002 1801//4002 1927//4002
f 1779//4003 1892//4003 1866//4003
f 1779//4004 1866//4004 1833//4004
f 1751//4005 1833//4005 1802//4005
f 1752//4006 1751//4006 1802//4006
f 1931//4007 1895//4007 1896//4007
f 1803//4008 1895//4008 1931//4008
f 1802//4009 1803//4009 1804//4009
f 1752//4010 1804//4010 1780//4010
f 1804//4011 1834//4011 1835//4011
f 1835//4012 1834//4012 1932//4012
f 1897//4013 1805//4013 1835//4013
f 1805//4014 1781//4014 1835//4014
f 1781//4015 1805//4015 1782//4015
f 1805//4016 1836//4016 1782//4016
f 1806//4017 1783//4017 1836//4017
f 1837//4018 1806//4018 1836//4018
f 1837//4019 1836//4019 1898//4019
f 1900//4020 1837//4020 1898//4020
f 1900//4021 1806//4021 1837//4021
f 1839//4022 1810//4022 1756//4022
f 1734//4023 1811//4023 1784//4023
f 1811//4024 1868//4024 1784//4024
f 1812//4025 1840//4025 1841//4025
f 1841//4026 1786//4026 1812//4026
f 1842//4027 1905//4027 1906//4027
f 1842//4028 1906//4028 1843//4028
f 1759//4029 1843//4029 1870//4029
f 1870//4030 1844//4030 1759//4030
f 1871//4031 1787//4031 1845//4031
f 1873//4032 1909//4032 1761//4032
f 1791//4033 1846//4033 1815//4033
f 1847//4034 1876//4034 3032//4034
f 1848//4035 1879//4035 1792//4035
f 1816//4036 1792//4036 1879//4036
f 1819//4037 1818//4037 1850//4037
f 1915//4038 1821//4038 1985//4038
f 1821//4039 1820//4039 1985//4039
f 1766//4040 1793//4040 1852//4040
f 1852//4041 1822//4041 1766//4041
f 1767//4042 1766//4042 1822//4042
f 1882//4043 1855//4043 1794//4043
f 1824//4044 1825//4044 1795//4044
f 1745//4045 1826//4045 1920//4045
f 1857//4046 1745//4046 1920//4046
f 1859//4047 1746//4047 1858//4047
f 1746//4048 1859//4048 1828//4048
f 1923//4049 1828//4049 3030//4049
f 1771//4050 1829//4050 1773//4050
f 1890//4051 1860//4051 1798//4051
f 1832//4052 1861//4052 1862//4052
f 1861//4053 1962//4053 1862//4053
f 1892//4054 1779//4054 1865//4054
f 1833//4055 1866//4055 706//4055
f 1894//4056 1802//4056 1833//4056
f 1897//4057 1898//4057 1805//4057
f 1836//4058 1805//4058 1898//4058
f 1808//4059 1807//4059 1867//4059
f 1839//4060 1809//4060 1867//4060
f 1968//4061 1810//4061 1839//4061
f 1810//4062 1968//4062 1903//4062
f 1904//4063 1810//4063 1903//4063
f 1785//4064 1784//4064 1840//4064
f 1786//4065 1841//4065 1905//4065
f 1844//4066 1938//4066 1908//4066
f 1908//4067 1813//4067 1844//4067
f 1845//4068 1939//4068 1871//4068
f 1872//4069 1873//4069 1761//4069
f 1762//4070 1790//4070 1874//4070
f 1875//4071 1762//4071 1874//4071
f 1791//4072 1875//4072 1846//4072
f 1815//4073 1846//4073 1976//4073
f 1848//4074 1876//4074 1849//4074
f 1876//4075 1877//4075 1849//4075
f 1849//4076 1877//4076 1912//4076
f 1878//4077 1946//4077 1879//4077
f 1880//4078 1982//4078 1817//4078
f 1982//4079 1983//4079 1850//4079
f 1983//4080 1950//4080 1850//4080
f 1819//4081 1850//4081 1950//4081
f 1881//4082 1820//4082 3031//4082
f 1917//4083 1852//4083 1793//4083
f 1853//4084 1988//4084 1823//4084
f 1953//4085 1823//4085 1988//4085
f 1854//4086 1823//4086 1953//4086
f 1854//4087 1954//4087 1882//4087
f 1882//4088 1883//4088 1855//4088
f 1883//4089 1882//4089 1884//4089
f 1856//4090 1885//4090 1956//4090
f 1956//4091 1825//4091 1856//4091
f 1825//4092 1824//4092 1856//4092
f 1827//4093 1857//4093 1922//4093
f 1858//4094 1922//4094 1992//4094
f 1858//4095 1827//4095 1922//4095
f 1859//4096 1858//4096 1886//4096
f 1773//4097 1829//4097 1887//4097
f 1889//4098 1797//4098 1888//4098
f 1891//4099 1890//4099 1961//4099
f 1891//4100 1860//4100 1890//4100
f 1891//4101 1961//4101 1860//4101
f 1832//4102 1860//4102 1961//4102
f 1925//4103 2030//4103 1862//4103
f 1862//4104 2030//4104 1926//4104
f 1926//4105 1863//4105 1862//4105
f 1864//4106 1863//4106 1926//4106
f 1999//4107 1893//4107 1866//4107
f 1833//4108 706//4108 1893//4108
f 1893//4109 1894//4109 1833//4109
f 1803//4110 1931//4110 1964//4110
f 1804//4111 1803//4111 1964//4111
f 1834//4112 1804//4112 1964//4112
f 1932//4113 1834//4113 1964//4113
f 1966//4114 2003//4114 1899//4114
f 1898//4115 1966//4115 1899//4115
f 1933//4116 1900//4116 1899//4116
f 1806//4117 1900//4117 1838//4117
f 1901//4118 1902//4118 1933//4118
f 1933//4119 1902//4119 1838//4119
f 1902//4120 1867//4120 1838//4120
f 1904//4121 1868//4121 1811//4121
f 1868//4122 1935//4122 1784//4122
f 1869//4123 1841//4123 1840//4123
f 1905//4124 1841//4124 1869//4124
f 1870//4125 1907//4125 1844//4125
f 1870//4126 1971//4126 1972//4126
f 1972//4127 1907//4127 1870//4127
f 1938//4128 1813//4128 1908//4128
f 1845//4129 1908//4129 1938//4129
f 1814//4130 1908//4130 1845//4130
f 1814//4131 1813//4131 1908//4131
f 1787//4132 1814//4132 1845//4132
f 1940//4133 1871//4133 1939//4133
f 1974//4134 1872//4134 1871//4134
f 1974//4135 1873//4135 1872//4135
f 1788//4136 1761//4136 1909//4136
f 1788//4137 1909//4137 1789//4137
f 1910//4138 1790//4138 1789//4138
f 2011//4139 1975//4139 1875//4139
f 1875//4140 1975//4140 1911//4140
f 1911//4141 1975//4141 2084//4141
f 1875//4142 1911//4142 1846//4142
f 1943//4143 1847//4143 1815//4143
f 1943//4144 1876//4144 1847//4144
f 1876//4145 1848//4145 1792//4145
f 1879//4146 1946//4146 1913//4146
f 1879//4147 1913//4147 1914//4147
f 1914//4148 1816//4148 1879//4148
f 1948//4149 1914//4149 1981//4149
f 1816//4150 1914//4150 1948//4150
f 1880//4151 1816//4151 1948//4151
f 1880//4152 1817//4152 1816//4152
f 1948//4153 1949//4153 1880//4153
f 1949//4154 1982//4154 1880//4154
f 1817//4155 1982//4155 1850//4155
f 1850//4156 1818//4156 1817//4156
f 1950//4157 3031//4157 1819//4157
f 1881//4158 1985//4158 1820//4158
f 1916//4159 1915//4159 1951//4159
f 1915//4160 1916//4160 1821//4160
f 1852//4161 1952//4161 1822//4161
f 1918//4162 1822//4162 1952//4162
f 1884//4163 1882//4163 2022//4163
f 2022//4164 1989//4164 1884//4164
f 1989//4165 1990//4165 1884//4165
f 1884//4166 1990//4166 1919//4166
f 1884//4167 1919//4167 1883//4167
f 1919//4168 1856//4168 1883//4168
f 1919//4169 1885//4169 1856//4169
f 1885//4170 1919//4170 1991//4170
f 1825//4171 1956//4171 1920//4171
f 1956//4172 1921//4172 1920//4172
f 1920//4173 1921//4173 1857//4173
f 1922//4174 1921//4174 2026//4174
f 1922//4175 1857//4175 1921//4175
f 1858//4176 1992//4176 1886//4176
f 1886//4177 3029//4177 1859//4177
f 3030//4178 3029//4178 1994//4178
f 3029//4179 3030//4179 1828//4179
f 1828//4180 1859//4180 3029//4180
f 1887//4181 1924//4181 1830//4181
f 1889//4182 1890//4182 1797//4182
f 1890//4183 1889//4183 1961//4183
f 1959//4184 1961//4184 1889//4184
f 1861//4185 1960//4185 2027//4185
f 2027//4186 1962//4186 1861//4186
f 2030//4187 1925//4187 2029//4187
f 1862//4188 1962//4188 1925//4188
f 1864//4189 1963//4189 1927//4189
f 1927//4190 1928//4190 1865//4190
f 1929//4191 1892//4191 1865//4191
f 1892//4192 1929//4192 2033//4192
f 1892//4193 2034//4193 1866//4193
f 2034//4194 1999//4194 1866//4194
f 850//4195 1894//4195 1893//4195
f 1894//4196 1895//4196 1802//4196
f 1896//4197 1930//4197 815//4197
f 1930//4198 1896//4198 1894//4198
f 1896//4199 1895//4199 1894//4199
f 707//4200 1964//4200 1931//4200
f 1897//4201 1835//4201 1932//4201
f 2003//4202 1966//4202 2001//4202
f 1900//4203 1933//4203 1838//4203
f 2038//4204 1936//4204 1868//4204
f 1935//4205 1868//4205 1936//4205
f 1935//4206 1936//4206 1869//4206
f 1935//4207 1840//4207 1784//4207
f 1840//4208 1935//4208 1869//4208
f 1905//4209 1937//4209 1906//4209
f 1843//4210 1906//4210 1970//4210
f 1939//4211 1845//4211 1938//4211
f 1939//4212 1973//4212 1940//4212
f 2042//4213 1942//4213 1941//4213
f 1909//4214 1941//4214 1942//4214
f 1909//4215 1873//4215 1941//4215
f 1942//4216 1910//4216 1789//4216
f 1874//4217 2011//4217 1875//4217
f 2084//4218 1846//4218 1911//4218
f 1976//4219 1846//4219 2084//4219
f 1944//4220 1912//4220 1877//4220
f 1945//4221 1878//4221 1849//4221
f 1979//4222 1946//4222 1878//4222
f 1946//4223 1947//4223 1913//4223
f 1980//4224 1913//4224 1947//4224
f 1980//4225 1914//4225 1913//4225
f 1914//4226 1980//4226 1981//4226
f 1950//4227 1983//4227 1881//4227
f 1984//4228 1881//4228 3027//4228
f 1951//4229 1915//4229 1986//4229
f 1793//4230 1916//4230 2020//4230
f 2020//4231 1917//4231 1793//4231
f 1952//4232 1917//4232 1987//4232
f 1853//4233 1918//4233 1988//4233
f 1990//4234 1955//4234 1919//4234
f 1921//4235 1956//4235 2025//4235
f 3029//4236 1886//4236 2064//4236
f 1923//4237 3030//4237 1995//4237
f 1923//4238 1957//4238 1887//4238
f 1958//4239 1924//4239 2101//4239
f 1924//4240 1958//4240 1888//4240
f 1889//4241 1996//4241 1959//4241
f 1960//4242 1961//4242 1959//4242
f 1960//4243 1959//4243 1997//4243
f 1962//4244 2029//4244 1925//4244
f 1963//4245 1864//4245 1926//4245
f 1865//4246 1928//4246 1929//4246
f 1893//4247 2000//4247 850//4247
f 1894//4248 850//4248 1930//4248
f 1931//4249 1896//4249 707//4249
f 1967//4250 1902//4250 1901//4250
f 1968//4251 1969//4251 1903//4251
f 1868//4252 1904//4252 1934//4252
f 2038//4253 1868//4253 1934//4253
f 1869//4254 1936//4254 2038//4254
f 1869//4255 2038//4255 2005//4255
f 2006//4256 2007//4256 1937//4256
f 1970//4257 1971//4257 1870//4257
f 1973//4258 2010//4258 1940//4258
f 2040//4259 1940//4259 2010//4259
f 2010//4260 1973//4260 2040//4260
f 1871//4261 2040//4261 1974//4261
f 2040//4262 1871//4262 1940//4262
f 2041//4263 1941//4263 1974//4263
f 1974//4264 1941//4264 1873//4264
f 1909//4265 1942//4265 1789//4265
f 1874//4266 1910//4266 2082//4266
f 2082//4267 2011//4267 1874//4267
f 1943//4268 1815//4268 1976//4268
f 1943//4269 1877//4269 1876//4269
f 1976//4270 1977//4270 1944//4270
f 1943//4271 1976//4271 1944//4271
f 1943//4272 1944//4272 1877//4272
f 2013//4273 2045//4273 2012//4273
f 1977//4274 1978//4274 1944//4274
f 2013//4275 1944//4275 1978//4275
f 2013//4276 1978//4276 2045//4276
f 1912//4277 1944//4277 2013//4277
f 1945//4278 1979//4278 1878//4278
f 1947//4279 1946//4279 2015//4279
f 2016//4280 2051//4280 1947//4280
f 1980//4281 1947//4281 2051//4281
f 1948//4282 2017//4282 2018//4282
f 2018//4283 2054//4283 1949//4283
f 2018//4284 1949//4284 1948//4284
f 3027//4285 1881//4285 1983//4285
f 1985//4286 1881//4286 1984//4286
f 1915//4287 1985//4287 1986//4287
f 1916//4288 1951//4288 2020//4288
f 2061//4289 1987//4289 2096//4289
f 1952//4290 1987//4290 2061//4290
f 1953//4291 1954//4291 1854//4291
f 1955//4292 1990//4292 2023//4292
f 1919//4293 1955//4293 1991//4293
f 1993//4294 2064//4294 2100//4294
f 2064//4295 1993//4295 3029//4295
f 1888//4296 1958//4296 1889//4296
f 1996//4297 1889//4297 1958//4297
f 2028//4298 1962//4298 2027//4298
f 622//4299 2033//4299 1929//4299
f 1999//4300 2105//4300 2000//4300
f 2000//4301 740//4301 1999//4301
f 2000//4302 1893//4302 740//4302
f 1964//4303 2036//4303 1932//4303
f 1897//4304 1965//4304 1966//4304
f 2003//4305 2001//4305 2002//4305
f 2003//4306 2004//4306 1899//4306
f 1933//4307 1899//4307 2004//4307
f 2111//4308 1901//4308 2004//4308
f 2111//4309 1967//4309 1901//4309
f 1969//4310 1968//4310 2074//4310
f 2038//4311 1934//4311 2037//4311
f 1869//4312 2005//4312 1905//4312
f 2006//4313 1937//4313 1905//4313
f 2005//4314 2006//4314 1905//4314
f 1906//4315 1937//4315 2008//4315
f 1970//4316 1906//4316 2008//4316
f 1971//4317 1970//4317 2009//4317
f 2079//4318 1972//4318 1971//4318
f 1938//4319 1907//4319 1972//4319
f 1939//4320 1938//4320 2039//4320
f 2039//4321 1938//4321 1972//4321
f 2040//4322 1974//4322 2164//4322
f 2040//4323 2041//4323 1974//4323
f 1910//4324 2043//4324 2082//4324
f 2044//4325 2045//4325 1978//4325
f 2085//4326 2044//4326 1978//4326
f 2012//4327 2046//4327 2047//4327
f 2047//4328 2013//4328 2012//4328
f 1912//4329 2047//4329 1945//4329
f 1979//4330 1945//4330 2014//4330
f 2015//4331 1946//4331 1979//4331
f 2016//4332 1947//4332 2049//4332
f 1981//4333 2017//4333 1948//4333
f 2056//4334 2093//4334 2019//4334
f 1983//4335 2019//4335 3027//4335
f 1951//4336 2095//4336 2020//4336
f 1987//4337 3026//4337 2060//4337
f 1987//4338 2060//4338 2096//4338
f 1918//4339 1952//4339 1988//4339
f 1953//4340 2097//4340 2021//4340
f 2142//4341 2021//4341 2097//4341
f 2142//4342 1954//4342 1953//4342
f 1953//4343 2021//4343 2142//4343
f 1954//4344 2142//4344 2022//4344
f 2022//4345 1882//4345 1954//4345
f 2099//4346 2062//4346 1991//4346
f 1955//4347 2099//4347 1991//4347
f 2024//4348 1885//4348 1991//4348
f 2025//4349 2024//4349 2145//4349
f 1922//4350 2026//4350 1992//4350
f 1992//4351 2064//4351 1886//4351
f 2065//4352 1993//4352 2100//4352
f 3029//4353 2065//4353 1994//4353
f 1994//4354 1995//4354 3030//4354
f 1995//4355 1957//4355 1923//4355
f 1924//4356 1957//4356 2101//4356
f 2101//4357 1996//4357 1958//4357
f 1996//4358 1997//4358 1959//4358
f 1997//4359 2027//4359 1960//4359
f 2027//4360 2152//4360 2067//4360
f 2028//4361 2027//4361 2067//4361
f 1926//4362 1998//4362 1963//4362
f 1998//4363 1926//4363 2030//4363
f 2070//4364 2031//4364 467//4364
f 2069//4365 2031//4365 1998//4365
f 2032//4366 1998//4366 2031//4366
f 1998//4367 2032//4367 1963//4367
f 1928//4368 1927//4368 1963//4368
f 1928//4369 1963//4369 2032//4369
f 2070//4370 1928//4370 2032//4370
f 2032//4371 2070//4371 1929//4371
f 2034//4372 1892//4372 2033//4372
f 815//4373 1930//4373 2108//4373
f 707//4374 1964//4374 653//4374
f 2036//4375 2071//4375 1965//4375
f 2036//4376 1965//4376 1932//4376
f 1965//4377 2001//4377 1966//4377
f 2002//4378 2072//4378 2003//4378
f 2073//4379 1967//4379 2111//4379
f 1967//4380 2074//4380 1968//4380
f 1969//4381 2160//4381 2075//4381
f 3028//4382 1903//4382 1969//4382
f 2038//4383 2037//4383 2116//4383
f 2161//4384 2005//4384 2038//4384
f 2007//4385 2077//4385 2162//4385
f 1937//4386 2007//4386 2008//4386
f 2009//4387 1970//4387 2008//4387
f 2079//4388 1971//4388 2009//4388
f 2164//4389 2041//4389 2040//4389
f 2041//4390 2164//4390 2042//4390
f 1941//4391 2041//4391 2042//4391
f 2043//4392 1910//4392 1942//4392
f 2044//4393 2086//4393 2124//4393
f 2044//4394 2124//4394 2168//4394
f 2125//4395 2045//4395 2044//4395
f 2047//4396 2014//4396 1945//4396
f 2014//4397 2047//4397 2046//4397
f 2048//4398 1979//4398 2014//4398
f 2048//4399 2015//4399 1979//4399
f 2088//4400 2016//4400 2049//4400
f 2051//4401 2016//4401 2180//4401
f 1981//4402 1980//4402 2052//4402
f 2017//4403 1981//4403 2052//4403
f 2091//4404 2017//4404 2052//4404
f 2053//4405 2017//4405 2091//4405
f 2018//4406 2017//4406 2053//4406
f 2018//4407 2053//4407 2054//4407
f 2054//4408 2055//4408 1949//4408
f 2056//4409 1949//4409 2055//4409
f 2055//4410 2054//4410 2057//4410
f 2055//4411 2057//4411 2056//4411
f 1983//4412 1982//4412 2056//4412
f 2093//4413 2056//4413 2057//4413
f 1984//4414 3025//4414 2141//4414
f 1984//4415 2141//4415 2058//4415
f 2058//4416 2141//4416 2095//4416
f 2095//4417 1951//4417 1986//4417
f 2059//4418 2020//4418 2095//4418
f 2188//4419 2060//4419 2235//4419
f 1988//4420 1952//4420 2061//4420
f 2061//4421 2097//4421 1988//4421
f 1953//4422 1988//4422 2097//4422
f 2025//4423 1956//4423 1885//4423
f 1921//4424 2063//4424 2026//4424
f 2146//4425 1992//4425 2026//4425
f 1994//4426 2148//4426 1995//4426
f 2148//4427 2149//4427 1995//4427
f 2101//4428 2066//4428 1996//4428
f 2151//4429 1996//4429 2066//4429
f 1997//4430 1996//4430 2151//4430
f 2152//4431 2027//4431 1997//4431
f 2152//4432 1997//4432 2151//4432
f 2029//4433 2028//4433 657//4433
f 2028//4434 2029//4434 1962//4434
f 2029//4435 2068//4435 2069//4435
f 2069//4436 1998//4436 2030//4436
f 552//4437 2103//4437 468//4437
f 622//4438 1929//4438 2104//4438
f 1929//4439 2070//4439 2104//4439
f 526//4440 2033//4440 622//4440
f 526//4441 575//4441 2033//4441
f 1999//4442 2034//4442 2199//4442
f 2106//4443 2107//4443 2035//4443
f 2035//4444 2108//4444 1930//4444
f 1896//4445 816//4445 708//4445
f 707//4446 1896//4446 708//4446
f 707//4447 708//4447 709//4447
f 709//4448 1931//4448 707//4448
f 2109//4449 1964//4449 709//4449
f 1931//4450 709//4450 1964//4450
f 2001//4451 1965//4451 2071//4451
f 1967//4452 2073//4452 2074//4452
f 2160//4453 1969//4453 2074//4453
f 2160//4454 2113//4454 2075//4454
f 2075//4455 2113//4455 2114//4455
f 1969//4456 2075//4456 3028//4456
f 3028//4457 2075//4457 2114//4457
f 2115//4458 2116//4458 2076//4458
f 2006//4459 2077//4459 2007//4459
f 2007//4460 2162//4460 2078//4460
f 2117//4461 2079//4461 2009//4461
f 1972//4462 2080//4462 2039//4462
f 1939//4463 2039//4463 1973//4463
f 2010//4464 1973//4464 2120//4464
f 2040//4465 2010//4465 2212//4465
f 2164//4466 2040//4466 2212//4466
f 1942//4467 2042//4467 2043//4467
f 2082//4468 2083//4468 2011//4468
f 1975//4469 2011//4469 2083//4469
f 2123//4470 1975//4470 2083//4470
f 2084//4471 1977//4471 1976//4471
f 2123//4472 2086//4472 2044//4472
f 2044//4473 2085//4473 2123//4473
f 2125//4474 2044//4474 2168//4474
f 2217//4475 2046//4475 2012//4475
f 2170//4476 2014//4476 2127//4476
f 2048//4477 2014//4477 2170//4477
f 2220//4478 2128//4478 2048//4478
f 2220//4479 2048//4479 2170//4479
f 2087//4480 2048//4480 2128//4480
f 2049//4481 2087//4481 2129//4481
f 2088//4482 2050//4482 2016//4482
f 2090//4483 2089//4483 2131//4483
f 2136//4484 2050//4484 2090//4484
f 2135//4485 2136//4485 2090//4485
f 2137//4486 2051//4486 2180//4486
f 2051//4487 2137//4487 1980//4487
f 2052//4488 2137//4488 2181//4488
f 1980//4489 2137//4489 2052//4489
f 2181//4490 2091//4490 2052//4490
f 2182//4491 2231//4491 2092//4491
f 2092//4492 2139//4492 2091//4492
f 2053//4493 2091//4493 2139//4493
f 2054//4494 2053//4494 2139//4494
f 2186//4495 2093//4495 2184//4495
f 2185//4496 2186//4496 2184//4496
f 2019//4497 2093//4497 2094//4497
f 2094//4498 2093//4498 2186//4498
f 2094//4499 2187//4499 3025//4499
f 2019//4500 2094//4500 3025//4500
f 3025//4501 3027//4501 2019//4501
f 3027//4502 3025//4502 1984//4502
f 2095//4503 2141//4503 2234//4503
f 1984//4504 2058//4504 2095//4504
f 2095//4505 1986//4505 1984//4505
f 2235//4506 2060//4506 3026//4506
f 2188//4507 2236//4507 2060//4507
f 2060//4508 2237//4508 2096//4508
f 2061//4509 2096//4509 2237//4509
f 2191//4510 2240//4510 1990//4510
f 1990//4511 2240//4511 2192//4511
f 2024//4512 2143//4512 2145//4512
f 2063//4513 1921//4513 2025//4513
f 2025//4514 2145//4514 2063//4514
f 2064//4515 1992//4515 2146//4515
f 2064//4516 2146//4516 2195//4516
f 2064//4517 2195//4517 2100//4517
f 1995//4518 2150//4518 1957//4518
f 2101//4519 2292//4519 2151//4519
f 2151//4520 2066//4520 2101//4520
f 2102//4521 2029//4521 657//4521
f 2068//4522 552//4522 2069//4522
f 552//4523 468//4523 2069//4523
f 468//4524 2103//4524 496//4524
f 2033//4525 495//4525 2199//4525
f 2033//4526 2199//4526 2034//4526
f 620//4527 2200//4527 2105//4527
f 2107//4528 2106//4528 2248//4528
f 2156//4529 2035//4529 2107//4529
f 2157//4530 816//4530 851//4530
f 708//4531 816//4531 2157//4531
f 2001//4532 2071//4532 2204//4532
f 2110//4533 2002//4533 2001//4533
f 2003//4534 2072//4534 2111//4534
f 2111//4535 2004//4535 2003//4535
f 2073//4536 2112//4536 2074//4536
f 2112//4537 2160//4537 2074//4537
f 2116//4538 2114//4538 2076//4538
f 2115//4539 2076//4539 2300//4539
f 2038//4540 2116//4540 2161//4540
f 2005//4541 2161//4541 2077//4541
f 2077//4542 2006//4542 2005//4542
f 2162//4543 2077//4543 2258//4543
f 2163//4544 2008//4544 2078//4544
f 2079//4545 2117//4545 2209//4545
f 1972//4546 2079//4546 2080//4546
f 2039//4547 2080//4547 2079//4547
f 2119//4548 1973//4548 2039//4548
f 2119//4549 2120//4549 1973//4549
f 2010//4550 2120//4550 2121//4550
f 2121//4551 2304//4551 2010//4551
f 2042//4552 2165//4552 2262//4552
f 2042//4553 2262//4553 2081//4553
f 2042//4554 2081//4554 2043//4554
f 2043//4555 2081//4555 2214//4555
f 2082//4556 2043//4556 2214//4556
f 2083//4557 2215//4557 2166//4557
f 2083//4558 2122//4558 2215//4558
f 2082//4559 2122//4559 2083//4559
f 2086//4560 2123//4560 2083//4560
f 2086//4561 2083//4561 2166//4561
f 2123//4562 2084//4562 1975//4562
f 2084//4563 2123//4563 2085//4563
f 2124//4564 2086//4564 2166//4564
f 2012//4565 2126//4565 2217//4565
f 2170//4566 2127//4566 2219//4566
f 2220//4567 2171//4567 2128//4567
f 2220//4568 2128//4568 2087//4568
f 2171//4569 2087//4569 2128//4569
f 2087//4570 2171//4570 2129//4570
f 2130//4571 2089//4571 2088//4571
f 2050//4572 2088//4572 2089//4572
f 2173//4573 2089//4573 2130//4573
f 2135//4574 2090//4574 2132//4574
f 2133//4575 2134//4575 2176//4575
f 2133//4576 2227//4576 2275//4576
f 2133//4577 2275//4577 2134//4577
f 2228//4578 2229//4578 2135//4578
f 2138//4579 2091//4579 2181//4579
f 2138//4580 2279//4580 2092//4580
f 2182//4581 2092//4581 2279//4581
f 2092//4582 2091//4582 2138//4582
f 2057//4583 2140//4583 2184//4583
f 2140//4584 2057//4584 2054//4584
f 2093//4585 2057//4585 2184//4585
f 2059//4586 2235//4586 3026//4586
f 2020//4587 2059//4587 3026//4587
f 2060//4588 2236//4588 2237//4588
f 2142//4589 2190//4589 2098//4589
f 1989//4590 2098//4590 2191//4590
f 2024//4591 2062//4591 2143//4591
f 2062//4592 2024//4592 1991//4592
f 2144//4593 2145//4593 2143//4593
f 2026//4594 2063//4594 2243//4594
f 2026//4595 2243//4595 2194//4595
f 2146//4596 2026//4596 2194//4596
f 2195//4597 2346//4597 2100//4597
f 2290//4598 2065//4598 2147//4598
f 2065//4599 2290//4599 2148//4599
f 1995//4600 2149//4600 2150//4600
f 2292//4601 2101//4601 2150//4601
f 2152//4602 2151//4602 2293//4602
f 2067//4603 2153//4603 2028//4603
f 2103//4604 474//4604 423//4604
f 496//4605 2198//4605 467//4605
f 526//4606 2155//4606 2354//4606
f 2033//4607 575//4607 495//4607
f 2247//4608 2105//4608 2200//4608
f 2106//4609 2201//4609 2248//4609
f 2157//4610 2251//4610 2202//4610
f 2251//4611 2157//4611 2108//4611
f 2108//4612 2157//4612 851//4612
f 2255//4613 2157//4613 2158//4613
f 817//4614 708//4614 2255//4614
f 2157//4615 2255//4615 708//4615
f 708//4616 2109//4616 709//4616
f 2071//4617 2036//4617 2109//4617
f 2072//4618 2002//4618 2159//4618
f 2111//4619 2072//4619 2159//4619
f 2300//4620 2076//4620 2367//4620
f 2299//4621 2300//4621 2367//4621
f 2161//4622 2116//4622 2115//4622
f 2163//4623 2162//4623 2078//4623
f 2260//4624 2117//4624 2163//4624
f 2008//4625 2163//4625 2009//4625
f 2370//4626 2209//4626 2117//4626
f 2119//4627 2039//4627 2118//4627
f 2167//4628 2124//4628 2216//4628
f 2167//4629 2216//4629 2264//4629
f 2167//4630 2264//4630 2124//4630
f 2168//4631 2265//4631 2125//4631
f 2267//4632 2126//4632 2125//4632
f 2267//4633 2217//4633 2126//4633
f 2218//4634 2217//4634 2266//4634
f 2169//4635 2217//4635 2218//4635
f 2127//4636 2046//4636 2169//4636
f 2127//4637 2169//4637 2219//4637
f 2269//4638 2220//4638 2219//4638
f 2171//4639 2314//4639 2172//4639
f 2130//4640 2088//4640 2129//4640
f 2172//4641 2173//4641 2130//4641
f 2130//4642 2129//4642 2172//4642
f 2174//4643 2222//4643 2173//4643
f 2223//4644 2131//4644 2222//4644
f 2131//4645 2223//4645 2132//4645
f 2175//4646 2176//4646 2132//4646
f 2134//4647 2132//4647 2176//4647
f 2225//4648 2271//4648 2178//4648
f 2178//4649 2226//4649 2227//4649
f 2178//4650 2227//4650 2133//4650
f 2178//4651 2133//4651 2225//4651
f 2133//4652 2176//4652 2177//4652
f 2275//4653 2228//4653 2134//4653
f 2135//4654 2229//4654 2179//4654
f 2179//4655 2277//4655 2136//4655
f 2179//4656 2136//4656 2135//4656
f 2180//4657 2136//4657 2277//4657
f 2278//4658 2137//4658 2180//4658
f 2137//4659 2278//4659 2181//4659
f 2230//4660 2181//4660 2278//4660
f 2230//4661 2138//4661 2181//4661
f 2054//4662 2139//4662 2183//4662
f 2140//4663 2054//4663 2183//4663
f 2283//4664 2140//4664 2183//4664
f 2184//4665 2140//4665 2283//4665
f 2186//4666 2185//4666 2337//4666
f 2186//4667 2285//4667 2094//4667
f 2187//4668 2094//4668 2285//4668
f 2187//4669 2141//4669 3025//4669
f 2234//4670 2059//4670 2095//4670
f 2021//4671 2097//4671 2189//4671
f 2021//4672 2190//4672 2142//4672
f 2341//4673 2190//4673 2021//4673
f 2238//4674 2191//4674 2098//4674
f 2023//4675 2193//4675 2099//4675
f 2192//4676 2193//4676 2023//4676
f 2242//4677 2062//4677 2099//4677
f 2062//4678 2242//4678 2143//4678
f 2100//4679 2147//4679 2065//4679
f 2196//4680 2290//4680 2147//4680
f 2197//4681 2349//4681 2148//4681
f 2349//4682 2149//4682 2148//4682
f 2150//4683 2291//4683 2292//4683
f 2294//4684 2067//4684 2152//4684
f 2067//4685 2294//4685 2153//4685
f 496//4686 2103//4686 2198//4686
f 423//4687 2198//4687 2103//4687
f 2198//4688 2155//4688 467//4688
f 620//4689 621//4689 2200//4689
f 2201//4690 2105//4690 2247//4690
f 2201//4691 2106//4691 2105//4691
f 2250//4692 2156//4692 2107//4692
f 2202//4693 2252//4693 2254//4693
f 2252//4694 2202//4694 2251//4694
f 2202//4695 2255//4695 2158//4695
f 2202//4696 2158//4696 2157//4696
f 776//4697 2109//4697 775//4697
f 708//4698 775//4698 2109//4698
f 776//4699 852//4699 2071//4699
f 2204//4700 2071//4700 852//4700
f 2204//4701 2110//4701 2001//4701
f 2204//4702 819//4702 2110//4702
f 2110//4703 819//4703 1542//4703
f 2363//4704 2205//4704 2159//4704
f 2159//4705 2205//4705 2111//4705
f 2205//4706 2206//4706 2111//4706
f 2256//4707 2206//4707 2364//4707
f 2113//4708 2160//4708 2207//4708
f 2208//4709 2114//4709 2113//4709
f 2161//4710 2258//4710 2077//4710
f 2162//4711 2259//4711 2163//4711
f 2079//4712 2210//4712 2118//4712
f 2210//4713 2079//4713 2209//4713
f 2118//4714 2210//4714 2119//4714
f 2302//4715 2119//4715 2210//4715
f 2120//4716 2211//4716 2303//4716
f 2165//4717 2042//4717 2164//4717
f 2213//4718 2214//4718 2081//4718
f 2214//4719 2122//4719 2082//4719
f 2263//4720 2215//4720 2214//4720
f 2214//4721 2215//4721 2122//4721
f 2166//4722 2216//4722 2124//4722
f 2124//4723 2264//4723 2168//4723
f 2267//4724 2125//4724 2265//4724
f 2218//4725 2266//4725 2169//4725
f 2266//4726 2312//4726 2218//4726
f 2218//4727 2312//4727 2169//4727
f 2269//4728 2314//4728 2220//4728
f 2171//4729 2220//4729 2314//4729
f 2221//4730 2172//4730 2314//4730
f 2173//4731 2172//4731 2221//4731
f 2173//4732 2221//4732 2174//4732
f 2270//4733 2222//4733 2174//4733
f 2316//4734 2223//4734 2222//4734
f 2317//4735 2223//4735 2316//4735
f 2175//4736 2223//4736 2224//4736
f 2224//4737 2319//4737 3023//4737
f 3023//4738 2133//4738 2177//4738
f 2133//4739 3023//4739 2225//4739
f 2178//4740 2273//4740 2226//4740
f 2273//4741 2178//4741 2271//4741
f 2226//4742 2273//4742 2274//4742
f 2322//4743 2226//4743 2274//4743
f 2226//4744 2322//4744 2227//4744
f 2328//4745 2179//4745 2229//4745
f 2328//4746 2277//4746 2179//4746
f 2278//4747 2180//4747 2277//4747
f 2390//4748 2230//4748 2278//4748
f 2230//4749 2279//4749 2138//4749
f 2183//4750 2139//4750 2231//4750
f 2231//4751 2139//4751 2092//4751
f 2282//4752 2183//4752 2231//4752
f 2283//4753 2185//4753 2184//4753
f 2233//4754 2185//4754 2283//4754
f 2141//4755 2187//4755 2286//4755
f 2188//4756 2340//4756 2287//4756
f 2189//4757 2097//4757 2395//4757
f 2189//4758 2395//4758 2021//4758
f 2395//4759 2190//4759 2021//4759
f 2190//4760 2341//4760 2142//4760
f 2238//4761 2098//4761 2190//4761
f 2238//4762 2239//4762 2191//4762
f 2342//4763 2191//4763 2239//4763
f 2240//4764 2191//4764 2239//4764
f 2192//4765 2240//4765 2397//4765
f 2193//4766 2241//4766 2099//4766
f 2242//4767 2099//4767 2241//4767
f 2143//4768 2242//4768 2399//4768
f 2143//4769 2399//4769 2144//4769
f 2063//4770 2145//4770 2243//4770
f 2147//4771 2100//4771 2346//4771
f 2197//4772 2148//4772 2290//4772
f 2293//4773 2151//4773 2292//4773
f 2245//4774 2152//4774 2293//4774
f 2293//4775 2402//4775 2445//4775
f 2245//4776 2293//4776 2445//4776
f 2294//4777 2152//4777 2246//4777
f 474//4778 441//4778 423//4778
f 2198//4779 423//4779 2353//4779
f 2155//4780 2104//4780 467//4780
f 2449//4781 2155//4781 2198//4781
f 2449//4782 2354//4782 2155//4782
f 2354//4783 2355//4783 526//4783
f 2355//4784 575//4784 526//4784
f 2201//4785 2247//4785 2296//4785
f 2201//4786 2296//4786 2248//4786
f 2249//4787 2406//4787 2250//4787
f 2250//4788 2251//4788 2156//4788
f 2108//4789 2156//4789 2251//4789
f 2252//4790 2253//4790 2254//4790
f 817//4791 2255//4791 775//4791
f 775//4792 2255//4792 2203//4792
f 3024//4793 2110//4793 1542//4793
f 2205//4794 2363//4794 2206//4794
f 2206//4795 2256//4795 2073//4795
f 2206//4796 2363//4796 2364//4796
f 2073//4797 2256//4797 2112//4797
f 2365//4798 2112//4798 2256//4798
f 2112//4799 2365//4799 2160//4799
f 2366//4800 2207//4800 2365//4800
f 2160//4801 2366//4801 2207//4801
f 2208//4802 2113//4802 2207//4802
f 2208//4803 2076//4803 2114//4803
f 2208//4804 2207//4804 2367//4804
f 2367//4805 2298//4805 2299//4805
f 2257//4806 2115//4806 2300//4806
f 2161//4807 2115//4807 2258//4807
f 2259//4808 2412//4808 2260//4808
f 2260//4809 2163//4809 2259//4809
f 2370//4810 2117//4810 2260//4810
f 2370//4811 2260//4811 2369//4811
f 2120//4812 2119//4812 2302//4812
f 2211//4813 2120//4813 2302//4813
f 2212//4814 2165//4814 2164//4814
f 2261//4815 2165//4815 2212//4815
f 2261//4816 2305//4816 2165//4816
f 2215//4817 2308//4817 2166//4817
f 2216//4818 2166//4818 2308//4818
f 2168//4819 2264//4819 2265//4819
f 2374//4820 2265//4820 2264//4820
f 2266//4821 2310//4821 2311//4821
f 2266//4822 2267//4822 2310//4822
f 2375//4823 2266//4823 2311//4823
f 2169//4824 2312//4824 2268//4824
f 2219//4825 2169//4825 2268//4825
f 2219//4826 2268//4826 2269//4826
f 2378//4827 2270//4827 2174//4827
f 2978//4828 2270//4828 2378//4828
f 2316//4829 2222//4829 2270//4829
f 3023//4830 2176//4830 2224//4830
f 3023//4831 2177//4831 2176//4831
f 2273//4832 2272//4832 2383//4832
f 2273//4833 2383//4833 2271//4833
f 2273//4834 2271//4834 2272//4834
f 2274//4835 2273//4835 2383//4835
f 2274//4836 2383//4836 2321//4836
f 2273//4837 2321//4837 2274//4837
f 2322//4838 2274//4838 2321//4838
f 2276//4839 2228//4839 2324//4839
f 2328//4840 2228//4840 2276//4840
f 2328//4841 2229//4841 2228//4841
f 2328//4842 2389//4842 2277//4842
f 2277//4843 2329//4843 2390//4843
f 2277//4844 2390//4844 2278//4844
f 2390//4845 2330//4845 2230//4845
f 2280//4846 2182//4846 2332//4846
f 2280//4847 2282//4847 2182//4847
f 2282//4848 2231//4848 2182//4848
f 2280//4849 2281//4849 2282//4849
f 2281//4850 3020//4850 2282//4850
f 2233//4851 2284//4851 2185//4851
f 2185//4852 2284//4852 2337//4852
f 2186//4853 2337//4853 2285//4853
f 2285//4854 2337//4854 2338//4854
f 2187//4855 2285//4855 2286//4855
f 2286//4856 2234//4856 2141//4856
f 2234//4857 2339//4857 2235//4857
f 2236//4858 2188//4858 2287//4858
f 2394//4859 2237//4859 2236//4859
f 2341//4860 2190//4860 2395//4860
f 2341//4861 2238//4861 2190//4861
f 2341//4862 2482//4862 2238//4862
f 2239//4863 2238//4863 2342//4863
f 2397//4864 2193//4864 2192//4864
f 2288//4865 2242//4865 2241//4865
f 2144//4866 2289//4866 2344//4866
f 2243//4867 2145//4867 2144//4867
f 2195//4868 2146//4868 2194//4868
f 2195//4869 2194//4869 2244//4869
f 2441//4870 2196//4870 2147//4870
f 2348//4871 2290//4871 2196//4871
f 2291//4872 2149//4872 2349//4872
f 2291//4873 2150//4873 2149//4873
f 2445//4874 2152//4874 2245//4874
f 2152//4875 2445//4875 2246//4875
f 527//4876 442//4876 441//4876
f 441//4877 2352//4877 423//4877
f 2198//4878 2353//4878 2449//4878
f 2199//4879 575//4879 2295//4879
f 2358//4880 2247//4880 2357//4880
f 2357//4881 2247//4881 2200//4881
f 2247//4882 2358//4882 2456//4882
f 2248//4883 2360//4883 2107//4883
f 2250//4884 2107//4884 2360//4884
f 2360//4885 2249//4885 2250//4885
f 2360//4886 2406//4886 2249//4886
f 2406//4887 2360//4887 2460//4887
f 2406//4888 2252//4888 2249//4888
f 2252//4889 2251//4889 2250//4889
f 2249//4890 2252//4890 2250//4890
f 2297//4891 2406//4891 2461//4891
f 2253//4892 2297//4892 2254//4892
f 2406//4893 2297//4893 2253//4893
f 2202//4894 2254//4894 3022//4894
f 818//4895 819//4895 2204//4895
f 2463//4896 3024//4896 1542//4896
f 2365//4897 2256//4897 2364//4897
f 2258//4898 2115//4898 2257//4898
f 2162//4899 2258//4899 2468//4899
f 2301//4900 2259//4900 2162//4900
f 2211//4901 2474//4901 2303//4901
f 2261//4902 2212//4902 2304//4902
f 2262//4903 2165//4903 2305//4903
f 2414//4904 2262//4904 2305//4904
f 2214//4905 2213//4905 2263//4905
f 2216//4906 2308//4906 2476//4906
f 2476//4907 2309//4907 2216//4907
f 2419//4908 2264//4908 2309//4908
f 2309//4909 2476//4909 2419//4909
f 2309//4910 2264//4910 2216//4910
f 2374//4911 2310//4911 2265//4911
f 2267//4912 2265//4912 2310//4912
f 2310//4913 2420//4913 2311//4913
f 2512//4914 2420//4914 2310//4914
f 2312//4915 2266//4915 2375//4915
f 2376//4916 2312//4916 2375//4916
f 2268//4917 2313//4917 2269//4917
f 2964//4918 2269//4918 2313//4918
f 2964//4919 2965//4919 2269//4919
f 2221//4920 2315//4920 2174//4920
f 2978//4921 2315//4921 2966//4921
f 2174//4922 2315//4922 2378//4922
f 2378//4923 2315//4923 2978//4923
f 2379//4924 2979//4924 2316//4924
f 2979//4925 2317//4925 2316//4925
f 2318//4926 2224//4926 2317//4926
f 2223//4927 2317//4927 2224//4927
f 2318//4928 2319//4928 2224//4928
f 2225//4929 3023//4929 2380//4929
f 2271//4930 2381//4930 2272//4930
f 2383//4931 2272//4931 2382//4931
f 2383//4932 2382//4932 2983//4932
f 2321//4933 2383//4933 2320//4933
f 2320//4934 2986//4934 2321//4934
f 2322//4935 2384//4935 2227//4935
f 2227//4936 2384//4936 2386//4936
f 2387//4937 2324//4937 2323//4937
f 2323//4938 2275//4938 2387//4938
f 2324//4939 2228//4939 2275//4939
f 2324//4940 2387//4940 2325//4940
f 2325//4941 2326//4941 2327//4941
f 2328//4942 2276//4942 2389//4942
f 2277//4943 2389//4943 2329//4943
f 2975//4944 2331//4944 2330//4944
f 2279//4945 2332//4945 2182//4945
f 2280//4946 2332//4946 2333//4946
f 2281//4947 2280//4947 2333//4947
f 2281//4948 2334//4948 3020//4948
f 2232//4949 3020//4949 2335//4949
f 2284//4950 2336//4950 2337//4950
f 2286//4951 2285//4951 2427//4951
f 2234//4952 2286//4952 2428//4952
f 2234//4953 2428//4953 2339//4953
f 2235//4954 2339//4954 2188//4954
f 2340//4955 2188//4955 2339//4955
f 2097//4956 2237//4956 2395//4956
f 2238//4957 2482//4957 2342//4957
f 2342//4958 2483//4958 2396//4958
f 2240//4959 2239//4959 2342//4959
f 2240//4960 2396//4960 2397//4960
f 2242//4961 2288//4961 2398//4961
f 2289//4962 2144//4962 2399//4962
f 2243//4963 2144//4963 2344//4963
f 2194//4964 2345//4964 2244//4964
f 2345//4965 2194//4965 2243//4965
f 2147//4966 2346//4966 2347//4966
f 2441//4967 2147//4967 2347//4967
f 2400//4968 2290//4968 2348//4968
f 2197//4969 2290//4969 2400//4969
f 2400//4970 2443//4970 2349//4970
f 2400//4971 2349//4971 2197//4971
f 2291//4972 2293//4972 2292//4972
f 2351//4973 2294//4973 2350//4973
f 2351//4974 2403//4974 2154//4974
f 2353//4975 423//4975 2352//4975
f 2355//4976 2356//4976 2295//4976
f 2295//4977 2356//4977 2451//4977
f 2451//4978 2452//4978 2295//4978
f 2295//4979 621//4979 2199//4979
f 2452//4980 621//4980 2295//4980
f 2452//4981 2200//4981 621//4981
f 2296//4982 2456//4982 3105//4982
f 2296//4983 3105//4983 2359//4983
f 2296//4984 2359//4984 2248//4984
f 2360//4985 2248//4985 2359//4985
f 2297//4986 2408//4986 2361//4986
f 2361//4987 2254//4987 2297//4987
f 3022//4988 2361//4988 2409//4988
f 2409//4989 2362//4989 3022//4989
f 780//4990 3024//4990 2463//4990
f 2257//4991 2300//4991 2368//4991
f 2470//4992 2259//4992 2301//4992
f 2369//4993 2506//4993 2370//4993
f 2371//4994 2209//4994 2370//4994
f 2210//4995 2371//4995 2372//4995
f 2473//4996 2373//4996 2372//4996
f 2372//4997 2373//4997 2210//4997
f 2507//4998 2474//4998 2302//4998
f 2302//4999 2474//4999 2211//4999
f 2213//5000 2262//5000 2414//5000
f 2415//5001 2263//5001 2414//5001
f 2374//5002 2264//5002 2419//5002
f 2374//5003 2419//5003 2477//5003
f 2310//5004 2374//5004 2512//5004
f 2421//5005 2311//5005 2420//5005
f 2375//5006 2311//5006 2421//5006
f 2375//5007 2422//5007 2376//5007
f 2977//5008 2376//5008 2391//5008
f 2977//5009 2268//5009 2376//5009
f 2268//5010 2312//5010 2376//5010
f 2313//5011 2977//5011 2964//5011
f 2269//5012 2965//5012 2314//5012
f 2314//5013 2377//5013 2221//5013
f 2966//5014 2377//5014 3016//5014
f 2377//5015 2966//5015 2221//5015
f 2315//5016 2221//5016 2966//5016
f 2316//5017 2270//5017 2378//5017
f 2316//5018 2378//5018 2379//5018
f 2317//5019 2979//5019 2967//5019
f 2225//5020 2380//5020 2381//5020
f 2271//5021 2225//5021 2381//5021
f 2381//5022 2382//5022 2272//5022
f 2986//5023 2987//5023 2321//5023
f 2322//5024 2970//5024 2384//5024
f 2385//5025 2386//5025 2384//5025
f 2386//5026 2275//5026 2227//5026
f 2386//5027 2387//5027 2275//5027
f 2275//5028 2323//5028 2324//5028
f 3002//5029 2325//5029 2387//5029
f 2326//5030 3004//5030 2388//5030
f 3010//5031 2327//5031 2388//5031
f 3010//5032 2276//5032 2327//5032
f 2974//5033 2329//5033 2389//5033
f 2329//5034 2330//5034 2390//5034
f 2330//5035 2331//5035 2279//5035
f 2331//5036 2332//5036 2279//5036
f 2334//5037 2281//5037 2976//5037
f 2334//5038 2391//5038 2335//5038
f 2391//5039 2423//5039 2335//5039
f 3020//5040 2334//5040 2335//5040
f 2335//5041 2392//5041 2232//5041
f 2424//5042 2284//5042 2233//5042
f 2337//5043 2336//5043 2338//5043
f 2286//5044 2427//5044 2428//5044
f 2287//5045 2340//5045 2429//5045
f 2394//5046 2236//5046 2287//5046
f 2240//5047 2342//5047 2396//5047
f 2397//5048 2343//5048 2193//5048
f 2241//5049 2193//5049 2515//5049
f 2487//5050 2288//5050 2241//5050
f 2435//5051 2344//5051 2289//5051
f 2345//5052 2243//5052 2344//5052
f 2244//5053 2346//5053 2195//5053
f 2348//5054 2196//5054 2441//5054
f 2402//5055 2293//5055 2291//5055
f 2402//5056 2291//5056 2401//5056
f 2492//5057 2402//5057 2401//5057
f 2293//5058 2402//5058 2520//5058
f 2446//5059 2351//5059 2350//5059
f 2154//5060 2403//5060 576//5060
f 2154//5061 576//5061 442//5061
f 441//5062 2565//5062 2404//5062
f 2404//5063 2352//5063 441//5063
f 2352//5064 2497//5064 2448//5064
f 2353//5065 2448//5065 2497//5065
f 2352//5066 2448//5066 2353//5066
f 2354//5067 2449//5067 2450//5067
f 2355//5068 2405//5068 2356//5068
f 2357//5069 2200//5069 2452//5069
f 3083//5070 2456//5070 2532//5070
f 3083//5071 2457//5071 3105//5071
f 2456//5072 3083//5072 3105//5072
f 2359//5073 2458//5073 2360//5073
f 2458//5074 2460//5074 2360//5074
f 2535//5075 2461//5075 2406//5075
f 2407//5076 2461//5076 936//5076
f 2407//5077 936//5077 2408//5077
f 2407//5078 2408//5078 2297//5078
f 2407//5079 2297//5079 2461//5079
f 2462//5080 2409//5080 2361//5080
f 2409//5081 1013//5081 2362//5081
f 1013//5082 933//5082 2362//5082
f 2159//5083 2503//5083 2363//5083
f 2298//5084 2367//5084 2465//5084
f 2298//5085 2466//5085 2299//5085
f 2467//5086 2368//5086 2299//5086
f 2506//5087 2412//5087 2611//5087
f 2412//5088 2506//5088 2369//5088
f 2372//5089 2371//5089 2413//5089
f 2372//5090 2413//5090 2473//5090
f 2261//5091 2508//5091 2475//5091
f 2305//5092 2475//5092 2414//5092
f 2415//5093 2306//5093 2263//5093
f 2415//5094 2307//5094 2306//5094
f 2585//5095 2417//5095 2416//5095
f 2415//5096 2585//5096 2416//5096
f 2307//5097 2415//5097 2417//5097
f 2548//5098 2418//5098 2417//5098
f 2418//5099 2476//5099 2307//5099
f 2307//5100 2417//5100 2418//5100
f 2419//5101 2476//5101 2549//5101
f 2511//5102 2477//5102 2419//5102
f 2477//5103 2512//5103 2374//5103
f 2421//5104 2420//5104 2478//5104
f 2421//5105 2422//5105 2376//5105
f 2375//5106 2421//5106 2422//5106
f 2391//5107 2376//5107 2423//5107
f 2422//5108 2423//5108 2376//5108
f 2478//5109 2424//5109 2423//5109
f 2424//5110 2233//5110 2392//5110
f 2425//5111 2336//5111 2284//5111
f 2425//5112 2393//5112 2336//5112
f 2426//5113 2393//5113 2425//5113
f 2426//5114 2588//5114 2393//5114
f 2338//5115 2336//5115 2393//5115
f 2338//5116 2393//5116 2480//5116
f 2480//5117 2393//5117 2479//5117
f 2338//5118 2480//5118 2427//5118
f 2285//5119 2338//5119 2427//5119
f 2394//5120 2287//5120 2430//5120
f 2394//5121 2431//5121 2395//5121
f 2554//5122 2432//5122 2486//5122
f 2487//5123 2433//5123 2288//5123
f 2288//5124 2433//5124 2398//5124
f 2398//5125 2399//5125 2242//5125
f 2344//5126 2435//5126 2490//5126
f 2344//5127 2437//5127 2345//5127
f 2244//5128 2345//5128 2437//5128
f 2490//5129 2489//5129 2438//5129
f 2490//5130 2438//5130 2437//5130
f 2437//5131 2438//5131 2440//5131
f 2438//5132 2439//5132 2440//5132
f 2440//5133 2491//5133 2346//5133
f 2348//5134 2561//5134 2400//5134
f 2401//5135 2291//5135 2492//5135
f 2402//5136 2492//5136 2520//5136
f 2520//5137 2445//5137 2402//5137
f 2246//5138 2350//5138 2294//5138
f 2446//5139 2350//5139 2493//5139
f 2403//5140 2351//5140 576//5140
f 2495//5141 442//5141 576//5141
f 2565//5142 441//5142 393//5142
f 2352//5143 367//5143 340//5143
f 2352//5144 2404//5144 367//5144
f 2565//5145 367//5145 2404//5145
f 2352//5146 340//5146 2447//5146
f 2449//5147 2353//5147 2523//5147
f 2405//5148 2355//5148 2354//5148
f 2356//5149 2405//5149 2499//5149
f 2356//5150 2524//5150 2451//5150
f 2453//5151 2357//5151 2451//5151
f 2525//5152 2451//5152 2453//5152
f 2453//5153 2525//5153 2357//5153
f 2451//5154 2357//5154 2452//5154
f 2525//5155 2454//5155 2357//5155
f 2357//5156 2454//5156 2358//5156
f 2500//5157 2456//5157 2358//5157
f 2532//5158 2457//5158 3083//5158
f 2359//5159 2457//5159 2458//5159
f 2458//5160 3068//5160 2459//5160
f 2536//5161 936//5161 2461//5161
f 2409//5162 2462//5162 784//5162
f 2409//5163 686//5163 783//5163
f 2409//5164 783//5164 1013//5164
f 2463//5165 2159//5165 780//5165
f 2411//5166 2464//5166 2363//5166
f 2464//5167 2411//5167 2577//5167
f 2504//5168 2464//5168 2577//5168
f 2464//5169 2504//5169 2364//5169
f 2464//5170 2364//5170 2363//5170
f 2505//5171 2366//5171 2365//5171
f 2298//5172 2465//5172 2579//5172
f 2579//5173 2540//5173 2298//5173
f 2466//5174 2298//5174 2540//5174
f 2466//5175 2467//5175 2299//5175
f 2257//5176 2368//5176 2468//5176
f 2468//5177 2258//5177 2257//5177
f 2301//5178 2468//5178 2469//5178
f 2471//5179 2370//5179 2506//5179
f 2506//5180 2413//5180 2471//5180
f 2413//5181 2371//5181 2370//5181
f 2413//5182 2370//5182 2471//5182
f 2472//5183 2473//5183 2413//5183
f 2302//5184 2373//5184 2507//5184
f 2304//5185 2508//5185 2261//5185
f 2261//5186 2475//5186 2305//5186
f 2475//5187 2509//5187 2414//5187
f 2417//5188 2415//5188 2416//5188
f 2548//5189 2476//5189 2418//5189
f 2549//5190 2511//5190 2419//5190
f 2588//5191 2426//5191 2477//5191
f 2423//5192 2424//5192 2335//5192
f 2392//5193 2335//5193 2424//5193
f 2284//5194 2424//5194 2478//5194
f 2588//5195 2479//5195 2393//5195
f 2428//5196 2481//5196 2551//5196
f 2429//5197 2551//5197 2513//5197
f 2429//5198 2430//5198 2287//5198
f 2341//5199 2552//5199 2482//5199
f 2592//5200 2342//5200 2482//5200
f 2483//5201 2342//5201 2592//5201
f 2484//5202 2396//5202 2483//5202
f 2343//5203 2397//5203 2554//5203
f 2485//5204 2432//5204 2555//5204
f 2515//5205 2193//5205 2343//5205
f 2241//5206 2515//5206 2487//5206
f 2433//5207 2487//5207 2516//5207
f 2433//5208 2488//5208 2398//5208
f 2434//5209 2289//5209 2399//5209
f 2435//5210 2289//5210 2434//5210
f 2435//5211 2434//5211 2436//5211
f 2489//5212 2435//5212 2436//5212
f 2344//5213 2490//5213 2437//5213
f 2489//5214 2437//5214 2490//5214
f 2346//5215 2244//5215 2440//5215
f 2346//5216 2491//5216 2347//5216
f 2400//5217 2442//5217 2443//5217
f 2445//5218 2520//5218 2564//5218
f 2444//5219 2445//5219 2564//5219
f 2493//5220 2445//5220 2444//5220
f 2246//5221 2445//5221 2493//5221
f 2246//5222 2493//5222 2350//5222
f 2493//5223 2521//5223 2446//5223
f 2446//5224 2495//5224 2351//5224
f 2496//5225 443//5225 2662//5225
f 2565//5226 393//5226 443//5226
f 2522//5227 2523//5227 2497//5227
f 2497//5228 2523//5228 2448//5228
f 2448//5229 2523//5229 2353//5229
f 2498//5230 2499//5230 2405//5230
f 2356//5231 2499//5231 2524//5231
f 2526//5232 2454//5232 2525//5232
f 2526//5233 2527//5233 2455//5233
f 2454//5234 2526//5234 2455//5234
f 2500//5235 2528//5235 2532//5235
f 2500//5236 2358//5236 2454//5236
f 2455//5237 2500//5237 2454//5237
f 2528//5238 2500//5238 2455//5238
f 2532//5239 2456//5239 2500//5239
f 2457//5240 2532//5240 2572//5240
f 3068//5241 2458//5241 2457//5241
f 2459//5242 3068//5242 2533//5242
f 2533//5243 3068//5243 2603//5243
f 2603//5244 2501//5244 2533//5244
f 686//5245 2409//5245 784//5245
f 1013//5246 783//5246 933//5246
f 821//5247 890//5247 933//5247
f 1542//5248 853//5248 2537//5248
f 2463//5249 1542//5249 2576//5249
f 2159//5250 2463//5250 2503//5250
f 2503//5251 2411//5251 2363//5251
f 2504//5252 2365//5252 2364//5252
f 2578//5253 2579//5253 2465//5253
f 2467//5254 2541//5254 2368//5254
f 2469//5255 2582//5255 2470//5255
f 2611//5256 2412//5256 2542//5256
f 2546//5257 2303//5257 2474//5257
f 2475//5258 2508//5258 2623//5258
f 2509//5259 2415//5259 2414//5259
f 2547//5260 2415//5260 2509//5260
f 2547//5261 2585//5261 2415//5261
f 2585//5262 2613//5262 2417//5262
f 2426//5263 2420//5263 2512//5263
f 2480//5264 2481//5264 2427//5264
f 2551//5265 2339//5265 2428//5265
f 2429//5266 2340//5266 2339//5266
f 2429//5267 2513//5267 2430//5267
f 2394//5268 2430//5268 2591//5268
f 2395//5269 2431//5269 2341//5269
f 2341//5270 2431//5270 2552//5270
f 2483//5271 2617//5271 2484//5271
f 2514//5272 2396//5272 2484//5272
f 2397//5273 2396//5273 2514//5273
f 2554//5274 2397//5274 2514//5274
f 2343//5275 2486//5275 2515//5275
f 2433//5276 2516//5276 2686//5276
f 2557//5277 2963//5277 2488//5277
f 2399//5278 2398//5278 2434//5278
f 2436//5279 2434//5279 2517//5279
f 2489//5280 2490//5280 2435//5280
f 2441//5281 2519//5281 2348//5281
f 2348//5282 2519//5282 2561//5282
f 2959//5283 2400//5283 2561//5283
f 2442//5284 2400//5284 2959//5284
f 2442//5285 2563//5285 2443//5285
f 2349//5286 2443//5286 2492//5286
f 2492//5287 2691//5287 2520//5287
f 2446//5288 2494//5288 2495//5288
f 2494//5289 2661//5289 2662//5289
f 2494//5290 2662//5290 443//5290
f 2523//5291 2450//5291 2449//5291
f 2498//5292 2405//5292 2566//5292
f 2600//5293 2499//5293 2498//5293
f 2524//5294 2600//5294 2601//5294
f 2600//5295 2524//5295 2499//5295
f 2451//5296 2524//5296 2601//5296
f 2451//5297 2601//5297 2453//5297
f 2525//5298 2453//5298 2601//5298
f 2525//5299 2601//5299 2568//5299
f 2528//5300 2455//5300 2527//5300
f 2572//5301 2532//5301 2571//5301
f 3068//5302 2457//5302 2572//5302
f 2572//5303 2603//5303 3068//5303
f 2603//5304 2604//5304 2501//5304
f 2459//5305 2533//5305 2534//5305
f 2534//5306 2460//5306 2459//5306
f 2459//5307 2460//5307 2458//5307
f 2535//5308 2406//5308 2534//5308
f 2677//5309 2535//5309 2534//5309
f 2677//5310 2406//5310 2535//5310
f 2535//5311 2677//5311 2461//5311
f 2606//5312 2536//5312 2461//5312
f 2679//5313 854//5313 936//5313
f 821//5314 933//5314 783//5314
f 820//5315 2537//5315 853//5315
f 2576//5316 1542//5316 2537//5316
f 2502//5317 2503//5317 2463//5317
f 2502//5318 2411//5318 2503//5318
f 2505//5319 2578//5319 2366//5319
f 2541//5320 2468//5320 2368//5320
f 2469//5321 2468//5321 2541//5321
f 2470//5322 2734//5322 2542//5322
f 2470//5323 2542//5323 2412//5323
f 2543//5324 2413//5324 2506//5324
f 2545//5325 2373//5325 2473//5325
f 2373//5326 2545//5326 2507//5326
f 2474//5327 2507//5327 2584//5327
f 2584//5328 2621//5328 2474//5328
f 2546//5329 2474//5329 2621//5329
f 2622//5330 2508//5330 2303//5330
f 2622//5331 2303//5331 2546//5331
f 2508//5332 2304//5332 2303//5332
f 2547//5333 2475//5333 2623//5333
f 2509//5334 2475//5334 2547//5334
f 2585//5335 2625//5335 2613//5335
f 2476//5336 2548//5336 2549//5336
f 2589//5337 2481//5337 2480//5337
f 2481//5338 2589//5338 2550//5338
f 2590//5339 2430//5339 2513//5339
f 2616//5340 2431//5340 2394//5340
f 2514//5341 2484//5341 2617//5341
f 2617//5342 2638//5342 2514//5342
f 2638//5343 2553//5343 2514//5343
f 2514//5344 2553//5344 2555//5344
f 2555//5345 2554//5345 2514//5345
f 2555//5346 2619//5346 2485//5346
f 2486//5347 2432//5347 2485//5347
f 2485//5348 2594//5348 2486//5348
f 2594//5349 2485//5349 2556//5349
f 2594//5350 2515//5350 2486//5350
f 2515//5351 2516//5351 2487//5351
f 2515//5352 2594//5352 2516//5352
f 2433//5353 2686//5353 2595//5353
f 2517//5354 2434//5354 2398//5354
f 2489//5355 2597//5355 2558//5355
f 2597//5356 2489//5356 2436//5356
f 2439//5357 2491//5357 2440//5357
f 2491//5358 2439//5358 2559//5358
f 2491//5359 2559//5359 2656//5359
f 2491//5360 2656//5360 2560//5360
f 2347//5361 2560//5361 2441//5361
f 2560//5362 2347//5362 2491//5362
f 2561//5363 2519//5363 2657//5363
f 2562//5364 2563//5364 2442//5364
f 2599//5365 2522//5365 2664//5365
f 2450//5366 2599//5366 2566//5366
f 2450//5367 2566//5367 2405//5367
f 2566//5368 2567//5368 2498//5368
f 2526//5369 2668//5369 2527//5369
f 2668//5370 3077//5370 2527//5370
f 3059//5371 3077//5371 2569//5371
f 2529//5372 2527//5372 3059//5372
f 2530//5373 2529//5373 3059//5373
f 3058//5374 2530//5374 3059//5374
f 3058//5375 3059//5375 3057//5375
f 2531//5376 2529//5376 2673//5376
f 2532//5377 2531//5377 2571//5377
f 2571//5378 2531//5378 2673//5378
f 2675//5379 2604//5379 2603//5379
f 2573//5380 2604//5380 2676//5380
f 2573//5381 2676//5381 2605//5381
f 2605//5382 2501//5382 2573//5382
f 2604//5383 2573//5383 2501//5383
f 2501//5384 2605//5384 2533//5384
f 2533//5385 2677//5385 2534//5385
f 2460//5386 2534//5386 2406//5386
f 2607//5387 2701//5387 2574//5387
f 2574//5388 976//5388 2536//5388
f 854//5389 2679//5389 822//5389
f 785//5390 892//5390 784//5390
f 2538//5391 2537//5391 820//5391
f 2681//5392 2538//5392 2575//5392
f 2682//5393 2576//5393 2538//5393
f 2537//5394 2538//5394 2576//5394
f 2411//5395 2502//5395 2539//5395
f 2577//5396 2411//5396 2704//5396
f 2505//5397 2365//5397 2504//5397
f 2579//5398 2578//5398 2706//5398
f 2580//5399 2540//5399 2579//5399
f 2540//5400 2581//5400 2466//5400
f 2610//5401 2466//5401 2581//5401
f 2541//5402 2467//5402 2610//5402
f 2541//5403 2958//5403 2582//5403
f 2469//5404 2541//5404 2582//5404
f 2611//5405 2542//5405 2685//5405
f 2583//5406 2472//5406 2709//5406
f 2472//5407 2583//5407 2473//5407
f 2593//5408 2960//5408 2544//5408
f 2545//5409 2473//5409 2544//5409
f 2544//5410 2960//5410 2545//5410
f 2960//5411 2507//5411 2545//5411
f 2584//5412 2507//5412 2960//5412
f 2620//5413 2621//5413 2584//5413
f 2549//5414 2614//5414 2511//5414
f 2615//5415 2961//5415 2586//5415
f 2587//5416 2511//5416 2961//5416
f 2588//5417 2511//5417 2589//5417
f 2589//5418 2479//5418 2588//5418
f 2589//5419 2480//5419 2479//5419
f 2550//5420 2551//5420 2481//5420
f 2627//5421 2513//5421 2551//5421
f 2645//5422 2553//5422 2644//5422
f 2618//5423 2553//5423 2645//5423
f 2593//5424 2619//5424 2960//5424
f 2619//5425 2593//5425 2485//5425
f 2544//5426 2556//5426 2593//5426
f 2593//5427 2556//5427 2485//5427
f 2595//5428 2686//5428 2557//5428
f 2595//5429 2557//5429 2488//5429
f 2433//5430 2595//5430 2488//5430
f 2596//5431 2963//5431 2557//5431
f 2596//5432 2688//5432 2963//5432
f 2436//5433 2688//5433 2597//5433
f 2559//5434 2655//5434 2656//5434
f 2655//5435 2559//5435 2518//5435
f 2519//5436 2441//5436 2598//5436
f 2562//5437 2442//5437 2959//5437
f 2691//5438 2492//5438 2563//5438
f 2520//5439 2691//5439 2564//5439
f 2715//5440 2564//5440 2691//5440
f 2693//5441 2662//5441 2661//5441
f 258//5442 218//5442 2497//5442
f 2522//5443 2497//5443 218//5443
f 2522//5444 218//5444 2664//5444
f 2599//5445 2664//5445 2566//5445
f 2599//5446 2566//5446 2523//5446
f 2599//5447 2523//5447 2522//5447
f 2523//5448 2599//5448 2450//5448
f 2450//5449 2523//5449 2522//5449
f 2526//5450 2667//5450 2668//5450
f 2697//5451 3077//5451 2668//5451
f 3060//5452 2569//5452 3077//5452
f 2569//5453 3060//5453 2669//5453
f 3057//5454 3059//5454 2569//5454
f 3057//5455 2569//5455 2669//5455
f 3058//5456 2570//5456 2602//5456
f 2530//5457 3058//5457 2962//5457
f 2529//5458 2530//5458 2673//5458
f 2673//5459 2674//5459 2571//5459
f 2572//5460 2571//5460 2674//5460
f 2572//5461 2674//5461 2603//5461
f 2677//5462 2533//5462 2605//5462
f 2677//5463 2606//5463 2461//5463
f 2536//5464 2606//5464 2607//5464
f 606//5465 891//5465 663//5465
f 606//5466 747//5466 891//5466
f 890//5467 2680//5467 820//5467
f 820//5468 2680//5468 2575//5468
f 2575//5469 2538//5469 820//5469
f 2576//5470 2502//5470 2463//5470
f 2576//5471 2539//5471 2502//5471
f 2539//5472 2704//5472 2411//5472
f 2504//5473 2577//5473 2683//5473
f 2504//5474 2683//5474 2505//5474
f 2706//5475 2578//5475 2705//5475
f 2706//5476 2580//5476 2579//5476
f 2609//5477 2732//5477 2581//5477
f 2540//5478 2609//5478 2581//5478
f 2581//5479 2732//5479 2610//5479
f 2541//5480 2610//5480 2958//5480
f 2582//5481 2734//5481 2470//5481
f 2685//5482 2542//5482 2734//5482
f 2543//5483 2472//5483 2413//5483
f 2472//5484 2543//5484 2612//5484
f 2472//5485 2612//5485 2709//5485
f 2584//5486 2619//5486 2620//5486
f 2624//5487 2547//5487 2623//5487
f 2613//5488 2631//5488 2510//5488
f 2549//5489 2548//5489 2614//5489
f 2511//5490 2614//5490 2961//5490
f 2586//5491 2961//5491 2614//5491
f 2615//5492 2586//5492 2626//5492
f 2961//5493 2589//5493 2511//5493
f 2615//5494 2632//5494 2550//5494
f 2430//5495 2590//5495 2591//5495
f 2592//5496 2552//5496 2616//5496
f 2616//5497 2552//5497 2431//5497
f 2637//5498 2617//5498 2483//5498
f 2483//5499 2592//5499 2637//5499
f 2637//5500 2638//5500 2617//5500
f 2638//5501 2645//5501 2644//5501
f 2644//5502 2553//5502 2638//5502
f 2618//5503 2645//5503 2620//5503
f 2618//5504 2555//5504 2553//5504
f 2621//5505 2639//5505 2622//5505
f 2622//5506 2639//5506 2623//5506
f 2623//5507 2508//5507 2622//5507
f 2623//5508 2639//5508 2633//5508
f 2623//5509 2633//5509 2624//5509
f 2585//5510 2629//5510 2625//5510
f 2510//5511 2631//5511 2548//5511
f 2615//5512 2626//5512 2632//5512
f 2551//5513 2550//5513 2627//5513
f 2636//5514 2591//5514 2647//5514
f 2590//5515 2647//5515 2591//5515
f 2636//5516 2616//5516 2591//5516
f 2592//5517 2616//5517 2628//5517
f 2555//5518 2618//5518 2619//5518
f 2619//5519 2618//5519 2620//5519
f 2629//5520 2547//5520 2624//5520
f 2613//5521 2625//5521 2646//5521
f 2613//5522 2646//5522 2634//5522
f 2631//5523 2613//5523 2630//5523
f 2631//5524 2630//5524 2642//5524
f 2642//5525 2586//5525 2631//5525
f 2548//5526 2631//5526 2614//5526
f 2632//5527 2627//5527 2550//5527
f 2627//5528 2590//5528 2513//5528
f 2590//5529 2627//5529 2647//5529
f 2592//5530 2628//5530 2637//5530
f 2625//5531 2648//5531 2646//5531
f 2630//5532 2613//5532 2634//5532
f 2634//5533 2642//5533 2630//5533
f 2626//5534 2643//5534 2632//5534
f 2647//5535 2635//5535 2636//5535
f 2616//5536 2636//5536 2628//5536
f 2639//5537 2620//5537 2645//5537
f 2640//5538 2645//5538 2650//5538
f 2640//5539 2639//5539 2645//5539
f 2639//5540 2640//5540 2633//5540
f 2648//5541 2625//5541 2629//5541
f 2642//5542 2626//5542 2586//5542
f 2643//5543 2627//5543 2632//5543
f 2652//5544 2635//5544 2647//5544
f 2646//5545 2648//5545 2634//5545
f 2634//5546 2648//5546 2652//5546
f 2643//5547 2641//5547 2652//5547
f 2641//5548 2643//5548 2626//5548
f 2626//5549 2642//5549 2641//5549
f 2627//5550 2643//5550 2647//5550
f 2628//5551 2636//5551 2654//5551
f 2628//5552 2654//5552 2649//5552
f 2628//5553 2649//5553 2637//5553
f 2653//5554 2650//5554 2644//5554
f 2638//5555 2653//5555 2644//5555
f 2650//5556 2645//5556 2644//5556
f 2653//5557 2649//5557 2650//5557
f 2629//5558 2640//5558 2650//5558
f 2640//5559 2629//5559 2624//5559
f 2647//5560 2643//5560 2652//5560
f 2635//5561 2652//5561 2648//5561
f 2638//5562 2637//5562 2649//5562
f 2653//5563 2638//5563 2649//5563
f 2629//5564 2650//5564 2651//5564
f 2648//5565 2654//5565 2635//5565
f 2651//5566 2654//5566 2648//5566
f 2654//5567 2651//5567 2650//5567
f 2650//5568 2649//5568 2654//5568
f 2636//5569 2635//5569 2654//5569
f 2651//5570 2648//5570 2629//5570
f 2641//5571 2642//5571 2634//5571
f 2652//5572 2641//5572 2634//5572
f 2624//5573 2633//5573 2640//5573
f 2586//5574 2614//5574 2631//5574
f 2620//5575 2639//5575 2621//5575
f 2594//5576 2556//5576 2709//5576
f 2687//5577 2557//5577 2686//5577
f 2963//5578 2688//5578 2517//5578
f 2517//5579 2688//5579 2436//5579
f 2489//5580 2558//5580 2518//5580
f 2518//5581 2559//5581 2439//5581
f 2441//5582 2560//5582 2598//5582
f 2562//5583 2959//5583 2658//5583
f 2563//5584 2492//5584 2443//5584
f 2444//5585 2521//5585 2493//5585
f 2659//5586 2521//5586 2444//5586
f 2716//5587 2521//5587 2659//5587
f 2446//5588 2521//5588 2660//5588
f 2494//5589 2660//5589 2661//5589
f 2496//5590 2662//5590 2663//5590
f 257//5591 340//5591 2775//5591
f 2664//5592 218//5592 176//5592
f 2566//5593 2665//5593 2567//5593
f 2782//5594 2695//5594 2567//5594
f 2601//5595 2600//5595 2666//5595
f 2666//5596 2667//5596 2568//5596
f 3060//5597 2569//5597 3078//5597
f 2669//5598 3060//5598 3078//5598
f 2669//5599 3078//5599 2751//5599
f 2698//5600 2570//5600 3057//5600
f 2570//5601 2698//5601 2699//5601
f 2670//5602 2755//5602 3041//5602
f 3041//5603 3047//5603 2670//5603
f 2570//5604 2670//5604 3047//5604
f 3058//5605 2602//5605 2962//5605
f 2674//5606 2675//5606 2603//5606
f 2604//5607 2675//5607 3039//5607
f 2606//5608 2676//5608 2700//5608
f 2605//5609 2676//5609 2606//5609
f 2700//5610 2607//5610 2606//5610
f 2701//5611 2724//5611 2678//5611
f 2678//5612 2724//5612 687//5612
f 2678//5613 687//5613 2574//5613
f 2574//5614 2701//5614 2678//5614
f 785//5615 854//5615 822//5615
f 716//5616 1548//5616 892//5616
f 891//5617 686//5617 663//5617
f 2681//5618 2682//5618 2538//5618
f 2704//5619 2539//5619 2703//5619
f 2577//5620 2608//5620 2683//5620
f 2794//5621 2683//5621 2608//5621
f 2683//5622 2578//5622 2505//5622
f 2543//5623 2611//5623 2708//5623
f 2543//5624 2506//5624 2611//5624
f 2543//5625 2708//5625 2612//5625
f 2544//5626 2583//5626 2556//5626
f 2594//5627 2709//5627 2516//5627
f 2557//5628 2710//5628 2596//5628
f 2688//5629 2739//5629 2740//5629
f 2688//5630 2740//5630 2711//5630
f 2711//5631 2597//5631 2688//5631
f 2558//5632 2711//5632 2742//5632
f 2597//5633 2711//5633 2558//5633
f 2655//5634 2743//5634 2656//5634
f 2560//5635 2656//5635 2598//5635
f 2657//5636 2519//5636 2598//5636
f 2657//5637 2598//5637 2768//5637
f 2689//5638 2657//5638 2768//5638
f 2690//5639 2657//5639 2689//5639
f 2658//5640 2714//5640 2562//5640
f 2715//5641 2563//5641 2714//5641
f 2715//5642 2691//5642 2563//5642
f 2747//5643 2659//5643 2564//5643
f 2564//5644 2659//5644 2444//5644
f 2692//5645 2521//5645 2716//5645
f 2660//5646 2521//5646 2692//5646
f 2664//5647 2665//5647 2566//5647
f 2695//5648 2666//5648 2600//5648
f 2696//5649 2667//5649 3062//5649
f 2697//5650 2667//5650 2668//5650
f 2569//5651 2697//5651 3078//5651
f 3077//5652 2697//5652 2569//5652
f 2570//5653 2699//5653 2670//5653
f 3041//5654 2671//5654 3047//5654
f 2570//5655 2672//5655 2602//5655
f 2602//5656 2672//5656 2962//5656
f 2675//5657 2674//5657 2672//5657
f 2672//5658 2674//5658 2962//5658
f 2674//5659 2673//5659 2962//5659
f 2675//5660 2672//5660 3039//5660
f 2573//5661 2604//5661 3046//5661
f 2676//5662 2573//5662 2758//5662
f 2606//5663 2677//5663 2605//5663
f 2607//5664 2723//5664 2701//5664
f 687//5665 2679//5665 2574//5665
f 2760//5666 892//5666 1548//5666
f 686//5667 892//5667 2760//5667
f 821//5668 747//5668 2680//5668
f 2575//5669 2680//5669 2726//5669
f 2728//5670 2681//5670 2575//5670
f 2761//5671 2682//5671 2681//5671
f 2761//5672 714//5672 2682//5672
f 2682//5673 746//5673 2576//5673
f 2539//5674 2576//5674 746//5674
f 2703//5675 2539//5675 2682//5675
f 2704//5676 2703//5676 2762//5676
f 2683//5677 2794//5677 2684//5677
f 2683//5678 2684//5678 2578//5678
f 2684//5679 2795//5679 2705//5679
f 2684//5680 2705//5680 2578//5680
f 2580//5681 2609//5681 2540//5681
f 2817//5682 2609//5682 2731//5682
f 2764//5683 2610//5683 2958//5683
f 2734//5684 2582//5684 2764//5684
f 2708//5685 2611//5685 2707//5685
f 2612//5686 2708//5686 2736//5686
f 2556//5687 2583//5687 2709//5687
f 2516//5688 2709//5688 2737//5688
f 2737//5689 2686//5689 2516//5689
f 2557//5690 2687//5690 2710//5690
f 2518//5691 2558//5691 2655//5691
f 2656//5692 2712//5692 2768//5692
f 2743//5693 2712//5693 2656//5693
f 2689//5694 2744//5694 2690//5694
f 2745//5695 2959//5695 2713//5695
f 2713//5696 2561//5696 2657//5696
f 2713//5697 2959//5697 2561//5697
f 2562//5698 2714//5698 2563//5698
f 2660//5699 2692//5699 2716//5699
f 2660//5700 2716//5700 2748//5700
f 2661//5701 2660//5701 2748//5701
f 2749//5702 2717//5702 2663//5702
f 2719//5703 2750//5703 176//5703
f 176//5704 2718//5704 2719//5704
f 176//5705 2750//5705 2664//5705
f 2719//5706 2780//5706 2750//5706
f 2750//5707 2665//5707 2664//5707
f 2665//5708 2781//5708 2782//5708
f 2720//5709 2666//5709 2695//5709
f 2667//5710 2666//5710 2720//5710
f 3062//5711 2667//5711 2720//5711
f 2696//5712 3062//5712 2697//5712
f 2668//5713 2696//5713 2697//5713
f 3099//5714 2697//5714 3098//5714
f 3078//5715 3099//5715 2805//5715
f 2752//5716 2751//5716 2783//5716
f 2751//5717 2752//5717 2669//5717
f 2698//5718 2669//5718 2752//5718
f 2670//5719 2699//5719 2754//5719
f 2671//5720 2756//5720 3039//5720
f 3047//5721 2671//5721 3039//5721
f 3047//5722 3039//5722 2672//5722
f 2722//5723 2758//5723 2721//5723
f 2757//5724 2721//5724 2758//5724
f 2758//5725 3039//5725 2757//5725
f 2758//5726 2604//5726 3039//5726
f 3046//5727 2758//5727 2573//5727
f 2758//5728 2722//5728 2676//5728
f 2700//5729 2676//5729 2722//5729
f 2722//5730 2723//5730 2700//5730
f 2759//5731 2701//5731 2723//5731
f 2724//5732 2788//5732 2789//5732
f 2789//5733 2790//5733 2724//5733
f 2790//5734 687//5734 2724//5734
f 687//5735 2790//5735 718//5735
f 687//5736 718//5736 2679//5736
f 686//5737 2760//5737 663//5737
f 606//5738 663//5738 2702//5738
f 747//5739 606//5739 2726//5739
f 2702//5740 2726//5740 606//5740
f 2680//5741 747//5741 2726//5741
f 2727//5742 2575//5742 2726//5742
f 2727//5743 2728//5743 2575//5743
f 2681//5744 2728//5744 2761//5744
f 2761//5745 2728//5745 2813//5745
f 2682//5746 2539//5746 746//5746
f 2703//5747 2682//5747 2761//5747
f 2704//5748 2608//5748 2577//5748
f 2795//5749 2729//5749 2705//5749
f 2580//5750 2730//5750 2609//5750
f 2815//5751 2730//5751 2580//5751
f 2730//5752 2815//5752 2731//5752
f 2730//5753 2731//5753 2609//5753
f 2815//5754 2816//5754 2731//5754
f 2817//5755 2796//5755 2731//5755
f 2796//5756 2609//5756 2731//5756
f 2733//5757 2732//5757 2796//5757
f 2610//5758 2732//5758 2733//5758
f 2610//5759 2733//5759 2796//5759
f 2733//5760 2796//5760 2764//5760
f 2796//5761 2837//5761 2764//5761
f 2734//5762 2764//5762 2765//5762
f 2685//5763 2766//5763 2707//5763
f 2735//5764 2708//5764 2707//5764
f 2737//5765 2612//5765 2736//5765
f 2709//5766 2612//5766 2737//5766
f 2737//5767 2687//5767 2686//5767
f 2737//5768 2710//5768 2687//5768
f 2710//5769 2737//5769 2736//5769
f 2710//5770 2736//5770 2708//5770
f 2739//5771 2738//5771 2710//5771
f 2596//5772 2738//5772 2739//5772
f 2738//5773 2596//5773 2710//5773
f 2596//5774 2739//5774 2688//5774
f 2767//5775 2711//5775 2740//5775
f 2742//5776 2711//5776 2741//5776
f 2689//5777 2768//5777 2769//5777
f 2840//5778 2690//5778 2744//5778
f 2690//5779 2713//5779 2657//5779
f 2746//5780 2658//5780 2745//5780
f 2746//5781 2771//5781 2658//5781
f 2771//5782 2772//5782 2658//5782
f 2714//5783 2658//5783 2772//5783
f 2747//5784 2715//5784 2772//5784
f 2773//5785 2716//5785 2659//5785
f 2823//5786 2800//5786 2693//5786
f 2823//5787 2693//5787 2748//5787
f 2749//5788 2662//5788 2800//5788
f 2662//5789 2749//5789 2663//5789
f 2717//5790 2801//5790 2694//5790
f 257//5791 317//5791 2777//5791
f 257//5792 2777//5792 258//5792
f 218//5793 258//5793 259//5793
f 176//5794 218//5794 259//5794
f 2665//5795 2750//5795 2781//5795
f 2720//5796 2695//5796 2803//5796
f 3062//5797 3099//5797 2697//5797
f 3078//5798 2805//5798 2751//5798
f 2698//5799 2752//5799 2753//5799
f 2699//5800 2698//5800 2753//5800
f 2699//5801 2753//5801 2754//5801
f 2699//5802 2754//5802 2784//5802
f 3040//5803 2756//5803 3041//5803
f 3041//5804 2756//5804 2671//5804
f 2757//5805 3039//5805 2756//5805
f 2809//5806 2787//5806 2721//5806
f 2722//5807 2721//5807 2787//5807
f 3046//5808 2604//5808 2758//5808
f 2723//5809 2787//5809 2830//5809
f 2759//5810 2723//5810 2830//5810
f 2759//5811 2830//5811 2788//5811
f 2724//5812 2701//5812 2788//5812
f 2704//5813 2762//5813 2763//5813
f 2763//5814 2835//5814 2794//5814
f 2763//5815 2794//5815 2608//5815
f 2795//5816 2684//5816 2794//5816
f 2729//5817 2814//5817 2705//5817
f 2580//5818 2706//5818 2815//5818
f 2796//5819 2732//5819 2609//5819
f 2766//5820 2735//5820 2707//5820
f 2735//5821 2739//5821 2710//5821
f 2711//5822 2767//5822 2741//5822
f 2689//5823 2769//5823 2744//5823
f 2690//5824 2840//5824 2770//5824
f 2770//5825 2745//5825 2713//5825
f 2745//5826 2798//5826 2746//5826
f 2772//5827 2715//5827 2714//5827
f 2747//5828 2564//5828 2715//5828
f 2747//5829 2773//5829 2659//5829
f 2662//5830 2693//5830 2800//5830
f 2774//5831 2717//5831 2749//5831
f 2825//5832 2845//5832 2777//5832
f 2777//5833 2776//5833 2825//5833
f 258//5834 2777//5834 259//5834
f 2846//5835 2778//5835 259//5835
f 2718//5836 259//5836 2778//5836
f 176//5837 259//5837 2718//5837
f 2803//5838 2781//5838 2956//5838
f 2803//5839 2782//5839 2781//5839
f 2803//5840 2695//5840 2782//5840
f 2720//5841 2803//5841 3062//5841
f 2826//5842 2805//5842 3099//5842
f 2805//5843 2783//5843 2751//5843
f 2753//5844 2808//5844 2784//5844
f 2753//5845 2784//5845 2754//5845
f 2754//5846 2784//5846 2755//5846
f 2827//5847 3040//5847 2755//5847
f 3040//5848 3041//5848 2755//5848
f 3040//5849 2785//5849 2756//5849
f 2785//5850 2786//5850 2757//5850
f 2785//5851 2757//5851 2756//5851
f 2786//5852 2721//5852 2757//5852
f 2809//5853 2721//5853 428//5853
f 2789//5854 2788//5854 2810//5854
f 2788//5855 2789//5855 2790//5855
f 718//5856 2725//5856 2679//5856
f 664//5857 2725//5857 718//5857
f 664//5858 718//5858 749//5858
f 579//5859 663//5859 2760//5859
f 2702//5860 663//5860 579//5860
f 2702//5861 579//5861 2811//5861
f 2834//5862 2702//5862 2792//5862
f 2726//5863 2702//5863 2812//5863
f 2793//5864 2762//5864 2703//5864
f 2704//5865 2763//5865 2608//5865
f 2729//5866 2864//5866 2814//5866
f 2795//5867 2863//5867 2729//5867
f 2705//5868 2814//5868 2706//5868
f 2706//5869 2814//5869 2885//5869
f 2731//5870 2816//5870 2817//5870
f 2817//5871 2836//5871 2796//5871
f 2820//5872 2743//5872 2741//5872
f 2741//5873 2743//5873 2742//5873
f 2712//5874 2743//5874 2797//5874
f 2712//5875 2797//5875 2769//5875
f 2744//5876 2769//5876 2866//5876
f 2744//5877 2866//5877 2888//5877
f 2770//5878 2713//5878 2690//5878
f 2799//5879 2771//5879 2746//5879
f 2823//5880 2748//5880 2716//5880
f 2824//5881 2774//5881 2749//5881
f 2801//5882 2717//5882 2774//5882
f 2778//5883 235//5883 2719//5883
f 235//5884 2779//5884 2719//5884
f 2802//5885 2780//5885 2779//5885
f 2780//5886 2719//5886 2779//5886
f 2802//5887 2851//5887 2780//5887
f 2780//5888 2851//5888 2956//5888
f 2781//5889 2750//5889 2780//5889
f 2804//5890 2826//5890 2852//5890
f 2805//5891 2826//5891 2804//5891
f 69//5892 3048//5892 2783//5892
f 3048//5893 69//5893 2806//5893
f 2807//5894 3048//5894 2806//5894
f 3048//5895 2808//5895 2752//5895
f 2752//5896 2808//5896 2753//5896
f 3040//5897 2827//5897 2828//5897
f 2828//5898 2785//5898 3040//5898
f 2790//5899 2789//5899 2810//5899
f 2790//5900 2832//5900 507//5900
f 2790//5901 507//5901 2791//5901
f 1548//5902 2833//5902 2760//5902
f 2760//5903 2811//5903 579//5903
f 2702//5904 2811//5904 2834//5904
f 2812//5905 2727//5905 2726//5905
f 2812//5906 2860//5906 2727//5906
f 2728//5907 2727//5907 2860//5907
f 2813//5908 2793//5908 2761//5908
f 2761//5909 2793//5909 2703//5909
f 2729//5910 2863//5910 2864//5910
f 2814//5911 2885//5911 2705//5911
f 2815//5912 2706//5912 2885//5912
f 2816//5913 2887//5913 2865//5913
f 2816//5914 2865//5914 2817//5914
f 2865//5915 2836//5915 2817//5915
f 2837//5916 2796//5916 2838//5916
f 2818//5917 2767//5917 2740//5917
f 2819//5918 2838//5918 2820//5918
f 2741//5919 2819//5919 2820//5919
f 2838//5920 2819//5920 2741//5920
f 2741//5921 2767//5921 2838//5921
f 2797//5922 2743//5922 2820//5922
f 2797//5923 2820//5923 2839//5923
f 2744//5924 2888//5924 2840//5924
f 2770//5925 2840//5925 2821//5925
f 2745//5926 2770//5926 2798//5926
f 2821//5927 2798//5927 2770//5927
f 2772//5928 2771//5928 2841//5928
f 2823//5929 2773//5929 2822//5929
f 2716//5930 2773//5930 2823//5930
f 2870//5931 2824//5931 2800//5931
f 2843//5932 2774//5932 2824//5932
f 2774//5933 2844//5933 2801//5933
f 2801//5934 2844//5934 444//5934
f 2801//5935 2825//5935 2775//5935
f 2802//5936 2779//5936 2848//5936
f 2956//5937 2781//5937 2780//5937
f 2826//5938 3062//5938 2803//5938
f 2956//5939 2852//5939 2826//5939
f 2853//5940 2854//5940 2807//5940
f 2806//5941 2853//5941 2807//5941
f 2808//5942 3048//5942 2807//5942
f 2856//5943 2784//5943 2808//5943
f 2755//5944 2784//5944 2827//5944
f 2878//5945 2785//5945 2828//5945
f 2785//5946 2878//5946 2829//5946
f 2829//5947 2897//5947 2809//5947
f 2809//5948 428//5948 2829//5948
f 2829//5949 2786//5949 2785//5949
f 2786//5950 2829//5950 428//5950
f 2809//5951 2897//5951 2830//5951
f 2788//5952 2830//5952 2831//5952
f 2788//5953 2831//5953 2810//5953
f 2832//5954 2790//5954 2810//5954
f 2859//5955 2832//5955 2810//5955
f 629//5956 2833//5956 1548//5956
f 2792//5957 2834//5957 2882//5957
f 2792//5958 2882//5958 2812//5958
f 2792//5959 2812//5959 2702//5959
f 2793//5960 2861//5960 2883//5960
f 2795//5961 2835//5961 2927//5961
f 2814//5962 2864//5962 2885//5962
f 2886//5963 2815//5963 2885//5963
f 2887//5964 2816//5964 2815//5964
f 2839//5965 2838//5965 2836//5965
f 2838//5966 2796//5966 2836//5966
f 2837//5967 2818//5967 2764//5967
f 2818//5968 2766//5968 2765//5968
f 2838//5969 2767//5969 2818//5969
f 2838//5970 2818//5970 2837//5970
f 2820//5971 2838//5971 2839//5971
f 2769//5972 2797//5972 2866//5972
f 2865//5973 2866//5973 2797//5973
f 2865//5974 2797//5974 2839//5974
f 2799//5975 2746//5975 2798//5975
f 2747//5976 2772//5976 2841//5976
f 2908//5977 2822//5977 2842//5977
f 2908//5978 2823//5978 2822//5978
f 2824//5979 2749//5979 2800//5979
f 444//5980 394//5980 2801//5980
f 1559//5981 2777//5981 2845//5981
f 2777//5982 1559//5982 259//5982
f 2845//5983 2846//5983 259//5983
f 2847//5984 235//5984 318//5984
f 2847//5985 2779//5985 235//5985
f 2848//5986 2779//5986 2847//5986
f 2802//5987 2848//5987 2849//5987
f 2850//5988 2802//5988 2849//5988
f 2851//5989 2850//5989 110//5989
f 2852//5990 69//5990 60//5990
f 143//5991 2854//5991 2853//5991
f 2807//5992 2854//5992 143//5992
f 2856//5993 2807//5993 2854//5993
f 2807//5994 2856//5994 2808//5994
f 2857//5995 2856//5995 2855//5995
f 2827//5996 2784//5996 2856//5996
f 2827//5997 2856//5997 2857//5997
f 2878//5998 2828//5998 2896//5998
f 2829//5999 2878//5999 2897//5999
f 2831//6000 2898//6000 2858//6000
f 2858//6001 2810//6001 2831//6001
f 2810//6002 2858//6002 2898//6002
f 2810//6003 2858//6003 2859//6003
f 2833//6004 2913//6004 2760//6004
f 2901//6005 2834//6005 2881//6005
f 2860//6006 2902//6006 2926//6006
f 2793//6007 2813//6007 2926//6007
f 2793//6008 2926//6008 2861//6008
f 2793//6009 2883//6009 2762//6009
f 2883//6010 2835//6010 2763//6010
f 2883//6011 2927//6011 2835//6011
f 2835//6012 2927//6012 2903//6012
f 2835//6013 2903//6013 2862//6013
f 2835//6014 2862//6014 2795//6014
f 2795//6015 2862//6015 2903//6015
f 2884//6016 2863//6016 2862//6016
f 2884//6017 2864//6017 2863//6017
f 2864//6018 2884//6018 2904//6018
f 2904//6019 2885//6019 2864//6019
f 2815//6020 2886//6020 2887//6020
f 2865//6021 2839//6021 2836//6021
f 2818//6022 2765//6022 2764//6022
f 2867//6023 2821//6023 2840//6023
f 2798//6024 2868//6024 2799//6024
f 2841//6025 2771//6025 2799//6025
f 2747//6026 2841//6026 2773//6026
f 2841//6027 2822//6027 2773//6027
f 2822//6028 2869//6028 2842//6028
f 2823//6029 2908//6029 2800//6029
f 2870//6030 2800//6030 2908//6030
f 2843//6031 2824//6031 2871//6031
f 2844//6032 2774//6032 2843//6032
f 444//6033 2844//6033 425//6033
f 394//6034 425//6034 2844//6034
f 2844//6035 2872//6035 394//6035
f 2873//6036 447//6036 426//6036
f 447//6037 2873//6037 341//6037
f 341//6038 2874//6038 318//6038
f 2874//6039 2847//6039 318//6039
f 2848//6040 2892//6040 2849//6040
f 2849//6041 2892//6041 2875//6041
f 2876//6042 2850//6042 2849//6042
f 2853//6043 2850//6043 2876//6043
f 193//6044 2877//6044 2854//6044
f 2855//6045 2854//6045 2877//6045
f 2896//6046 2855//6046 2895//6046
f 2855//6047 2856//6047 2854//6047
f 2878//6048 2896//6048 2953//6048
f 2953//6049 2897//6049 2878//6049
f 2830//6050 2897//6050 2831//6050
f 2859//6051 2858//6051 2954//6051
f 2952//6052 396//6052 2859//6052
f 449//6053 2952//6053 369//6053
f 2952//6054 449//6054 2832//6054
f 2791//6055 2899//6055 2879//6055
f 2913//6056 2833//6056 580//6056
f 2913//6057 2811//6057 2760//6057
f 2811//6058 2918//6058 2880//6058
f 2792//6059 2834//6059 2811//6059
f 2792//6060 2811//6060 2880//6060
f 2792//6061 2880//6061 2834//6061
f 2881//6062 2834//6062 2880//6062
f 2882//6063 2901//6063 2902//6063
f 2812//6064 2882//6064 2860//6064
f 2860//6065 2882//6065 2902//6065
f 2860//6066 2926//6066 2728//6066
f 2813//6067 2728//6067 2926//6067
f 2795//6068 2862//6068 2863//6068
f 2936//6069 2884//6069 2929//6069
f 2866//6070 2887//6070 2888//6070
f 2951//6071 2840//6071 2905//6071
f 2957//6072 2930//6072 2936//6072
f 2889//6073 2868//6073 2957//6073
f 2799//6074 2868//6074 2890//6074
f 2841//6075 2799//6075 2890//6075
f 426//6076 447//6076 448//6076
f 2873//6077 426//6077 2925//6077
f 2925//6078 2874//6078 341//6078
f 2910//6079 2847//6079 2874//6079
f 2875//6080 2893//6080 2894//6080
f 2849//6081 2875//6081 2894//6081
f 2849//6082 2894//6082 2876//6082
f 2876//6083 2854//6083 2853//6083
f 2876//6084 2894//6084 143//6084
f 193//6085 143//6085 2894//6085
f 193//6086 2854//6086 143//6086
f 2895//6087 2877//6087 193//6087
f 2877//6088 2895//6088 2855//6088
f 2894//6089 2895//6089 193//6089
f 2896//6090 2828//6090 2857//6090
f 2896//6091 2857//6091 2855//6091
f 2827//6092 2857//6092 2828//6092
f 2954//6093 2858//6093 2898//6093
f 2859//6094 2954//6094 2952//6094
f 2952//6095 2925//6095 369//6095
f 2922//6096 2900//6096 2899//6096
f 581//6097 2900//6097 2922//6097
f 2912//6098 2913//6098 580//6098
f 2880//6099 2918//6099 2881//6099
f 2901//6100 2933//6100 2902//6100
f 2928//6101 2929//6101 2903//6101
f 2929//6102 2884//6102 2903//6102
f 2862//6103 2903//6103 2884//6103
f 2840//6104 2888//6104 2905//6104
f 2886//6105 2905//6105 2887//6105
f 2840//6106 2951//6106 2930//6106
f 2886//6107 2951//6107 2905//6107
f 2930//6108 2867//6108 2840//6108
f 2867//6109 2906//6109 2821//6109
f 2821//6110 2957//6110 2798//6110
f 2821//6111 2906//6111 2957//6111
f 2930//6112 2957//6112 2906//6112
f 2936//6113 2930//6113 2904//6113
f 2931//6114 2842//6114 2869//6114
f 2842//6115 2931//6115 2907//6115
f 2932//6116 2891//6116 2871//6116
f 2941//6117 2933//6117 2891//6117
f 2871//6118 2924//6118 2843//6118
f 2844//6119 2916//6119 2872//6119
f 2873//6120 2925//6120 341//6120
f 2925//6121 2910//6121 2874//6121
f 2847//6122 2910//6122 2892//6122
f 2952//6123 2910//6123 2925//6123
f 581//6124 2922//6124 505//6124
f 2911//6125 2912//6125 554//6125
f 554//6126 581//6126 2911//6126
f 581//6127 505//6127 2911//6127
f 2918//6128 2913//6128 2912//6128
f 2912//6129 503//6129 2918//6129
f 2918//6130 2919//6130 2914//6130
f 2881//6131 2914//6131 2923//6131
f 2918//6132 2914//6132 2881//6132
f 2901//6133 2881//6133 2923//6133
f 2891//6134 2933//6134 2915//6134
f 2924//6135 2916//6135 2844//6135
f 2843//6136 2924//6136 2844//6136
f 2872//6137 2916//6137 506//6137
f 2922//6138 2899//6138 426//6138
f 2920//6139 2911//6139 505//6139
f 2912//6140 2911//6140 2921//6140
f 2918//6141 2921//6141 2919//6141
f 2919//6142 2916//6142 2924//6142
f 2909//6143 506//6143 2917//6143
f 505//6144 506//6144 2916//6144
f 2916//6145 2920//6145 505//6145
f 2912//6146 2921//6146 2918//6146
f 2919//6147 2923//6147 2914//6147
f 2916//6148 2919//6148 2921//6148
f 2921//6149 2920//6149 2916//6149
f 2920//6150 2921//6150 2911//6150
f 448//6151 2909//6151 2917//6151
f 2922//6152 426//6152 2917//6152
f 448//6153 2917//6153 426//6153
f 505//6154 2917//6154 506//6154
f 2933//6155 2901//6155 2915//6155
f 2901//6156 2923//6156 2891//6156
f 2923//6157 2924//6157 2891//6157
f 2891//6158 2924//6158 2871//6158
f 2901//6159 2891//6159 2915//6159
f 2924//6160 2923//6160 2919//6160
f 426//6161 304//6161 2925//6161
f 369//6162 2925//6162 304//6162
f 395//6163 449//6163 369//6163
f 304//6164 395//6164 369//6164
f 2943//6165 2902//6165 2933//6165
f 2934//6166 2883//6166 2861//6166
f 2885//6167 2904//6167 2886//6167
f 2951//6168 2886//6168 2904//6168
f 2886//6169 2930//6169 2951//6169
f 2930//6170 2951//6170 2867//6170
f 2930//6171 2867//6171 2904//6171
f 2867//6172 2930//6172 2906//6172
f 2890//6173 2931//6173 2869//6173
f 2841//6174 2890//6174 2869//6174
f 2890//6175 2937//6175 2931//6175
f 2931//6176 2938//6176 2907//6176
f 2842//6177 2907//6177 2940//6177
f 2842//6178 2940//6178 2908//6178
f 2932//6179 2870//6179 2908//6179
f 2933//6180 2941//6180 2942//6180
f 2933//6181 2942//6181 2943//6181
f 2926//6182 2902//6182 2944//6182
f 2944//6183 2861//6183 2926//6183
f 2883//6184 2934//6184 2935//6184
f 2883//6185 2935//6185 2927//6185
f 2936//6186 2929//6186 2889//6186
f 2868//6187 2889//6187 2937//6187
f 2937//6188 2890//6188 2868//6188
f 2938//6189 2931//6189 2937//6189
f 2941//6190 2891//6190 2932//6190
f 2950//6191 2942//6191 2941//6191
f 2902//6192 2943//6192 2944//6192
f 2949//6193 2935//6193 2934//6193
f 2935//6194 2928//6194 2927//6194
f 2947//6195 2928//6195 2935//6195
f 2946//6196 2889//6196 2929//6196
f 2938//6197 2937//6197 2939//6197
f 2941//6198 2940//6198 2950//6198
f 2945//6199 2929//6199 2928//6199
f 2945//6200 2928//6200 2946//6200
f 2929//6201 2945//6201 2946//6201
f 2946//6202 2939//6202 2937//6202
f 2939//6203 2889//6203 2946//6203
f 2946//6204 2937//6204 2889//6204
f 2938//6205 2948//6205 2907//6205
f 2940//6206 2932//6206 2908//6206
f 2940//6207 2948//6207 2950//6207
f 2949//6208 2934//6208 2943//6208
f 2934//6209 2944//6209 2943//6209
f 2947//6210 2935//6210 2949//6210
f 2949//6211 2943//6211 2942//6211
f 2938//6212 2947//6212 2948//6212
f 2949//6213 2948//6213 2947//6213
f 2942//6214 2948//6214 2949//6214
f 2948//6215 2942//6215 2950//6215
f 2948//6216 2940//6216 2907//6216
f 2938//6217 2939//6217 2947//6217
f 2928//6218 2947//6218 2945//6218
f 2946//6219 2945//6219 2939//6219
f 2945//6220 2947//6220 2939//6220
f 2861//6221 2944//6221 2934//6221
f 2941//6222 2932//6222 2940//6222
f 2927//6223 2928//6223 2903//6223
f 2936//6224 2889//6224 2957//6224
f 2930//6225 2951//6225 2904//6225
f 2811//6226 2913//6226 2918//6226
f 2910//6227 2952//6227 2892//6227
f 2892//6228 2848//6228 2847//6228
f 2854//6229 2876//6229 143//6229
f 2898//6230 2953//6230 2955//6230
f 2897//6231 2953//6231 2898//6231
f 2892//6232 2952//6232 2954//6232
f 2893//6233 2875//6233 2892//6233
f 2893//6234 2892//6234 2954//6234
f 2893//6235 2955//6235 2953//6235
f 2955//6236 2894//6236 2893//6236
f 2955//6237 2953//6237 2895//6237
f 2955//6238 2895//6238 2894//6238
f 2898//6239 2955//6239 2893//6239
f 2893//6240 2954//6240 2898//6240
f 2896//6241 2895//6241 2953//6241
f 2888//6242 2887//6242 2886//6242
f 2888//6243 2887//6243 2905//6243
f 2952//6244 2832//6244 396//6244
f 2859//6245 396//6245 2832//6245
f 2871//6246 2824//6246 2932//6246
f 2932//6247 2824//6247 2870//6247
f 2866//6248 2865//6248 2887//6248
f 2936//6249 2904//6249 2884//6249
f 2882//6250 2834//6250 2901//6250
f 2897//6251 2898//6251 2831//6251
f 2801//6252 394//6252 2825//6252
f 2822//6253 2841//6253 2869//6253
f 2762//6254 2883//6254 2763//6254
f 629//6255 580//6255 2833//6255
f 2851//6256 110//6256 2852//6256
f 2853//6257 2806//6257 110//6257
f 69//6258 110//6258 2806//6258
f 2852//6259 110//6259 69//6259
f 2826//6260 2803//6260 2956//6260
f 2852//6261 2956//6261 2851//6261
f 2957//6262 2868//6262 2798//6262
f 2766//6263 2818//6263 2740//6263
f 2765//6264 2766//6264 2685//6264
f 2899//6265 2791//6265 507//6265
f 60//6266 2805//6266 2852//6266
f 2805//6267 2804//6267 2852//6267
f 60//6268 69//6268 2805//6268
f 2805//6269 69//6269 2783//6269
f 2802//6270 2850//6270 2851//6270
f 2830//6271 2787//6271 2809//6271
f 428//6272 2721//6272 2786//6272
f 2783//6273 3048//6273 2752//6273
f 2826//6274 3099//6274 3062//6274
f 2694//6275 2801//6275 2775//6275
f 2768//6276 2712//6276 2769//6276
f 2766//6277 2739//6277 2735//6277
f 2739//6278 2766//6278 2740//6278
f 2794//6279 2835//6279 2795//6279
f 2759//6280 2788//6280 2701//6280
f 2723//6281 2722//6281 2787//6281
f 2718//6282 2778//6282 2719//6282
f 2768//6283 2598//6283 2656//6283
f 2765//6284 2685//6284 2734//6284
f 2959//6285 2745//6285 2658//6285
f 2743//6286 2655//6286 2742//6286
f 2655//6287 2558//6287 2742//6287
f 2710//6288 2708//6288 2735//6288
f 2764//6289 2582//6289 2958//6289
f 2697//6290 3099//6290 3078//6290
f 2668//6291 2667//6291 2696//6291
f 2958//6292 2610//6292 2733//6292
f 2764//6293 2958//6293 2733//6293
f 2607//6294 2700//6294 2723//6294
f 3047//6295 2672//6295 2570//6295
f 2755//6296 2670//6296 2754//6296
f 2567//6297 2665//6297 2782//6297
f 2693//6298 2661//6298 2748//6298
f 2494//6299 2446//6299 2660//6299
f 2611//6300 2685//6300 2707//6300
f 3057//6301 2669//6301 2698//6301
f 2601//6302 2666//6302 2568//6302
f 2619//6303 2584//6303 2960//6303
f 2615//6304 2589//6304 2961//6304
f 2589//6305 2615//6305 2550//6305
f 2547//6306 2629//6306 2585//6306
f 2622//6307 2546//6307 2621//6307
f 2583//6308 2544//6308 2473//6308
f 2673//6309 2531//6309 2532//6309
f 2673//6310 2530//6310 2962//6310
f 2568//6311 2667//6311 2526//6311
f 2600//6312 2567//6312 2695//6312
f 2517//6313 2398//6313 2963//6313
f 2398//6314 2488//6314 2963//6314
f 2467//6315 2466//6315 2610//6315
f 2607//6316 2574//6316 2536//6316
f 2529//6317 2531//6317 2528//6317
f 3057//6318 2570//6318 3058//6318
f 2527//6319 2529//6319 2528//6319
f 3059//6320 2527//6320 3077//6320
f 2567//6321 2600//6321 2498//6321
f 2494//6322 443//6322 424//6322
f 2494//6323 424//6323 2495//6323
f 2518//6324 2438//6324 2489//6324
f 2438//6325 2518//6325 2439//6325
f 2552//6326 2592//6326 2482//6326
f 2394//6327 2591//6327 2616//6327
f 2420//6328 2426//6328 2425//6328
f 2532//6329 2528//6329 2531//6329
f 2525//6330 2568//6330 2526//6330
f 2339//6331 2551//6331 2429//6331
f 2420//6332 2425//6332 2478//6332
f 2510//6333 2417//6333 2613//6333
f 2469//6334 2470//6334 2301//6334
f 2462//6335 2361//6335 2408//6335
f 2492//6336 2291//6336 2349//6336
f 2555//6337 2432//6337 2554//6337
f 2428//6338 2427//6338 2481//6338
f 2478//6339 2425//6339 2284//6339
f 2478//6340 2423//6340 2421//6340
f 2421//6341 2423//6341 2422//6341
f 2426//6342 2512//6342 2477//6342
f 2477//6343 2511//6343 2588//6343
f 2417//6344 2510//6344 2548//6344
f 2412//6345 2259//6345 2470//6345
f 2366//6346 2578//6346 2465//6346
f 2367//6347 2366//6347 2465//6347
f 2366//6348 2367//6348 2207//6348
f 2457//6349 2359//6349 3105//6349
f 2450//6350 2405//6350 2354//6350
f 2352//6351 2447//6351 2497//6351
f 2437//6352 2440//6352 2244//6352
f 2486//6353 2343//6353 2554//6353
f 2313//6354 2268//6354 2977//6354
f 2977//6355 3012//6355 2964//6355
f 3016//6356 2377//6356 2965//6356
f 2965//6357 3013//6357 3016//6357
f 2965//6358 2964//6358 3013//6358
f 2314//6359 2965//6359 2377//6359
f 3015//6360 3017//6360 2978//6360
f 2978//6361 2966//6361 3015//6361
f 2966//6362 3016//6362 3015//6362
f 3018//6363 2379//6363 2978//6363
f 2978//6364 2379//6364 2378//6364
f 2967//6365 2318//6365 2317//6365
f 2319//6366 2980//6366 2380//6366
f 2980//6367 3006//6367 2380//6367
f 2381//6368 2968//6368 2969//6368
f 2969//6369 2382//6369 2381//6369
f 2969//6370 2982//6370 2382//6370
f 2970//6371 2321//6371 2987//6371
f 2384//6372 2988//6372 2385//6372
f 2385//6373 2971//6373 3007//6373
f 3002//6374 2386//6374 2385//6374
f 2972//6375 2325//6375 3002//6375
f 3003//6376 2325//6376 2972//6376
f 3004//6377 2973//6377 2388//6377
f 2389//6378 2276//6378 3010//6378
f 2974//6379 2975//6379 2329//6379
f 2975//6380 2330//6380 2329//6380
f 2332//6381 3011//6381 2333//6381
f 2333//6382 2976//6382 2281//6382
f 2333//6383 3014//6383 2976//6383
f 3012//6384 3013//6384 2964//6384
f 2976//6385 3013//6385 3012//6385
f 3013//6386 3014//6386 3016//6386
f 2978//6387 3017//6387 3018//6387
f 3018//6388 2973//6388 2379//6388
f 2973//6389 3004//6389 2379//6389
f 3004//6390 2979//6390 2379//6390
f 3005//6391 2980//6391 2967//6391
f 2318//6392 2967//6392 2980//6392
f 2318//6393 2980//6393 2319//6393
f 3006//6394 2968//6394 2381//6394
f 2981//6395 2968//6395 2971//6395
f 2971//6396 2988//6396 2981//6396
f 2969//6397 2968//6397 2981//6397
f 2994//6398 2969//6398 2981//6398
f 2991//6399 2983//6399 2982//6399
f 2983//6400 2382//6400 2982//6400
f 2983//6401 2991//6401 2986//6401
f 2986//6402 2320//6402 2983//6402
f 2383//6403 2983//6403 2320//6403
f 2984//6404 2989//6404 2985//6404
f 2984//6405 2985//6405 2986//6405
f 2986//6406 2985//6406 2987//6406
f 2384//6407 2970//6407 2988//6407
f 2991//6408 2982//6408 2993//6408
f 2984//6409 2986//6409 2992//6409
f 2988//6410 2987//6410 2990//6410
f 2988//6411 2970//6411 2987//6411
f 2981//6412 2988//6412 2994//6412
f 2982//6413 2994//6413 2990//6413
f 2993//6414 2997//6414 2991//6414
f 2991//6415 2992//6415 2986//6415
f 2989//6416 2984//6416 2996//6416
f 2988//6417 2990//6417 2994//6417
f 2984//6418 2995//6418 2999//6418
f 2999//6419 2996//6419 2984//6419
f 2989//6420 2996//6420 2997//6420
f 2984//6421 2997//6421 2998//6421
f 2998//6422 2984//6422 2991//6422
f 2997//6423 2998//6423 2991//6423
f 2992//6424 2991//6424 2984//6424
f 2999//6425 2995//6425 2996//6425
f 2998//6426 2997//6426 2996//6426
f 2995//6427 2998//6427 2996//6427
f 2995//6428 2984//6428 2998//6428
f 2999//6429 2996//6429 3000//6429
f 2999//6430 3000//6430 3001//6430
f 2989//6431 2997//6431 2993//6431
f 2993//6432 2985//6432 2989//6432
f 2990//6433 2987//6433 2993//6433
f 2993//6434 2987//6434 2985//6434
f 2993//6435 2982//6435 2990//6435
f 2971//6436 2385//6436 2988//6436
f 3002//6437 2385//6437 3007//6437
f 3002//6438 2387//6438 2386//6438
f 3002//6439 3007//6439 2972//6439
f 3003//6440 3004//6440 2326//6440
f 3008//6441 3006//6441 3005//6441
f 3005//6442 3006//6442 2980//6442
f 3006//6443 2381//6443 2380//6443
f 3006//6444 2971//6444 2968//6444
f 3008//6445 3007//6445 2971//6445
f 3008//6446 2971//6446 3006//6446
f 3008//6447 3004//6447 3003//6447
f 3008//6448 3005//6448 3004//6448
f 3008//6449 2972//6449 3007//6449
f 3003//6450 2972//6450 3008//6450
f 3004//6451 2967//6451 2979//6451
f 3004//6452 3005//6452 2967//6452
f 2388//6453 3009//6453 2974//6453
f 3010//6454 2388//6454 2974//6454
f 2974//6455 2389//6455 3010//6455
f 3019//6456 2974//6456 3009//6456
f 2975//6457 2974//6457 3019//6457
f 3019//6458 2331//6458 2975//6458
f 2331//6459 3011//6459 2332//6459
f 3011//6460 3014//6460 2333//6460
f 2976//6461 3012//6461 2334//6461
f 2391//6462 2334//6462 3012//6462
f 3012//6463 2977//6463 2391//6463
f 3014//6464 3013//6464 2976//6464
f 3015//6465 3016//6465 3014//6465
f 3017//6466 3019//6466 3009//6466
f 3018//6467 2388//6467 2973//6467
f 3018//6468 3009//6468 2388//6468
f 3018//6469 3017//6469 3009//6469
f 2331//6470 3019//6470 3011//6470
f 3015//6471 3014//6471 3019//6471
f 3017//6472 3015//6472 3019//6472
f 3014//6473 3011//6473 3019//6473
f 2969//6474 2994//6474 2982//6474
f 2308//6475 2307//6475 2476//6475
f 2263//6476 2213//6476 2414//6476
f 2260//6477 2412//6477 2369//6477
f 2410//6478 818//6478 3021//6478
f 2283//6479 2392//6479 2233//6479
f 2392//6480 2283//6480 2232//6480
f 2276//6481 2325//6481 2327//6481
f 2324//6482 2325//6482 2276//6482
f 2326//6483 2388//6483 2327//6483
f 2325//6484 3003//6484 2326//6484
f 2322//6485 2321//6485 2970//6485
f 2210//6486 2373//6486 2302//6486
f 2371//6487 2210//6487 2209//6487
f 2468//6488 2301//6488 2162//6488
f 2368//6489 2300//6489 2299//6489
f 2254//6490 2361//6490 3022//6490
f 2247//6491 2456//6491 2296//6491
f 575//6492 2355//6492 2295//6492
f 2232//6493 2283//6493 2183//6493
f 2282//6494 3020//6494 2232//6494
f 3023//6495 2319//6495 2380//6495
f 2215//6496 2307//6496 2308//6496
f 2215//6497 2306//6497 2307//6497
f 2263//6498 2306//6498 2215//6498
f 3021//6499 818//6499 2204//6499
f 3021//6500 2204//6500 852//6500
f 2362//6501 2202//6501 3022//6501
f 2255//6502 2202//6502 2362//6502
f 2406//6503 2253//6503 2252//6503
f 2394//6504 2395//6504 2237//6504
f 2059//6505 2234//6505 2235//6505
f 2217//6506 2267//6506 2266//6506
f 2081//6507 2262//6507 2213//6507
f 2160//6508 2365//6508 2366//6508
f 2232//6509 2183//6509 2282//6509
f 2279//6510 2230//6510 2330//6510
f 2175//6511 2224//6511 2176//6511
f 2175//6512 2132//6512 2223//6512
f 2367//6513 2076//6513 2208//6513
f 2206//6514 2073//6514 2111//6514
f 2110//6515 2159//6515 2002//6515
f 2071//6516 2109//6516 776//6516
f 2228//6517 2135//6517 2134//6517
f 2134//6518 2135//6518 2132//6518
f 2131//6519 2089//6519 2222//6519
f 2173//6520 2222//6520 2089//6520
f 2088//6521 2049//6521 2129//6521
f 2170//6522 2219//6522 2220//6522
f 2304//6523 2121//6523 2120//6523
f 2304//6524 2120//6524 2303//6524
f 2104//6525 2155//6525 526//6525
f 2101//6526 1957//6526 2150//6526
f 2023//6527 1990//6527 2192//6527
f 1990//6528 1989//6528 2191//6528
f 2097//6529 2061//6529 2237//6529
f 2090//6530 2131//6530 2132//6530
f 2172//6531 2129//6531 2171//6531
f 2217//6532 2169//6532 2046//6532
f 2079//6533 2118//6533 2039//6533
f 2117//6534 2009//6534 2163//6534
f 2078//6535 2008//6535 2007//6535
f 1964//6536 2109//6536 2036//6536
f 2065//6537 2148//6537 1994//6537
f 2142//6538 2098//6538 2022//6538
f 2136//6539 2180//6539 2016//6539
f 2050//6540 2136//6540 2016//6540
f 2050//6541 2089//6541 2090//6541
f 2049//6542 2015//6542 2087//6542
f 2087//6543 2015//6543 2048//6543
f 1947//6544 2015//6544 2049//6544
f 2014//6545 2046//6545 2127//6545
f 2126//6546 2012//6546 2125//6546
f 2125//6547 2012//6547 2045//6547
f 2085//6548 1977//6548 2084//6548
f 1977//6549 2085//6549 1978//6549
f 2010//6550 2304//6550 2212//6550
f 2116//6551 2037//6551 2114//6551
f 2024//6552 2025//6552 1885//6552
f 2098//6553 1989//6553 2022//6553
f 1983//6554 2056//6554 2019//6554
f 2056//6555 1982//6555 1949//6555
f 2114//6556 2037//6556 3028//6556
f 2037//6557 1934//6557 3028//6557
f 1901//6558 1933//6558 2004//6558
f 2035//6559 1930//6559 850//6559
f 2070//6560 1929//6560 1928//6560
f 1993//6561 2065//6561 3029//6561
f 1955//6562 2023//6562 2099//6562
f 3026//6563 1917//6563 2020//6563
f 2047//6564 1912//6564 2013//6564
f 1904//6565 3028//6565 1934//6565
f 1934//6566 3028//6566 1903//6566
f 3028//6567 1904//6567 1903//6567
f 1924//6568 1888//6568 1830//6568
f 1987//6569 1917//6569 3026//6569
f 1986//6570 1985//6570 1984//6570
f 1970//6571 1870//6571 1843//6571
f 1966//6572 1898//6572 1897//6572
f 1924//6573 1887//6573 1957//6573
f 1952//6574 1852//6574 1917//6574
f 3031//6575 1950//6575 1881//6575
f 1849//6576 1912//6576 1945//6576
f 1967//6577 1968//6577 1902//6577
f 1902//6578 1968//6578 1867//6578
f 1839//6579 1867//6579 1968//6579
f 1897//6580 1932//6580 1965//6580
f 1918//6581 1853//6581 1822//6581
f 1910//6582 1874//6582 1790//6582
f 1938//6583 1844//6583 1907//6583
f 1838//6584 1867//6584 1807//6584
f 1960//6585 1861//6585 1961//6585
f 1879//6586 1848//6586 1878//6586
f 1878//6587 1848//6587 1849//6587
f 1806//6588 1838//6588 1807//6588
f 1898//6589 1899//6589 1900//6589
f 1923//6590 1887//6590 1829//6590
f 1856//6591 1824//6591 1883//6591
f 1875//6592 1791//6592 1762//6592
f 1843//6593 1786//6593 1842//6593
f 1905//6594 1842//6594 1786//6594
f 1723//6595 1830//6595 1888//6595
f 1826//6596 1795//6596 1920//6596
f 1795//6597 1770//6597 1824//6597
f 1816//6598 1817//6598 1740//6598
f 1844//6599 1737//6599 1759//6599
f 1736//6600 1812//6600 1786//6600
f 1824//6601 1744//6601 1855//6601
f 1851//6602 1741//6602 1821//6602
f 3031//6603 1820//6603 1717//6603
f 1732//6604 1753//6604 1683//6604
f 1744//6605 1770//6605 1855//6605
f 1823//6606 1769//6606 1768//6606
f 1740//6607 1764//6607 3032//6607
f 1716//6608 3032//6608 1764//6608
f 1683//6609 1753//6609 1706//6609
f 1730//6610 1782//6610 1731//6610
f 1728//6611 1729//6611 1705//6611
f 1778//6612 1779//6612 1751//6612
f 1676//6613 1768//6613 1677//6613
f 1704//6614 1702//6614 1750//6614
f 1700//6615 1775//6615 1648//6615
f 1748//6616 1681//6616 1723//6616
f 1699//6617 1698//6617 1795//6617
f 1716//6618 1671//6618 1692//6618
f 1671//6619 1655//6619 1692//6619
f 1711//6620 1667//6620 1688//6620
f 1648//6621 1682//6621 1663//6621
f 1689//6622 1635//6622 1668//6622
f 1634//6623 1668//6623 1635//6623
f 1662//6624 1629//6624 1661//6624
f 1616//6625 1633//6625 1667//6625
f 1631//6626 3035//6626 1651//6626
f 1590//6627 1631//6627 1591//6627
f 1664//6628 1651//6628 3035//6628
f 1664//6629 1686//6629 1651//6629
f 1629//6630 1649//6630 1630//6630
f 1637//6631 1638//6631 1619//6631
f 1609//6632 1641//6632 1624//6632
f 1589//6633 1613//6633 1590//6633
f 1624//6634 1588//6634 1580//6634
f 1578//6635 1587//6635 1597//6635
f 1574//6636 1607//6636 1608//6636
f 1585//6637 1584//6637 1605//6637
f 1573//6638 1592//6638 1574//6638
f 1574//6639 1592//6639 1618//6639
f 1583//6640 1571//6640 1601//6640
f 1591//6641 3037//6641 1590//6641
f 1589//6642 1590//6642 3037//6642
f 1589//6643 3037//6643 1582//6643
f 1571//6644 1570//6644 3037//6644
f 1626//6645 1581//6645 1598//6645
f 1568//6646 1572//6646 1566//6646
f 3038//6647 3040//6647 3044//6647
f 3044//6648 3051//6648 3045//6648
f 3044//6649 3045//6649 3046//6649
f 3038//6650 3044//6650 3046//6650
f 3038//6651 3046//6651 3039//6651
f 3039//6652 3041//6652 3040//6652
f 3039//6653 3040//6653 3038//6653
f 3049//6654 3044//6654 3040//6654
f 3049//6655 3040//6655 3041//6655
f 3042//6656 3049//6656 3041//6656
f 2755//6657 3042//6657 3041//6657
f 2755//6658 3041//6658 3043//6658
f 3042//6659 2755//6659 3043//6659
f 3043//6660 2669//6660 2752//6660
f 3043//6661 2752//6661 3048//6661
f 3048//6662 3049//6662 3043//6662
f 3049//6663 3042//6663 3043//6663
f 3050//6664 3051//6664 3044//6664
f 3051//6665 3054//6665 3045//6665
f 2675//6666 3046//6666 2604//6666
f 3046//6667 2604//6667 3039//6667
f 3041//6668 3047//6668 2570//6668
f 3043//6669 2570//6669 2698//6669
f 2698//6670 2669//6670 3043//6670
f 2783//6671 2805//6671 3048//6671
f 3049//6672 3048//6672 2807//6672
f 3050//6673 3049//6673 3048//6673
f 3050//6674 3061//6674 3051//6674
f 3052//6675 3053//6675 3054//6675
f 3052//6676 3054//6676 3051//6676
f 3053//6677 3064//6677 3054//6677
f 3055//6678 3054//6678 3064//6678
f 3045//6679 3055//6679 3056//6679
f 3045//6680 3054//6680 3055//6680
f 3056//6681 3046//6681 3045//6681
f 2604//6682 3046//6682 3056//6682
f 3056//6683 2675//6683 2604//6683
f 2675//6684 3056//6684 2603//6684
f 2962//6685 2672//6685 2675//6685
f 2675//6686 3072//6686 2962//6686
f 3060//6687 2669//6687 3057//6687
f 3057//6688 3058//6688 3060//6688
f 3059//6689 3060//6689 3058//6689
f 2805//6690 2804//6690 2806//6690
f 2806//6691 3050//6691 3048//6691
f 2826//6692 3061//6692 2804//6692
f 3052//6693 3051//6693 3061//6693
f 2826//6694 3052//6694 3061//6694
f 2804//6695 3061//6695 2806//6695
f 3050//6696 2806//6696 3061//6696
f 3052//6697 2826//6697 2803//6697
f 3052//6698 2803//6698 3053//6698
f 2720//6699 2667//6699 2803//6699
f 3053//6700 2803//6700 2667//6700
f 3053//6701 3063//6701 3064//6701
f 3065//6702 3064//6702 3063//6702
f 3065//6703 3063//6703 2601//6703
f 3065//6704 2601//6704 2568//6704
f 3064//6705 3065//6705 3066//6705
f 3067//6706 3055//6706 3064//6706
f 3055//6707 3067//6707 2603//6707
f 3055//6708 2603//6708 3056//6708
f 2572//6709 3067//6709 3064//6709
f 2572//6710 3064//6710 3066//6710
f 2572//6711 3066//6711 2457//6711
f 2457//6712 3085//6712 3068//6712
f 3068//6713 3085//6713 3069//6713
f 3067//6714 2572//6714 2603//6714
f 3069//6715 2603//6715 3068//6715
f 3070//6716 2603//6716 3069//6716
f 3086//6717 3072//6717 3070//6717
f 2675//6718 3070//6718 3072//6718
f 3070//6719 2675//6719 2603//6719
f 3072//6720 3086//6720 3071//6720
f 3072//6721 3073//6721 3058//6721
f 2602//6722 3072//6722 3058//6722
f 2602//6723 2962//6723 3072//6723
f 3073//6724 3059//6724 3058//6724
f 3073//6725 3074//6725 3075//6725
f 3076//6726 3059//6726 3075//6726
f 3073//6727 3075//6727 3059//6727
f 2569//6728 3059//6728 3060//6728
f 3059//6729 3058//6729 2569//6729
f 3077//6730 2697//6730 3097//6730
f 3097//6731 3060//6731 3077//6731
f 3059//6732 3077//6732 3060//6732
f 3078//6733 3060//6733 3097//6733
f 3097//6734 3098//6734 3078//6734
f 2720//6735 3062//6735 3100//6735
f 3100//6736 2667//6736 2720//6736
f 3053//6737 2667//6737 2666//6737
f 3063//6738 3053//6738 2666//6738
f 2666//6739 2601//6739 3063//6739
f 2666//6740 3079//6740 2601//6740
f 3080//6741 3079//6741 3096//6741
f 3084//6742 3080//6742 3081//6742
f 2357//6743 3081//6743 3119//6743
f 3119//6744 3103//6744 2357//6744
f 2525//6745 3081//6745 2357//6745
f 2525//6746 2357//6746 3082//6746
f 3083//6747 3082//6747 2456//6747
f 3066//6748 3083//6748 2457//6748
f 3066//6749 3065//6749 3083//6749
f 3082//6750 3083//6750 3065//6750
f 3082//6751 3065//6751 2568//6751
f 3082//6752 2568//6752 2525//6752
f 2568//6753 3084//6753 2525//6753
f 3084//6754 3081//6754 2525//6754
f 3084//6755 2601//6755 3079//6755
f 3079//6756 3080//6756 3084//6756
f 2568//6757 2601//6757 3084//6757
f 3085//6758 2457//6758 3105//6758
f 3070//6759 3069//6759 3085//6759
f 3086//6760 3070//6760 3085//6760
f 3085//6761 3107//6761 3086//6761
f 3087//6762 3086//6762 3107//6762
f 3073//6763 3072//6763 3088//6763
f 3088//6764 3072//6764 3071//6764
f 3088//6765 3071//6765 3086//6765
f 3086//6766 3087//6766 3088//6766
f 3089//6767 3073//6767 3088//6767
f 3087//6768 3089//6768 3088//6768
f 3090//6769 3089//6769 3109//6769
f 3090//6770 3111//6770 3091//6770
f 3074//6771 3090//6771 3091//6771
f 3075//6772 3092//6772 3115//6772
f 3115//6773 3076//6773 3075//6773
f 3115//6774 3093//6774 3076//6774
f 3097//6775 3076//6775 3093//6775
f 3094//6776 3097//6776 3093//6776
f 3096//6777 3098//6777 3095//6777
f 3094//6778 3095//6778 3098//6778
f 3098//6779 3097//6779 3094//6779
f 3076//6780 3097//6780 3060//6780
f 3076//6781 3060//6781 3059//6781
f 3060//6782 3097//6782 2697//6782
f 3060//6783 2697//6783 2569//6783
f 3098//6784 2697//6784 3097//6784
f 3099//6785 3078//6785 3098//6785
f 3062//6786 3099//6786 3098//6786
f 3098//6787 3100//6787 3062//6787
f 3096//6788 3100//6788 3098//6788
f 3079//6789 3100//6789 3096//6789
f 3079//6790 2666//6790 3100//6790
f 2667//6791 3100//6791 2666//6791
f 3080//6792 3096//6792 66//6792
f 3080//6793 66//6793 3101//6793
f 3080//6794 3101//6794 3102//6794
f 3080//6795 3102//6795 3118//6795
f 3081//6796 3080//6796 3118//6796
f 3119//6797 3081//6797 3118//6797
f 3119//6798 3120//6798 3103//6798
f 3103//6799 2358//6799 2357//6799
f 2358//6800 2357//6800 3121//6800
f 3104//6801 2358//6801 3121//6801
f 2358//6802 3104//6802 2456//6802
f 3105//6803 2456//6803 3104//6803
f 3105//6804 3104//6804 3085//6804
f 3106//6805 3108//6805 3107//6805
f 3087//6806 3108//6806 3089//6806
f 3108//6807 3087//6807 3107//6807
f 3106//6808 3107//6808 3085//6808
f 3085//6809 3104//6809 3106//6809
f 3110//6810 3090//6810 3109//6810
f 3090//6811 3110//6811 3111//6811
f 3114//6812 4911//6812 3112//6812
f 3112//6813 3132//6813 3114//6813
f 3132//6814 3113//6814 3114//6814
f 3092//6815 4911//6815 3114//6815
f 4911//6816 3092//6816 3091//6816
f 4911//6817 3091//6817 3111//6817
f 3115//6818 3092//6818 3114//6818
f 3116//6819 3115//6819 3114//6819
f 3116//6820 3114//6820 3113//6820
f 3116//6821 3093//6821 3115//6821
f 3094//6822 3093//6822 3116//6822
f 3116//6823 4910//6823 3094//6823
f 3095//6824 3094//6824 4910//6824
f 4910//6825 3096//6825 3095//6825
f 4910//6826 66//6826 3096//6826
f 66//6827 4910//6827 3101//6827
f 3117//6828 3133//6828 3101//6828
f 3102//6829 3101//6829 3133//6829
f 3118//6830 3102//6830 3133//6830
f 4909//6831 3103//6831 3120//6831
f 2358//6832 3103//6832 3121//6832
f 3121//6833 3145//6833 3104//6833
f 3106//6834 3104//6834 3145//6834
f 3122//6835 3106//6835 3145//6835
f 3106//6836 3122//6836 3108//6836
f 3109//6837 3108//6837 3122//6837
f 3110//6838 3109//6838 3123//6838
f 3128//6839 3110//6839 3123//6839
f 3128//6840 3123//6840 3124//6840
f 3127//6841 3128//6841 3124//6841
f 3124//6842 3125//6842 3127//6842
f 3126//6843 3127//6843 3125//6843
f 3150//6844 3126//6844 3125//6844
f 3126//6845 3150//6845 3157//6845
f 3157//6846 3127//6846 3126//6846
f 3127//6847 3158//6847 3129//6847
f 3127//6848 3129//6848 3128//6848
f 3130//6849 3128//6849 3129//6849
f 3130//6850 3131//6850 3111//6850
f 4911//6851 3111//6851 3131//6851
f 3112//6852 4911//6852 3131//6852
f 3131//6853 3160//6853 3112//6853
f 3162//6854 3112//6854 3160//6854
f 3162//6855 3132//6855 3112//6855
f 3132//6856 4908//6856 3113//6856
f 3117//6857 3113//6857 4908//6857
f 3134//6858 3135//6858 3118//6858
f 3134//6859 3118//6859 3133//6859
f 3118//6860 3136//6860 3119//6860
f 3136//6861 3137//6861 3120//6861
f 3142//6862 3120//6862 3137//6862
f 3138//6863 3137//6863 573//6863
f 3171//6864 3139//6864 3138//6864
f 3140//6865 3139//6865 680//6865
f 3138//6866 3139//6866 3142//6866
f 3139//6867 3140//6867 3142//6867
f 3140//6868 3141//6868 3142//6868
f 3137//6869 3138//6869 3142//6869
f 3141//6870 3143//6870 4909//6870
f 3143//6871 3103//6871 4909//6871
f 3103//6872 3143//6872 3121//6872
f 3141//6873 3178//6873 3143//6873
f 3143//6874 3178//6874 3144//6874
f 3145//6875 3121//6875 3143//6875
f 3145//6876 3144//6876 3122//6876
f 3144//6877 3177//6877 3122//6877
f 3147//6878 3122//6878 3177//6878
f 3146//6879 3147//6879 3177//6879
f 3146//6880 3125//6880 3124//6880
f 3124//6881 3123//6881 3147//6881
f 3124//6882 3147//6882 3146//6882
f 3122//6883 3123//6883 3109//6883
f 3122//6884 3147//6884 3123//6884
f 3146//6885 3148//6885 3125//6885
f 3148//6886 3149//6886 3125//6886
f 3150//6887 3125//6887 3149//6887
f 3153//6888 3151//6888 3180//6888
f 3153//6889 3180//6889 3152//6889
f 3185//6890 3154//6890 3183//6890
f 3155//6891 3185//6891 3186//6891
f 3155//6892 3154//6892 3185//6892
f 3154//6893 3155//6893 3156//6893
f 3157//6894 3153//6894 3156//6894
f 3156//6895 3187//6895 3157//6895
f 3150//6896 3151//6896 3157//6896
f 3153//6897 3157//6897 3151//6897
f 3127//6898 3187//6898 3158//6898
f 3187//6899 3188//6899 3158//6899
f 3188//6900 4907//6900 3159//6900
f 3160//6901 3159//6901 4907//6901
f 4907//6902 3161//6902 3160//6902
f 3161//6903 4908//6903 3160//6903
f 3131//6904 3130//6904 3129//6904
f 3129//6905 3159//6905 3131//6905
f 3131//6906 3159//6906 3160//6906
f 3188//6907 3159//6907 3129//6907
f 3188//6908 3129//6908 3158//6908
f 3160//6909 4908//6909 3162//6909
f 3132//6910 3162//6910 4908//6910
f 3117//6911 4908//6911 3163//6911
f 3163//6912 3133//6912 3117//6912
f 3134//6913 3133//6913 3163//6913
f 3164//6914 3134//6914 3163//6914
f 3163//6915 3161//6915 3164//6915
f 3164//6916 3165//6916 3168//6916
f 3134//6917 3164//6917 3168//6917
f 3168//6918 3166//6918 3134//6918
f 3166//6919 3135//6919 3134//6919
f 3167//6920 3136//6920 3135//6920
f 3136//6921 573//6921 3137//6921
f 3136//6922 3167//6922 573//6922
f 3166//6923 3168//6923 3170//6923
f 3170//6924 3168//6924 3193//6924
f 3169//6925 3170//6925 3193//6925
f 3169//6926 3193//6926 568//6926
f 3169//6927 568//6927 614//6927
f 3169//6928 614//6928 569//6928
f 3170//6929 3169//6929 569//6929
f 569//6930 3167//6930 3170//6930
f 3167//6931 569//6931 573//6931
f 573//6932 569//6932 3138//6932
f 569//6933 3171//6933 3138//6933
f 614//6934 3171//6934 569//6934
f 3171//6935 614//6935 648//6935
f 3139//6936 3171//6936 615//6936
f 3172//6937 680//6937 3139//6937
f 3173//6938 680//6938 3172//6938
f 3173//6939 3172//6939 3194//6939
f 3173//6940 3174//6940 3149//6940
f 3149//6941 3175//6941 3173//6941
f 3178//6942 3176//6942 3177//6942
f 3144//6943 3178//6943 3177//6943
f 3140//6944 3173//6944 3178//6944
f 3178//6945 3173//6945 3175//6945
f 3176//6946 3178//6946 3175//6946
f 3174//6947 3173//6947 3194//6947
f 3173//6948 3140//6948 680//6948
f 3178//6949 3141//6949 3140//6949
f 3144//6950 3145//6950 3143//6950
f 3146//6951 3177//6951 3176//6951
f 3176//6952 3148//6952 3146//6952
f 3176//6953 3175//6953 3148//6953
f 3149//6954 3148//6954 3175//6954
f 3151//6955 3150//6955 3149//6955
f 3180//6956 3151//6956 3179//6956
f 3181//6957 3153//6957 3152//6957
f 3183//6958 3154//6958 3182//6958
f 3183//6959 3182//6959 3202//6959
f 3202//6960 3203//6960 3183//6960
f 3153//6961 3181//6961 3154//6961
f 3153//6962 3154//6962 3156//6962
f 3183//6963 3203//6963 3185//6963
f 3184//6964 3183//6964 3185//6964
f 3186//6965 3185//6965 3203//6965
f 3186//6966 3203//6966 3204//6966
f 3186//6967 3204//6967 3205//6967
f 3155//6968 3187//6968 3156//6968
f 4907//6969 3188//6969 3187//6969
f 3187//6970 3206//6970 4907//6970
f 3206//6971 3207//6971 4907//6971
f 3189//6972 3207//6972 3190//6972
f 3192//6973 3190//6973 3191//6973
f 3165//6974 3190//6974 3192//6974
f 3192//6975 3168//6975 3165//6975
f 3192//6976 3193//6976 3168//6976
f 600//6977 677//6977 678//6977
f 3172//6978 679//6978 3194//6978
f 3195//6979 3194//6979 735//6979
f 3195//6980 3174//6980 3194//6980
f 3151//6981 3149//6981 3179//6981
f 3180//6982 3179//6982 3196//6982
f 3196//6983 3212//6983 3180//6983
f 3197//6984 3180//6984 3212//6984
f 3212//6985 3230//6985 3197//6985
f 3198//6986 3197//6986 3230//6986
f 3216//6987 3198//6987 3230//6987
f 3180//6988 3197//6988 3198//6988
f 3180//6989 3198//6989 3199//6989
f 3199//6990 3152//6990 3180//6990
f 3199//6991 3181//6991 3152//6991
f 3181//6992 3200//6992 3182//6992
f 3202//6993 3201//6993 3222//6993
f 3225//6994 3204//6994 3223//6994
f 3205//6995 3204//6995 3248//6995
f 3205//6996 3248//6996 3226//6996
f 3226//6997 3208//6997 3205//6997
f 3205//6998 3208//6998 3186//6998
f 3208//6999 3206//6999 3186//6999
f 3155//7000 3186//7000 3206//7000
f 3155//7001 3206//7001 3187//7001
f 3208//7002 3209//7002 3207//7002
f 3209//7003 3191//7003 3190//7003
f 3191//7004 3227//7004 3228//7004
f 3228//7005 3192//7005 3191//7005
f 3228//7006 3193//7006 3192//7006
f 3210//7007 568//7007 3193//7007
f 567//7008 3211//7008 566//7008
f 3210//7009 3211//7009 567//7009
f 600//7010 599//7010 598//7010
f 600//7011 598//7011 700//7011
f 700//7012 677//7012 600//7012
f 3212//7013 735//7013 3229//7013
f 679//7014 3229//7014 735//7014
f 3212//7015 3195//7015 735//7015
f 3196//7016 3195//7016 3212//7016
f 3196//7017 3212//7017 3179//7017
f 3196//7018 3179//7018 3195//7018
f 3213//7019 3216//7019 3230//7019
f 3198//7020 3234//7020 3217//7020
f 3199//7021 3198//7021 3217//7021
f 3181//7022 3199//7022 3217//7022
f 3200//7023 3181//7023 3217//7023
f 3201//7024 3200//7024 3218//7024
f 3200//7025 3201//7025 3182//7025
f 3220//7026 3201//7026 3219//7026
f 3220//7027 3219//7027 3243//7027
f 3222//7028 3244//7028 3223//7028
f 3202//7029 3222//7029 3203//7029
f 3203//7030 3222//7030 3204//7030
f 3222//7031 3223//7031 3204//7031
f 3224//7032 3223//7032 3244//7032
f 3224//7033 3274//7033 3225//7033
f 3224//7034 3225//7034 3223//7034
f 3204//7035 3225//7035 3248//7035
f 3227//7036 3209//7036 3226//7036
f 3208//7037 3226//7037 3209//7037
f 3191//7038 3209//7038 3227//7038
f 3227//7039 3211//7039 3228//7039
f 3193//7040 3228//7040 3210//7040
f 3211//7041 3210//7041 3228//7041
f 3211//7042 3227//7042 3249//7042
f 566//7043 3211//7043 3250//7043
f 566//7044 613//7044 567//7044
f 3277//7045 3251//7045 3213//7045
f 3213//7046 3251//7046 3216//7046
f 3214//7047 3216//7047 3251//7047
f 3214//7048 3278//7048 3231//7048
f 3214//7049 3231//7049 3215//7049
f 3232//7050 3233//7050 3231//7050
f 3233//7051 3215//7051 3231//7051
f 3233//7052 3214//7052 3215//7052
f 3233//7053 3234//7053 3214//7053
f 3216//7054 3214//7054 3234//7054
f 3234//7055 3198//7055 3216//7055
f 3234//7056 3218//7056 3217//7056
f 3217//7057 3218//7057 3200//7057
f 3234//7058 3233//7058 3218//7058
f 3232//7059 3218//7059 3233//7059
f 3219//7060 3259//7060 3243//7060
f 3243//7061 3235//7061 3242//7061
f 3238//7062 3235//7062 3236//7062
f 3238//7063 3236//7063 3237//7063
f 3238//7064 3237//7064 3262//7064
f 3262//7065 3239//7065 3238//7065
f 3240//7066 3239//7066 3264//7066
f 3264//7067 3265//7067 3240//7067
f 3265//7068 3245//7068 3240//7068
f 3240//7069 3245//7069 3241//7069
f 3235//7070 3238//7070 3239//7070
f 3239//7071 3240//7071 3235//7071
f 3240//7072 3242//7072 3235//7072
f 3242//7073 3220//7073 3243//7073
f 3241//7074 3220//7074 3242//7074
f 3241//7075 3221//7075 3220//7075
f 3241//7076 3245//7076 3221//7076
f 3244//7077 3221//7077 3245//7077
f 3224//7078 3244//7078 3245//7078
f 3246//7079 3224//7079 3245//7079
f 3265//7080 3246//7080 3245//7080
f 3246//7081 3265//7081 3266//7081
f 3266//7082 3267//7082 3246//7082
f 3224//7083 3246//7083 3274//7083
f 3249//7084 3226//7084 3248//7084
f 3247//7085 3249//7085 3248//7085
f 3249//7086 3250//7086 3211//7086
f 3250//7087 3275//7087 3300//7087
f 3300//7088 3316//7088 3250//7088
f 3250//7089 3316//7089 566//7089
f 3214//7090 3251//7090 3278//7090
f 3252//7091 3231//7091 3278//7091
f 3252//7092 3257//7092 3231//7092
f 3256//7093 3252//7093 3278//7093
f 3278//7094 3279//7094 3256//7094
f 3253//7095 3256//7095 3279//7095
f 3253//7096 3279//7096 3281//7096
f 3254//7097 3253//7097 3281//7097
f 3255//7098 3284//7098 3254//7098
f 3254//7099 3284//7099 3285//7099
f 3285//7100 3253//7100 3254//7100
f 3286//7101 3256//7101 3253//7101
f 3257//7102 3256//7102 3286//7102
f 3259//7103 3257//7103 3258//7103
f 3243//7104 3259//7104 3258//7104
f 3243//7105 3258//7105 3236//7105
f 3235//7106 3243//7106 3236//7106
f 3261//7107 3290//7107 3260//7107
f 3237//7108 3260//7108 3290//7108
f 3263//7109 3262//7109 3295//7109
f 3239//7110 3262//7110 3263//7110
f 3264//7111 3239//7111 3263//7111
f 3264//7112 3263//7112 3296//7112
f 3264//7113 3266//7113 3265//7113
f 3266//7114 3268//7114 3267//7114
f 3269//7115 3267//7115 3268//7115
f 1036//7116 3270//7116 835//7116
f 837//7117 835//7117 3270//7117
f 3271//7118 3267//7118 3269//7118
f 3270//7119 3271//7119 3269//7119
f 3272//7120 3271//7120 953//7120
f 3273//7121 3272//7121 953//7121
f 3274//7122 3272//7122 3273//7122
f 3273//7123 3247//7123 3274//7123
f 3272//7124 3274//7124 3246//7124
f 3246//7125 3267//7125 3272//7125
f 3272//7126 3267//7126 3271//7126
f 3275//7127 3250//7127 3249//7127
f 3300//7128 3275//7128 3273//7128
f 3251//7129 3332//7129 3278//7129
f 3279//7130 3278//7130 3280//7130
f 3281//7131 3282//7131 3254//7131
f 3282//7132 3255//7132 3254//7132
f 3303//7133 3255//7133 3282//7133
f 3304//7134 3255//7134 3303//7134
f 3255//7135 3283//7135 3284//7135
f 3253//7136 3285//7136 3286//7136
f 3287//7137 3258//7137 3257//7137
f 3257//7138 3286//7138 3287//7138
f 3260//7139 3236//7139 3258//7139
f 3258//7140 3287//7140 3260//7140
f 3288//7141 3260//7141 3287//7141
f 3288//7142 3287//7142 3286//7142
f 3261//7143 3306//7143 3290//7143
f 3324//7144 3290//7144 3306//7144
f 3324//7145 3356//7145 3289//7145
f 3290//7146 3324//7146 3289//7146
f 3291//7147 3237//7147 3290//7147
f 3290//7148 3289//7148 3291//7148
f 3291//7149 3262//7149 3237//7149
f 3262//7150 3291//7150 4904//7150
f 3262//7151 4904//7151 3295//7151
f 3295//7152 4904//7152 3292//7152
f 3294//7153 3307//7153 3308//7153
f 3293//7154 3294//7154 3308//7154
f 3308//7155 3309//7155 3293//7155
f 3293//7156 3309//7156 3312//7156
f 3307//7157 3294//7157 3295//7157
f 3307//7158 3295//7158 3292//7158
f 3295//7159 3294//7159 3263//7159
f 3296//7160 3263//7160 3294//7160
f 3268//7161 3296//7161 3313//7161
f 3313//7162 3269//7162 3268//7162
f 3269//7163 3313//7163 3312//7163
f 3297//7164 3269//7164 3312//7164
f 838//7165 3297//7165 3298//7165
f 838//7166 3298//7166 3299//7166
f 838//7167 3299//7167 804//7167
f 3297//7168 838//7168 3270//7168
f 3297//7169 3270//7169 3269//7169
f 804//7170 837//7170 838//7170
f 765//7171 732//7171 803//7171
f 3300//7172 803//7172 732//7172
f 3300//7173 732//7173 3316//7173
f 3273//7174 3275//7174 3247//7174
f 803//7175 3273//7175 953//7175
f 1036//7176 953//7176 3271//7176
f 3270//7177 1036//7177 3271//7177
f 3273//7178 803//7178 3300//7178
f 3332//7179 3340//7179 3280//7179
f 3280//7180 3278//7180 3332//7180
f 3280//7181 3340//7181 3333//7181
f 3333//7182 3279//7182 3280//7182
f 3281//7183 3279//7183 3333//7183
f 3281//7184 3333//7184 962//7184
f 962//7185 3317//7185 3281//7185
f 3282//7186 3281//7186 3317//7186
f 3282//7187 3317//7187 3319//7187
f 3282//7188 3319//7188 3303//7188
f 3303//7189 3320//7189 3304//7189
f 3304//7190 3321//7190 3283//7190
f 3283//7191 3321//7191 3322//7191
f 3305//7192 3284//7192 3283//7192
f 3323//7193 3285//7193 3305//7193
f 3288//7194 3286//7194 3285//7194
f 3288//7195 3285//7195 3323//7195
f 3288//7196 3323//7196 3306//7196
f 3306//7197 3261//7197 3288//7197
f 3324//7198 3306//7198 3323//7198
f 3356//7199 3291//7199 3357//7199
f 3356//7200 3357//7200 3289//7200
f 4904//7201 3291//7201 3347//7201
f 3349//7202 3292//7202 3348//7202
f 3292//7203 3349//7203 3307//7203
f 3308//7204 3307//7204 3350//7204
f 3308//7205 3350//7205 3325//7205
f 3325//7206 3309//7206 3308//7206
f 3311//7207 3297//7207 3310//7207
f 3311//7208 3298//7208 3297//7208
f 3310//7209 3312//7209 3309//7209
f 3310//7210 3297//7210 3312//7210
f 3313//7211 3293//7211 3312//7211
f 3294//7212 3313//7212 3296//7212
f 3313//7213 3294//7213 3293//7213
f 3299//7214 3298//7214 805//7214
f 3299//7215 805//7215 804//7215
f 766//7216 733//7216 3331//7216
f 766//7217 3331//7217 843//7217
f 3318//7218 3317//7218 3334//7218
f 3334//7219 3335//7219 3318//7219
f 3318//7220 3335//7220 3336//7220
f 3318//7221 3319//7221 3317//7221
f 3303//7222 3319//7222 3320//7222
f 3321//7223 3304//7223 3320//7223
f 1389//7224 3346//7224 3354//7224
f 3321//7225 1390//7225 3322//7225
f 3323//7226 3362//7226 3324//7226
f 1446//7227 3324//7227 3362//7227
f 3356//7228 1446//7228 3362//7228
f 4904//7229 3347//7229 3348//7229
f 3350//7230 3307//7230 3349//7230
f 3325//7231 3350//7231 3359//7231
f 3359//7232 1224//7232 3325//7232
f 3326//7233 3309//7233 3325//7233
f 3328//7234 3327//7234 3326//7234
f 3328//7235 3353//7235 3327//7235
f 3336//7236 3327//7236 3353//7236
f 3353//7237 3318//7237 3336//7237
f 3336//7238 3309//7238 3327//7238
f 3326//7239 3327//7239 3309//7239
f 3311//7240 3310//7240 3309//7240
f 3309//7241 3336//7241 3311//7241
f 805//7242 3311//7242 919//7242
f 3329//7243 732//7243 3315//7243
f 3315//7244 3330//7244 3329//7244
f 881//7245 3317//7245 962//7245
f 3334//7246 3317//7246 881//7246
f 881//7247 841//7247 3334//7247
f 3335//7248 1001//7248 3336//7248
f 919//7249 3311//7249 1001//7249
f 1001//7250 3335//7250 919//7250
f 836//7251 3314//7251 3315//7251
f 3334//7252 841//7252 840//7252
f 840//7253 3337//7253 3334//7253
f 3334//7254 3337//7254 3335//7254
f 3337//7255 919//7255 3335//7255
f 3339//7256 842//7256 3341//7256
f 842//7257 841//7257 3341//7257
f 3343//7258 3315//7258 3314//7258
f 1001//7259 3311//7259 3336//7259
f 805//7260 3298//7260 3311//7260
f 3319//7261 3318//7261 3353//7261
f 3353//7262 3320//7262 3319//7262
f 3345//7263 3320//7263 3353//7263
f 3353//7264 3328//7264 3345//7264
f 3344//7265 3345//7265 3328//7265
f 3344//7266 3328//7266 3352//7266
f 3345//7267 3321//7267 3320//7267
f 3321//7268 3345//7268 3346//7268
f 3345//7269 3354//7269 3346//7269
f 3321//7270 1389//7270 3355//7270
f 3321//7271 3355//7271 1390//7271
f 3355//7272 3323//7272 3322//7272
f 3349//7273 3348//7273 3358//7273
f 1328//7274 3358//7274 3374//7274
f 3358//7275 1328//7275 1420//7275
f 1420//7276 3349//7276 3358//7276
f 3359//7277 3349//7277 1420//7277
f 3359//7278 3350//7278 3349//7278
f 1224//7279 3359//7279 1301//7279
f 3351//7280 1272//7280 3360//7280
f 3351//7281 3326//7281 1272//7281
f 3325//7282 1272//7282 3326//7282
f 1272//7283 3325//7283 1224//7283
f 3352//7284 3326//7284 3351//7284
f 3352//7285 3328//7285 3326//7285
f 3344//7286 3352//7286 1303//7286
f 3352//7287 3366//7287 1303//7287
f 3344//7288 1361//7288 3345//7288
f 3354//7289 3345//7289 1361//7289
f 1444//7290 1422//7290 3354//7290
f 1444//7291 3354//7291 3363//7291
f 1389//7292 3354//7292 1423//7292
f 3362//7293 3323//7293 3355//7293
f 3357//7294 3356//7294 1296//7294
f 1264//7295 3357//7295 1296//7295
f 3357//7296 1264//7296 3291//7296
f 3291//7297 1264//7297 3347//7297
f 1526//7298 1327//7298 3374//7298
f 3347//7299 1327//7299 3348//7299
f 3348//7300 1327//7300 1526//7300
f 3348//7301 1526//7301 3358//7301
f 3358//7302 1526//7302 3374//7302
f 3381//7303 1328//7303 3358//7303
f 3381//7304 1429//7304 1328//7304
f 1429//7305 1459//7305 1420//7305
f 1420//7306 1430//7306 3359//7306
f 3360//7307 1272//7307 1333//7307
f 3360//7308 3352//7308 3351//7308
f 3352//7309 3360//7309 3366//7309
f 1303//7310 3366//7310 3361//7310
f 3361//7311 3370//7311 3344//7311
f 1423//7312 3354//7312 1422//7312
f 3362//7313 3365//7313 3356//7313
f 1429//7314 1420//7314 1328//7314
f 1431//7315 1430//7315 1459//7315
f 1420//7316 1459//7316 1430//7316
f 1332//7317 1301//7317 3359//7317
f 1360//7318 1333//7318 1384//7318
f 3385//7319 1384//7319 1301//7319
f 3370//7320 3361//7320 3366//7320
f 1386//7321 3354//7321 1361//7321
f 1386//7322 1361//7322 3370//7322
f 3361//7323 3370//7323 1361//7323
f 1386//7324 3363//7324 3354//7324
f 3364//7325 3355//7325 3367//7325
f 3362//7326 3372//7326 3365//7326
f 3373//7327 1378//7327 3365//7327
f 1296//7328 1378//7328 3373//7328
f 1264//7329 3374//7329 1327//7329
f 3375//7330 1431//7330 3382//7330
f 3359//7331 1430//7331 1332//7331
f 3366//7332 3360//7332 1360//7332
f 3363//7333 1433//7333 3371//7333
f 3372//7334 3401//7334 3365//7334
f 3369//7335 3374//7335 1264//7335
f 1430//7336 1431//7336 1383//7336
f 1333//7337 1360//7337 3360//7337
f 3371//7338 1433//7338 3386//7338
f 1422//7339 3363//7339 3390//7339
f 1444//7340 1422//7340 3376//7340
f 3374//7341 3369//7341 3380//7341
f 3393//7342 3374//7342 3380//7342
f 3385//7343 4902//7343 1384//7343
f 3377//7344 1447//7344 3419//7344
f 3378//7345 3373//7345 3365//7345
f 3392//7346 3373//7346 3378//7346
f 3402//7347 3392//7347 3378//7347
f 3373//7348 3392//7348 4903//7348
f 3405//7349 3393//7349 3380//7349
f 3374//7350 3393//7350 3381//7350
f 3406//7351 3382//7351 3383//7351
f 3406//7352 3375//7352 3382//7352
f 3384//7353 3407//7353 3408//7353
f 3384//7354 3408//7354 1383//7354
f 3385//7355 1383//7355 4902//7355
f 1384//7356 4902//7356 3409//7356
f 3410//7357 3386//7357 1433//7357
f 3395//7358 3387//7358 3386//7358
f 3397//7359 3387//7359 3396//7359
f 3388//7360 3389//7360 3387//7360
f 3397//7361 3388//7361 3387//7361
f 3387//7362 3389//7362 3371//7362
f 3387//7363 3371//7363 3386//7363
f 3363//7364 3389//7364 3390//7364
f 3371//7365 3389//7365 3363//7365
f 1453//7366 3419//7366 1447//7366
f 3378//7367 3391//7367 3422//7367
f 3391//7368 3402//7368 3378//7368
f 3392//7369 3402//7369 3403//7369
f 3404//7370 3379//7370 3403//7370
f 3379//7371 4903//7371 3403//7371
f 3403//7372 4903//7372 3392//7372
f 3373//7373 4903//7373 3368//7373
f 3380//7374 3369//7374 3379//7374
f 3379//7375 3404//7375 3380//7375
f 3393//7376 3405//7376 3394//7376
f 3383//7377 3382//7377 3394//7377
f 3375//7378 3407//7378 3384//7378
f 1383//7379 3408//7379 4902//7379
f 1384//7380 3452//7380 1360//7380
f 1385//7381 1360//7381 3452//7381
f 1458//7382 3410//7382 1433//7382
f 1458//7383 1385//7383 3410//7383
f 3386//7384 3410//7384 3430//7384
f 3430//7385 3395//7385 3386//7385
f 3396//7386 3395//7386 3411//7386
f 3395//7387 3396//7387 3387//7387
f 3434//7388 3398//7388 3397//7388
f 3398//7389 3434//7389 3412//7389
f 3398//7390 3399//7390 3388//7390
f 3398//7391 3388//7391 3397//7391
f 3389//7392 3388//7392 3400//7392
f 3389//7393 3400//7393 3390//7393
f 3416//7394 3376//7394 3390//7394
f 1422//7395 3390//7395 3376//7395
f 3391//7396 3423//7396 3402//7396
f 3424//7397 3403//7397 3402//7397
f 3404//7398 3446//7398 3445//7398
f 3404//7399 3445//7399 3405//7399
f 3404//7400 3405//7400 3380//7400
f 3446//7401 3404//7401 3403//7401
f 3394//7402 3405//7402 3425//7402
f 3393//7403 3394//7403 3381//7403
f 3394//7404 3382//7404 3381//7404
f 3383//7405 3426//7405 3406//7405
f 3427//7406 3407//7406 3406//7406
f 3406//7407 3407//7407 3375//7407
f 3450//7408 4902//7408 3428//7408
f 3409//7409 4902//7409 3451//7409
f 3430//7410 3411//7410 3395//7410
f 3453//7411 3411//7411 3430//7411
f 3396//7412 3411//7412 3457//7412
f 3396//7413 3457//7413 3397//7413
f 3457//7414 3434//7414 3397//7414
f 3412//7415 3434//7415 3435//7415
f 3435//7416 3436//7416 3412//7416
f 3413//7417 3437//7417 3414//7417
f 3413//7418 3412//7418 3436//7418
f 3412//7419 3413//7419 3415//7419
f 3439//7420 3398//7420 3415//7420
f 3412//7421 3415//7421 3398//7421
f 3416//7422 3390//7422 3400//7422
f 3376//7423 3416//7423 3417//7423
f 3419//7424 3417//7424 3418//7424
f 3417//7425 3419//7425 3376//7425
f 3377//7426 3419//7426 3418//7426
f 3464//7427 3420//7427 3418//7427
f 3420//7428 3421//7428 3377//7428
f 3420//7429 3377//7429 3418//7429
f 3422//7430 3401//7430 3421//7430
f 3421//7431 4901//7431 3422//7431
f 4901//7432 3423//7432 3422//7432
f 3423//7433 3467//7433 3402//7433
f 3423//7434 3391//7434 3422//7434
f 3467//7435 3424//7435 3402//7435
f 3446//7436 3424//7436 3443//7436
f 3446//7437 3443//7437 3447//7437
f 3403//7438 3424//7438 3446//7438
f 3383//7439 3394//7439 3425//7439
f 3426//7440 3383//7440 3425//7440
f 3406//7441 3426//7441 3427//7441
f 3407//7442 3427//7442 3429//7442
f 3407//7443 3428//7443 3408//7443
f 3428//7444 3407//7444 3429//7444
f 4902//7445 3450//7445 3451//7445
f 1432//7446 1384//7446 3409//7446
f 1384//7447 1432//7447 3452//7447
f 3452//7448 1432//7448 3409//7448
f 3430//7449 3452//7449 3453//7449
f 1385//7450 3452//7450 3430//7450
f 1385//7451 3430//7451 3410//7451
f 3411//7452 3453//7452 3433//7452
f 3453//7453 3431//7453 3433//7453
f 3454//7454 3474//7454 3431//7454
f 3432//7455 3431//7455 3475//7455
f 3433//7456 3431//7456 3432//7456
f 3411//7457 3433//7457 3457//7457
f 3434//7458 3457//7458 3435//7458
f 3435//7459 3478//7459 3436//7459
f 3459//7460 3437//7460 3413//7460
f 3415//7461 3413//7461 3414//7461
f 3415//7462 3414//7462 3438//7462
f 3439//7463 3399//7463 3398//7463
f 3441//7464 3399//7464 4900//7464
f 3442//7465 3441//7465 4900//7465
f 3440//7466 3442//7466 4900//7466
f 3440//7467 4900//7467 3486//7467
f 3442//7468 3440//7468 3486//7468
f 3440//7469 3464//7469 3442//7469
f 3441//7470 3400//7470 3399//7470
f 3400//7471 3441//7471 3416//7471
f 3441//7472 3417//7472 3416//7472
f 3418//7473 3442//7473 3464//7473
f 3441//7474 3442//7474 3418//7474
f 3441//7475 3418//7475 3417//7475
f 3423//7476 3465//7476 3466//7476
f 3423//7477 3466//7477 3467//7477
f 3488//7478 3447//7478 3443//7478
f 3425//7479 3405//7479 3445//7479
f 3447//7480 3445//7480 3446//7480
f 3444//7481 3445//7481 3447//7481
f 3425//7482 3449//7482 3426//7482
f 3449//7483 3425//7483 3444//7483
f 3448//7484 3449//7484 3444//7484
f 3470//7485 3449//7485 3448//7485
f 3471//7486 3427//7486 3426//7486
f 3471//7487 3426//7487 3449//7487
f 3471//7488 3449//7488 3470//7488
f 3472//7489 3429//7489 3427//7489
f 3473//7490 3428//7490 3429//7490
f 3454//7491 3452//7491 3409//7491
f 3453//7492 3452//7492 3454//7492
f 3454//7493 3431//7493 3453//7493
f 3451//7494 3450//7494 3454//7494
f 3450//7495 3474//7495 3454//7495
f 3475//7496 3431//7496 3474//7496
f 3432//7497 3475//7497 3476//7497
f 3477//7498 3432//7498 3476//7498
f 3477//7499 3455//7499 3432//7499
f 3432//7500 3455//7500 3456//7500
f 3456//7501 3433//7501 3432//7501
f 3456//7502 3457//7502 3433//7502
f 3478//7503 3435//7503 3458//7503
f 3478//7504 3479//7504 3436//7504
f 3437//7505 3459//7505 3497//7505
f 3460//7506 3437//7506 3512//7506
f 3460//7507 3414//7507 3437//7507
f 3414//7508 3460//7508 3461//7508
f 3461//7509 3438//7509 3414//7509
f 3415//7510 3438//7510 3462//7510
f 3462//7511 3439//7511 3415//7511
f 4900//7512 3439//7512 3462//7512
f 3463//7513 4900//7513 3462//7513
f 3486//7514 3464//7514 3440//7514
f 3486//7515 3465//7515 3464//7515
f 3486//7516 3466//7516 3465//7516
f 3466//7517 3468//7517 3467//7517
f 3424//7518 3467//7518 3443//7518
f 3443//7519 3467//7519 3468//7519
f 3443//7520 3468//7520 3488//7520
f 3488//7521 3469//7521 3447//7521
f 3448//7522 3444//7522 3489//7522
f 3469//7523 3489//7523 3444//7523
f 3444//7524 3447//7524 3469//7524
f 3471//7525 3470//7525 3472//7525
f 3471//7526 3472//7526 3427//7526
f 3471//7527 3427//7527 3470//7527
f 3473//7528 3450//7528 3428//7528
f 3475//7529 3474//7529 3492//7529
f 3476//7530 3494//7530 3477//7530
f 3458//7531 3479//7531 3478//7531
f 3479//7532 3496//7532 3530//7532
f 3479//7533 3530//7533 3459//7533
f 3459//7534 3436//7534 3479//7534
f 3514//7535 3460//7535 3480//7535
f 3514//7536 3498//7536 3460//7536
f 3498//7537 3480//7537 3460//7537
f 3480//7538 3481//7538 3460//7538
f 3482//7539 3481//7539 3520//7539
f 3461//7540 3482//7540 3483//7540
f 3481//7541 3482//7541 3461//7541
f 3498//7542 3499//7542 3481//7542
f 3461//7543 3460//7543 3481//7543
f 3484//7544 3438//7544 3461//7544
f 3484//7545 3461//7545 3483//7545
f 3484//7546 3483//7546 3521//7546
f 3484//7547 3462//7547 3438//7547
f 3463//7548 3500//7548 3485//7548
f 3486//7549 3485//7549 3465//7549
f 3486//7550 3463//7550 3485//7550
f 3486//7551 4900//7551 3463//7551
f 3466//7552 3465//7552 3485//7552
f 3468//7553 3487//7553 3522//7553
f 3466//7554 3487//7554 3468//7554
f 3469//7555 3488//7555 3502//7555
f 3502//7556 3489//7556 3469//7556
f 3491//7557 3489//7557 3490//7557
f 3491//7558 3448//7558 3489//7558
f 3470//7559 3448//7559 3491//7559
f 3470//7560 3491//7560 3527//7560
f 3505//7561 3472//7561 3470//7561
f 3473//7562 3429//7562 3472//7562
f 3473//7563 3474//7563 3450//7563
f 3473//7564 3492//7564 3474//7564
f 3473//7565 3506//7565 3492//7565
f 3492//7566 3476//7566 3475//7566
f 3494//7567 3492//7567 3493//7567
f 3477//7568 3494//7568 3508//7568
f 3455//7569 3477//7569 3495//7569
f 3509//7570 3495//7570 3477//7570
f 3495//7571 3509//7571 3510//7571
f 3510//7572 3496//7572 3479//7572
f 3513//7573 3514//7573 3480//7573
f 3460//7574 3512//7574 3513//7574
f 3460//7575 3513//7575 3480//7575
f 3498//7576 3481//7576 3480//7576
f 3516//7577 3517//7577 3498//7577
f 3499//7578 3520//7578 3481//7578
f 3520//7579 3483//7579 3482//7579
f 3484//7580 3500//7580 3463//7580
f 3485//7581 3500//7581 3501//7581
f 3487//7582 3485//7582 3501//7582
f 3487//7583 3501//7583 3522//7583
f 3485//7584 3487//7584 3466//7584
f 3526//7585 3502//7585 3503//7585
f 3504//7586 3490//7586 3525//7586
f 3490//7587 3504//7587 3491//7587
f 3507//7588 3470//7588 3527//7588
f 3507//7589 3505//7589 3470//7589
f 3506//7590 3472//7590 3505//7590
f 3473//7591 3472//7591 3506//7591
f 3493//7592 3492//7592 3506//7592
f 3493//7593 3506//7593 3505//7593
f 3507//7594 3493//7594 3505//7594
f 3493//7595 3507//7595 3528//7595
f 3528//7596 3529//7596 3494//7596
f 3544//7597 3508//7597 3529//7597
f 3494//7598 3529//7598 3508//7598
f 3508//7599 3509//7599 3477//7599
f 3511//7600 3496//7600 3510//7600
f 3531//7601 3497//7601 3530//7601
f 3512//7602 3497//7602 3531//7602
f 3512//7603 3531//7603 3532//7603
f 3513//7604 3512//7604 3532//7604
f 3513//7605 3535//7605 3534//7605
f 3534//7606 3514//7606 3513//7606
f 3515//7607 3498//7607 3514//7607
f 3498//7608 3515//7608 3516//7608
f 3517//7609 3518//7609 3498//7609
f 3499//7610 3498//7610 3518//7610
f 3518//7611 3517//7611 3537//7611
f 3519//7612 3537//7612 3552//7612
f 3501//7613 3500//7613 3521//7613
f 3501//7614 3521//7614 3540//7614
f 3522//7615 3501//7615 3540//7615
f 4897//7616 3523//7616 3522//7616
f 3468//7617 3523//7617 3488//7617
f 3468//7618 3522//7618 3523//7618
f 3523//7619 3502//7619 3488//7619
f 3541//7620 3525//7620 3524//7620
f 3525//7621 3490//7621 3526//7621
f 3504//7622 3525//7622 3541//7622
f 3504//7623 3541//7623 3542//7623
f 3504//7624 3542//7624 3527//7624
f 3507//7625 3527//7625 3542//7625
f 3494//7626 3493//7626 3528//7626
f 3544//7627 4899//7627 3508//7627
f 3509//7628 3508//7628 4899//7628
f 3510//7629 3509//7629 4899//7629
f 3510//7630 4899//7630 3511//7630
f 4899//7631 3544//7631 3562//7631
f 3511//7632 4899//7632 3562//7632
f 3545//7633 3496//7633 3511//7633
f 3545//7634 3530//7634 3496//7634
f 3530//7635 3545//7635 3531//7635
f 3547//7636 3533//7636 3546//7636
f 3533//7637 3535//7637 3513//7637
f 3546//7638 3533//7638 3535//7638
f 3532//7639 3546//7639 3535//7639
f 3513//7640 3532//7640 3535//7640
f 3534//7641 3535//7641 3533//7641
f 3514//7642 3534//7642 3515//7642
f 3515//7643 3548//7643 3516//7643
f 3516//7644 3536//7644 3517//7644
f 3551//7645 3570//7645 3536//7645
f 3517//7646 3536//7646 3571//7646
f 3517//7647 3571//7647 3537//7647
f 3554//7648 3538//7648 3519//7648
f 3540//7649 3538//7649 3554//7649
f 3540//7650 3554//7650 4897//7650
f 3522//7651 3540//7651 4897//7651
f 3503//7652 3555//7652 3526//7652
f 3526//7653 3555//7653 3558//7653
f 3526//7654 3558//7654 3557//7654
f 3526//7655 3557//7655 3524//7655
f 3526//7656 3524//7656 3525//7656
f 3524//7657 3559//7657 3541//7657
f 3542//7658 3541//7658 3543//7658
f 3542//7659 3528//7659 3507//7659
f 3561//7660 3529//7660 3543//7660
f 3544//7661 3575//7661 3562//7661
f 3511//7662 3562//7662 3545//7662
f 3532//7663 3564//7663 3546//7663
f 4896//7664 3533//7664 3547//7664
f 3515//7665 3534//7665 3585//7665
f 3515//7666 3585//7666 3548//7666
f 3548//7667 3536//7667 3516//7667
f 3548//7668 3586//7668 3536//7668
f 3551//7669 3536//7669 3586//7669
f 3567//7670 3551//7670 3549//7670
f 3550//7671 3551//7671 3568//7671
f 3551//7672 3567//7672 3568//7672
f 3570//7673 3571//7673 3536//7673
f 3555//7674 3553//7674 3552//7674
f 3519//7675 3552//7675 3553//7675
f 3519//7676 3553//7676 3539//7676
f 4897//7677 3554//7677 3539//7677
f 3539//7678 3555//7678 3503//7678
f 3556//7679 3557//7679 3574//7679
f 3556//7680 3601//7680 3559//7680
f 3559//7681 3524//7681 3556//7681
f 3557//7682 3556//7682 3524//7682
f 3559//7683 3543//7683 3541//7683
f 3543//7684 3559//7684 3560//7684
f 3561//7685 3543//7685 3560//7685
f 3529//7686 3561//7686 3544//7686
f 3545//7687 3577//7687 3563//7687
f 3563//7688 3581//7688 3564//7688
f 3564//7689 3531//7689 3563//7689
f 3546//7690 3564//7690 3565//7690
f 3581//7691 3565//7691 3564//7691
f 3565//7692 3547//7692 3546//7692
f 3547//7693 3605//7693 3582//7693
f 3582//7694 3583//7694 4896//7694
f 4896//7695 3583//7695 3584//7695
f 3585//7696 3566//7696 4896//7696
f 3533//7697 4896//7697 3566//7697
f 3533//7698 3566//7698 3585//7698
f 3585//7699 3534//7699 3533//7699
f 3548//7700 3585//7700 3584//7700
f 3548//7701 3584//7701 3586//7701
f 3549//7702 3588//7702 3567//7702
f 3597//7703 3598//7703 3590//7703
f 3598//7704 3569//7704 3590//7704
f 3590//7705 3569//7705 3550//7705
f 3551//7706 3550//7706 3569//7706
f 3569//7707 3570//7707 3551//7707
f 3572//7708 3537//7708 3599//7708
f 3539//7709 3553//7709 3555//7709
f 3555//7710 3572//7710 3558//7710
f 3558//7711 3572//7711 3557//7711
f 3572//7712 3573//7712 3557//7712
f 3574//7713 3557//7713 3573//7713
f 3601//7714 3556//7714 3574//7714
f 3601//7715 3560//7715 3559//7715
f 3560//7716 3575//7716 3561//7716
f 3545//7717 3562//7717 3577//7717
f 3563//7718 3577//7718 3578//7718
f 3578//7719 3581//7719 3563//7719
f 3581//7720 3579//7720 3580//7720
f 3578//7721 3579//7721 3581//7721
f 3565//7722 3581//7722 3593//7722
f 3565//7723 3605//7723 3547//7723
f 3605//7724 3621//7724 3582//7724
f 3583//7725 3594//7725 3584//7725
f 3586//7726 3549//7726 3551//7726
f 3549//7727 3586//7727 3584//7727
f 3549//7728 3584//7728 3594//7728
f 3587//7729 3588//7729 3549//7729
f 3595//7730 3567//7730 3588//7730
f 3567//7731 3595//7731 3568//7731
f 3589//7732 3596//7732 3568//7732
f 3598//7733 3599//7733 3569//7733
f 3599//7734 3570//7734 3569//7734
f 3599//7735 3571//7735 3570//7735
f 3573//7736 3598//7736 3574//7736
f 3600//7737 3601//7737 3574//7737
f 3560//7738 3601//7738 3591//7738
f 3560//7739 3591//7739 3575//7739
f 3575//7740 3591//7740 3576//7740
f 3577//7741 3576//7741 3592//7741
f 3577//7742 3562//7742 3576//7742
f 3577//7743 3592//7743 3578//7743
f 3578//7744 3592//7744 3579//7744
f 3602//7745 3579//7745 3592//7745
f 3603//7746 3580//7746 3602//7746
f 3602//7747 3580//7747 3579//7747
f 3580//7748 3619//7748 3604//7748
f 3593//7749 3580//7749 3604//7749
f 3580//7750 3593//7750 3581//7750
f 3593//7751 3605//7751 3565//7751
f 3621//7752 3622//7752 3582//7752
f 3583//7753 3582//7753 3622//7753
f 3549//7754 3594//7754 3587//7754
f 3587//7755 3594//7755 3623//7755
f 3587//7756 4895//7756 3588//7756
f 4895//7757 3607//7757 3588//7757
f 3595//7758 3589//7758 3568//7758
f 3589//7759 3608//7759 3609//7759
f 3610//7760 3589//7760 3609//7760
f 3597//7761 3590//7761 3596//7761
f 3597//7762 3596//7762 3612//7762
f 3611//7763 3612//7763 3596//7763
f 3611//7764 3596//7764 3610//7764
f 3589//7765 3610//7765 3596//7765
f 3596//7766 3590//7766 3568//7766
f 3599//7767 3573//7767 3572//7767
f 3598//7768 3573//7768 3599//7768
f 3597//7769 3574//7769 3598//7769
f 3600//7770 3574//7770 3597//7770
f 3601//7771 3600//7771 3615//7771
f 3615//7772 3616//7772 3601//7772
f 3591//7773 3592//7773 3576//7773
f 3603//7774 3619//7774 3580//7774
f 3621//7775 3593//7775 3620//7775
f 3593//7776 3621//7776 3605//7776
f 3622//7777 3627//7777 3606//7777
f 3622//7778 3606//7778 3583//7778
f 3594//7779 3606//7779 3623//7779
f 3583//7780 3606//7780 3594//7780
f 4895//7781 3587//7781 3623//7781
f 3607//7782 3630//7782 3631//7782
f 3588//7783 3607//7783 3595//7783
f 3624//7784 3609//7784 3608//7784
f 3624//7785 3608//7785 3632//7785
f 3610//7786 3625//7786 3611//7786
f 3612//7787 3611//7787 3614//7787
f 3614//7788 3615//7788 3612//7788
f 3591//7789 3601//7789 3616//7789
f 3591//7790 3616//7790 3592//7790
f 3616//7791 3613//7791 3592//7791
f 3613//7792 3602//7792 3592//7792
f 3614//7793 3625//7793 3617//7793
f 3615//7794 3614//7794 3613//7794
f 3615//7795 3613//7795 3616//7795
f 3613//7796 3614//7796 3617//7796
f 3613//7797 3617//7797 3602//7797
f 3617//7798 3603//7798 3602//7798
f 3625//7799 3614//7799 3611//7799
f 3617//7800 3625//7800 3618//7800
f 3617//7801 3618//7801 3603//7801
f 3634//7802 3603//7802 3618//7802
f 3604//7803 3642//7803 3626//7803
f 3637//7804 3622//7804 3621//7804
f 3637//7805 3627//7805 3622//7805
f 3606//7806 3627//7806 3623//7806
f 3629//7807 3630//7807 4895//7807
f 3623//7808 3629//7808 4895//7808
f 3608//7809 3595//7809 3607//7809
f 3608//7810 3607//7810 3631//7810
f 3640//7811 3610//7811 3609//7811
f 3609//7812 3624//7812 3640//7812
f 3640//7813 3625//7813 3610//7813
f 3618//7814 3625//7814 3641//7814
f 3641//7815 3634//7815 3618//7815
f 3634//7816 3619//7816 3603//7816
f 3604//7817 3636//7817 3642//7817
f 3637//7818 3644//7818 3627//7818
f 3628//7819 3623//7819 3627//7819
f 3632//7820 3631//7820 3650//7820
f 3608//7821 3631//7821 3632//7821
f 3624//7822 3639//7822 3652//7822
f 3633//7823 3624//7823 3652//7823
f 3633//7824 3640//7824 3624//7824
f 3634//7825 3635//7825 3636//7825
f 3634//7826 3636//7826 3619//7826
f 3619//7827 3636//7827 3604//7827
f 3642//7828 3636//7828 3635//7828
f 3642//7829 3643//7829 3626//7829
f 3637//7830 3626//7830 3643//7830
f 3637//7831 3643//7831 3644//7831
f 3628//7832 3645//7832 3646//7832
f 3628//7833 3646//7833 3647//7833
f 3629//7834 3623//7834 3628//7834
f 3638//7835 3629//7835 3648//7835
f 3631//7836 3630//7836 3649//7836
f 3632//7837 3650//7837 3639//7837
f 3639//7838 3624//7838 3632//7838
f 3652//7839 3653//7839 3633//7839
f 3633//7840 3653//7840 3659//7840
f 3659//7841 3640//7841 3633//7841
f 3641//7842 3640//7842 3659//7842
f 3641//7843 3625//7843 3640//7843
f 3634//7844 3641//7844 3659//7844
f 3635//7845 3634//7845 3654//7845
f 3642//7846 3635//7846 3662//7846
f 3643//7847 3642//7847 3662//7847
f 3662//7848 3663//7848 3643//7848
f 3643//7849 3655//7849 3644//7849
f 3645//7850 3644//7850 3655//7850
f 3645//7851 3628//7851 3644//7851
f 3655//7852 4894//7852 3645//7852
f 3645//7853 4894//7853 3664//7853
f 3646//7854 3645//7854 3664//7854
f 3647//7855 3629//7855 3628//7855
f 3629//7856 3647//7856 3648//7856
f 3656//7857 3649//7857 3638//7857
f 3630//7858 3638//7858 3649//7858
f 3650//7859 3631//7859 3649//7859
f 3639//7860 3650//7860 3657//7860
f 3651//7861 3658//7861 3671//7861
f 3651//7862 3652//7862 3639//7862
f 3651//7863 3671//7863 3652//7863
f 3654//7864 3634//7864 3659//7864
f 3635//7865 3654//7865 3661//7865
f 3662//7866 3635//7866 3661//7866
f 4894//7867 3655//7867 3663//7867
f 3663//7868 3674//7868 4894//7868
f 3646//7869 3664//7869 3665//7869
f 3676//7870 3646//7870 3665//7870
f 3648//7871 3647//7871 3646//7871
f 3656//7872 3638//7872 3648//7872
f 3679//7873 3656//7873 3678//7873
f 3656//7874 3679//7874 3649//7874
f 3657//7875 3650//7875 3679//7875
f 3649//7876 3679//7876 3650//7876
f 3651//7877 3639//7877 3657//7877
f 3651//7878 3657//7878 3666//7878
f 3658//7879 3651//7879 3666//7879
f 3669//7880 3670//7880 3668//7880
f 3658//7881 3668//7881 3670//7881
f 3670//7882 3671//7882 3658//7882
f 3652//7883 3671//7883 3653//7883
f 3660//7884 3654//7884 3671//7884
f 3653//7885 3671//7885 3659//7885
f 3654//7886 3659//7886 3671//7886
f 3660//7887 3661//7887 3654//7887
f 3662//7888 3661//7888 3672//7888
f 3663//7889 3655//7889 3643//7889
f 3663//7890 3662//7890 3672//7890
f 3663//7891 3672//7891 3684//7891
f 4894//7892 3675//7892 3664//7892
f 3665//7893 3664//7893 3675//7893
f 3675//7894 3688//7894 3665//7894
f 3676//7895 3665//7895 3688//7895
f 3648//7896 3676//7896 3656//7896
f 3657//7897 3679//7897 3666//7897
f 3658//7898 3666//7898 3667//7898
f 3668//7899 3658//7899 3667//7899
f 3680//7900 3669//7900 3668//7900
f 3671//7901 3670//7901 3660//7901
f 3661//7902 3660//7902 3682//7902
f 3682//7903 3683//7903 3672//7903
f 3672//7904 3661//7904 3682//7904
f 3683//7905 3684//7905 3672//7905
f 3673//7906 3684//7906 3685//7906
f 3684//7907 3673//7907 3674//7907
f 3674//7908 3663//7908 3684//7908
f 4894//7909 3673//7909 3675//7909
f 3686//7910 3675//7910 3673//7910
f 3686//7911 3695//7911 3688//7911
f 3688//7912 3675//7912 3686//7912
f 3689//7913 3676//7913 3688//7913
f 3689//7914 3696//7914 3677//7914
f 3677//7915 3678//7915 3656//7915
f 3678//7916 3677//7916 3699//7916
f 3666//7917 3679//7917 3690//7917
f 3700//7918 3668//7918 3667//7918
f 3700//7919 3667//7919 3691//7919
f 3680//7920 3668//7920 3700//7920
f 3681//7921 3669//7921 3680//7921
f 3669//7922 3681//7922 3694//7922
f 3684//7923 3704//7923 3685//7923
f 3716//7924 3687//7924 3695//7924
f 3688//7925 3695//7925 3687//7925
f 3708//7926 3696//7926 3687//7926
f 3688//7927 3696//7927 3689//7927
f 3689//7928 3687//7928 3696//7928
f 3688//7929 3687//7929 3689//7929
f 3676//7930 3689//7930 3677//7930
f 3678//7931 3691//7931 3690//7931
f 3700//7932 3711//7932 3692//7932
f 3692//7933 3680//7933 3700//7933
f 3693//7934 3692//7934 3701//7934
f 3692//7935 3693//7935 3681//7935
f 3681//7936 3680//7936 3692//7936
f 3703//7937 3694//7937 3681//7937
f 4893//7938 3694//7938 3682//7938
f 3683//7939 3682//7939 3694//7939
f 3715//7940 3686//7940 3706//7940
f 3686//7941 3715//7941 3695//7941
f 3715//7942 3707//7942 3695//7942
f 3695//7943 3707//7943 3716//7943
f 3709//7944 3696//7944 3708//7944
f 3698//7945 3709//7945 3718//7945
f 3697//7946 3698//7946 3718//7946
f 3710//7947 3691//7947 3697//7947
f 3698//7948 3696//7948 3709//7948
f 3696//7949 3698//7949 3677//7949
f 3698//7950 3699//7950 3677//7950
f 3678//7951 3699//7951 3691//7951
f 3697//7952 3691//7952 3699//7952
f 3699//7953 3698//7953 3697//7953
f 3700//7954 3691//7954 3710//7954
f 3710//7955 3711//7955 3700//7955
f 3702//7956 3693//7956 3701//7956
f 3702//7957 3701//7957 3723//7957
f 3712//7958 3703//7958 3693//7958
f 3703//7959 3681//7959 3693//7959
f 3704//7960 3683//7960 3694//7960
f 3704//7961 3694//7961 3713//7961
f 3713//7962 3705//7962 3704//7962
f 3705//7963 3685//7963 3704//7963
f 3716//7964 3708//7964 3687//7964
f 3710//7965 3719//7965 3711//7965
f 3711//7966 3720//7966 3692//7966
f 3719//7967 3720//7967 3711//7967
f 3701//7968 3692//7968 3720//7968
f 3694//7969 3703//7969 3713//7969
f 3712//7970 3705//7970 3713//7970
f 3715//7971 3714//7971 3707//7971
f 3707//7972 3714//7972 3724//7972
f 3725//7973 3708//7973 3716//7973
f 3725//7974 3717//7974 3708//7974
f 3717//7975 3725//7975 3733//7975
f 3709//7976 3708//7976 3717//7976
f 3710//7977 3718//7977 3729//7977
f 3729//7978 3719//7978 3710//7978
f 3731//7979 3720//7979 3719//7979
f 3721//7980 3720//7980 3731//7980
f 3721//7981 3701//7981 3720//7981
f 3722//7982 3701//7982 3721//7982
f 3723//7983 3732//7983 3740//7983
f 3702//7984 3701//7984 3722//7984
f 3702//7985 3722//7985 3723//7985
f 3722//7986 3732//7986 3723//7986
f 3713//7987 3703//7987 3712//7987
f 3705//7988 3712//7988 3741//7988
f 3714//7989 3705//7989 3741//7989
f 3714//7990 3742//7990 3724//7990
f 3725//7991 3724//7991 3743//7991
f 3743//7992 3733//7992 3725//7992
f 3724//7993 3725//7993 3716//7993
f 3717//7994 3733//7994 3726//7994
f 3727//7995 3734//7995 3726//7995
f 3734//7996 3717//7996 3726//7996
f 3717//7997 3734//7997 3728//7997
f 3717//7998 3728//7998 3709//7998
f 3709//7999 3728//7999 3718//7999
f 3730//8000 3738//8000 3731//8000
f 3738//8001 3730//8001 3737//8001
f 3719//8002 3729//8002 3730//8002
f 3731//8003 3739//8003 3721//8003
f 3732//8004 3722//8004 3721//8004
f 3751//8005 3732//8005 3721//8005
f 3751//8006 3752//8006 3732//8006
f 3740//8007 3732//8007 3752//8007
f 3723//8008 3740//8008 3741//8008
f 3741//8009 3702//8009 3723//8009
f 3702//8010 3741//8010 3712//8010
f 3741//8011 3742//8011 3714//8011
f 3742//8012 3743//8012 3724//8012
f 3726//8013 3733//8013 3755//8013
f 3744//8014 3726//8014 3755//8014
f 3744//8015 3745//8015 3726//8015
f 3745//8016 3727//8016 3726//8016
f 3748//8017 3734//8017 3727//8017
f 3735//8018 3718//8018 3728//8018
f 3735//8019 3728//8019 3734//8019
f 3735//8020 3729//8020 3718//8020
f 3729//8021 3735//8021 3730//8021
f 3748//8022 3730//8022 3735//8022
f 3737//8023 3748//8023 3736//8023
f 3737//8024 3730//8024 3748//8024
f 3757//8025 3737//8025 3736//8025
f 3719//8026 3730//8026 3731//8026
f 3731//8027 3738//8027 3739//8027
f 3749//8028 3739//8028 3738//8028
f 3739//8029 3751//8029 3721//8029
f 3742//8030 3741//8030 3753//8030
f 3743//8031 3755//8031 3733//8031
f 3743//8032 3754//8032 3755//8032
f 3744//8033 3755//8033 3756//8033
f 3744//8034 3756//8034 3745//8034
f 3746//8035 3773//8035 3747//8035
f 3748//8036 3727//8036 3746//8036
f 3748//8037 3746//8037 3747//8037
f 3736//8038 3748//8038 3747//8038
f 3734//8039 3748//8039 3735//8039
f 3747//8040 3757//8040 3736//8040
f 3757//8041 3749//8041 3738//8041
f 3737//8042 3757//8042 3738//8042
f 3750//8043 3749//8043 3767//8043
f 3750//8044 3767//8044 3758//8044
f 3759//8045 3750//8045 3758//8045
f 3739//8046 3749//8046 3751//8046
f 3752//8047 3760//8047 3740//8047
f 3742//8048 3753//8048 3743//8048
f 3754//8049 3760//8049 3770//8049
f 3770//8050 3755//8050 3754//8050
f 3756//8051 3771//8051 3761//8051
f 3745//8052 3756//8052 3762//8052
f 3745//8053 3762//8053 3746//8053
f 3746//8054 3727//8054 3745//8054
f 3773//8055 3783//8055 3747//8055
f 3783//8056 3763//8056 3747//8056
f 3757//8057 3747//8057 3766//8057
f 3767//8058 3749//8058 3757//8058
f 3758//8059 3769//8059 3759//8059
f 3777//8060 3759//8060 3769//8060
f 3751//8061 3749//8061 3750//8061
f 3751//8062 3759//8062 3752//8062
f 3760//8063 3752//8063 3778//8063
f 3760//8064 3753//8064 3740//8064
f 3754//8065 3743//8065 3753//8065
f 3754//8066 3753//8066 3760//8066
f 3771//8067 3756//8067 3755//8067
f 3770//8068 3771//8068 3755//8068
f 3761//8069 3781//8069 3762//8069
f 3762//8070 3756//8070 3761//8070
f 3746//8071 3762//8071 3773//8071
f 4892//8072 3774//8072 3764//8072
f 3764//8073 3774//8073 3766//8073
f 3764//8074 3766//8074 3763//8074
f 3765//8075 3776//8075 3768//8075
f 3765//8076 3774//8076 3775//8076
f 3765//8077 3766//8077 3774//8077
f 3757//8078 3765//8078 3767//8078
f 3768//8079 3767//8079 3765//8079
f 3758//8080 3767//8080 3768//8080
f 3769//8081 3758//8081 3768//8081
f 3769//8082 3787//8082 3777//8082
f 3779//8083 3771//8083 3770//8083
f 3780//8084 3771//8084 3788//8084
f 3761//8085 3780//8085 3781//8085
f 3762//8086 3781//8086 3773//8086
f 3765//8087 3775//8087 3776//8087
f 3776//8088 3775//8088 3792//8088
f 3776//8089 3786//8089 3794//8089
f 3769//8090 3797//8090 3787//8090
f 3759//8091 3777//8091 3778//8091
f 3770//8092 3778//8092 3779//8092
f 3788//8093 3771//8093 3779//8093
f 3780//8094 3788//8094 3798//8094
f 3790//8095 3782//8095 3772//8095
f 3782//8096 3773//8096 3772//8096
f 3781//8097 3772//8097 3773//8097
f 3783//8098 3773//8098 3782//8098
f 3784//8099 4892//8099 3764//8099
f 3785//8100 4892//8100 3803//8100
f 3792//8101 3775//8101 3785//8101
f 3792//8102 3785//8102 3805//8102
f 3786//8103 3776//8103 3792//8103
f 3776//8104 3794//8104 3797//8104
f 3776//8105 3797//8105 3768//8105
f 3787//8106 3796//8106 3779//8106
f 3779//8107 3796//8107 3788//8107
f 3798//8108 3789//8108 3780//8108
f 3789//8109 3781//8109 3780//8109
f 3800//8110 3790//8110 3781//8110
f 3783//8111 3784//8111 3764//8111
f 3783//8112 3782//8112 3784//8112
f 3812//8113 3791//8113 4892//8113
f 3812//8114 4892//8114 3764//8114
f 3812//8115 3764//8115 3784//8115
f 3803//8116 4892//8116 3791//8116
f 3803//8117 3804//8117 3785//8117
f 3785//8118 3804//8118 3805//8118
f 3786//8119 3806//8119 3807//8119
f 3786//8120 3807//8120 3793//8120
f 3793//8121 3794//8121 3786//8121
f 3796//8122 3797//8122 3794//8122
f 3793//8123 3796//8123 3794//8123
f 3787//8124 3797//8124 3796//8124
f 3788//8125 3796//8125 3798//8125
f 3798//8126 3796//8126 3795//8126
f 3808//8127 3798//8127 3795//8127
f 3798//8128 3808//8128 3799//8128
f 3799//8129 3789//8129 3798//8129
f 3800//8130 3781//8130 3789//8130
f 3802//8131 3790//8131 3801//8131
f 3790//8132 3802//8132 3782//8132
f 3803//8133 3791//8133 3813//8133
f 3803//8134 3814//8134 3804//8134
f 3815//8135 3816//8135 3805//8135
f 3815//8136 3805//8136 3804//8136
f 3805//8137 3806//8137 3792//8137
f 3806//8138 3817//8138 3807//8138
f 3795//8139 3793//8139 3818//8139
f 3800//8140 3809//8140 3810//8140
f 3800//8141 3810//8141 3790//8141
f 3810//8142 3801//8142 3790//8142
f 3801//8143 3841//8143 3820//8143
f 3811//8144 3802//8144 3801//8144
f 3812//8145 3802//8145 3811//8145
f 3811//8146 3813//8146 3812//8146
f 3791//8147 3812//8147 3813//8147
f 3821//8148 3803//8148 3813//8148
f 3814//8149 3803//8149 3821//8149
f 3821//8150 3831//8150 3814//8150
f 3831//8151 3822//8151 3814//8151
f 3815//8152 3804//8152 3814//8152
f 3816//8153 3806//8153 3805//8153
f 3786//8154 3792//8154 3806//8154
f 3818//8155 3793//8155 3807//8155
f 3825//8156 3795//8156 3818//8156
f 3808//8157 3795//8157 3825//8157
f 3840//8158 3809//8158 3826//8158
f 3826//8159 3799//8159 3808//8159
f 3809//8160 3799//8160 3826//8160
f 3810//8161 3809//8161 3827//8161
f 3819//8162 3801//8162 3810//8162
f 3819//8163 3810//8163 3841//8163
f 3841//8164 3810//8164 3827//8164
f 3801//8165 3819//8165 3841//8165
f 3830//8166 3811//8166 3820//8166
f 3821//8167 3813//8167 3811//8167
f 3822//8168 3832//8168 3833//8168
f 3815//8169 3844//8169 3834//8169
f 3816//8170 3815//8170 3834//8170
f 3834//8171 3806//8171 3816//8171
f 3834//8172 3817//8172 3806//8172
f 3823//8173 3817//8173 3834//8173
f 3824//8174 3817//8174 3823//8174
f 3818//8175 3807//8175 3817//8175
f 3817//8176 3824//8176 3818//8176
f 3818//8177 3824//8177 3837//8177
f 3825//8178 3818//8178 3837//8178
f 3808//8179 3825//8179 3838//8179
f 3840//8180 3827//8180 3809//8180
f 3841//8181 3827//8181 3840//8181
f 3829//8182 3828//8182 3842//8182
f 3830//8183 3820//8183 3828//8183
f 3811//8184 3830//8184 3821//8184
f 3822//8185 3831//8185 3852//8185
f 3822//8186 3833//8186 3844//8186
f 3822//8187 3844//8187 3815//8187
f 3823//8188 3834//8188 3845//8188
f 3834//8189 3844//8189 3845//8189
f 3835//8190 3823//8190 3845//8190
f 3835//8191 3845//8191 3855//8191
f 3835//8192 3855//8192 3856//8192
f 3823//8193 3835//8193 3846//8193
f 3823//8194 3846//8194 3824//8194
f 3824//8195 3846//8195 3836//8195
f 3838//8196 3859//8196 3839//8196
f 3840//8197 3826//8197 3839//8197
f 3840//8198 3839//8198 3848//8198
f 3840//8199 3848//8199 3841//8199
f 3841//8200 3861//8200 3828//8200
f 3841//8201 3828//8201 3820//8201
f 3850//8202 3842//8202 3849//8202
f 3830//8203 3828//8203 3829//8203
f 3830//8204 3829//8204 3843//8204
f 3830//8205 3843//8205 3821//8205
f 3829//8206 3821//8206 3843//8206
f 3843//8207 3852//8207 3831//8207
f 3843//8208 3831//8208 3821//8208
f 3822//8209 3852//8209 3832//8209
f 3866//8210 3833//8210 3832//8210
f 3854//8211 3833//8211 3866//8211
f 3835//8212 3856//8212 3857//8212
f 3835//8213 3857//8213 3846//8213
f 3858//8214 3836//8214 3846//8214
f 3837//8215 3836//8215 3858//8215
f 3837//8216 3824//8216 3836//8216
f 3837//8217 3858//8217 3859//8217
f 3825//8218 3837//8218 3838//8218
f 3837//8219 3859//8219 3838//8219
f 3839//8220 3859//8220 3847//8220
f 3839//8221 3847//8221 3848//8221
f 3848//8222 3861//8222 3841//8222
f 3850//8223 3849//8223 3871//8223
f 3851//8224 3863//8224 3864//8224
f 3864//8225 3842//8225 3850//8225
f 3851//8226 3864//8226 3850//8226
f 3829//8227 3852//8227 3843//8227
f 3853//8228 3832//8228 3852//8228
f 3852//8229 3865//8229 3853//8229
f 3865//8230 3875//8230 3853//8230
f 3832//8231 3875//8231 3866//8231
f 3877//8232 3854//8232 3876//8232
f 3854//8233 3877//8233 3855//8233
f 3855//8234 3845//8234 3854//8234
f 3846//8235 3857//8235 3858//8235
f 3847//8236 3859//8236 3869//8236
f 3847//8237 3860//8237 3848//8237
f 3860//8238 3861//8238 3848//8238
f 3860//8239 3849//8239 3861//8239
f 3871//8240 3849//8240 3860//8240
f 3850//8241 3862//8241 3887//8241
f 3850//8242 3872//8242 3851//8242
f 3863//8243 3851//8243 3872//8243
f 3865//8244 3864//8244 3873//8244
f 3873//8245 3864//8245 3863//8245
f 3842//8246 3864//8246 3852//8246
f 3864//8247 3865//8247 3852//8247
f 3866//8248 3876//8248 3854//8248
f 3876//8249 3866//8249 3875//8249
f 3877//8250 3899//8250 3867//8250
f 3855//8251 3877//8251 3867//8251
f 3856//8252 3855//8252 3867//8252
f 3856//8253 3868//8253 3881//8253
f 3856//8254 3881//8254 3857//8254
f 3882//8255 3858//8255 3857//8255
f 3869//8256 3858//8256 3882//8256
f 3859//8257 3858//8257 3869//8257
f 3884//8258 3906//8258 3870//8258
f 3869//8259 3884//8259 3870//8259
f 3847//8260 3869//8260 3870//8260
f 3860//8261 3870//8261 3871//8261
f 3847//8262 3870//8262 3860//8262
f 3871//8263 3870//8263 3907//8263
f 3862//8264 3871//8264 3907//8264
f 3850//8265 3871//8265 3862//8265
f 3862//8266 3885//8266 3887//8266
f 3850//8267 3887//8267 3872//8267
f 3872//8268 3888//8268 3891//8268
f 3891//8269 3892//8269 3872//8269
f 3892//8270 3863//8270 3872//8270
f 3892//8271 3873//8271 3863//8271
f 3865//8272 3873//8272 3874//8272
f 3893//8273 3873//8273 3892//8273
f 3874//8274 3876//8274 3875//8274
f 3867//8275 3899//8275 3900//8275
f 3867//8276 3900//8276 3856//8276
f 3900//8277 3868//8277 3856//8277
f 3900//8278 3901//8278 3868//8278
f 3878//8279 3902//8279 3903//8279
f 3903//8280 3879//8280 3878//8280
f 3901//8281 3879//8281 3880//8281
f 3901//8282 3880//8282 3868//8282
f 3879//8283 3901//8283 3878//8283
f 3881//8284 3880//8284 3883//8284
f 3884//8285 3883//8285 3906//8285
f 3884//8286 3906//8286 3869//8286
f 3869//8287 3882//8287 3884//8287
f 3908//8288 3885//8288 3919//8288
f 3886//8289 3887//8289 3908//8289
f 3887//8290 3886//8290 3888//8290
f 3888//8291 3872//8291 3887//8291
f 3911//8292 3891//8292 3890//8292
f 3911//8293 3892//8293 3891//8293
f 3873//8294 3893//8294 3874//8294
f 3893//8295 3894//8295 3874//8295
f 3896//8296 3874//8296 3894//8296
f 3912//8297 3896//8297 3924//8297
f 3913//8298 3914//8298 3895//8298
f 3913//8299 3895//8299 3912//8299
f 3897//8300 3896//8300 3895//8300
f 3896//8301 3897//8301 3874//8301
f 3895//8302 3899//8302 3898//8302
f 3895//8303 3898//8303 3897//8303
f 3876//8304 3874//8304 3897//8304
f 3876//8305 3897//8305 3898//8305
f 3877//8306 3876//8306 3898//8306
f 3877//8307 3898//8307 3899//8307
f 3899//8308 3925//8308 3900//8308
f 3900//8309 3878//8309 3901//8309
f 3878//8310 3900//8310 3915//8310
f 3915//8311 3902//8311 3878//8311
f 3903//8312 3902//8312 3928//8312
f 3904//8313 3903//8313 3929//8313
f 3879//8314 3904//8314 3905//8314
f 3905//8315 3880//8315 3879//8315
f 3881//8316 3883//8316 3882//8316
f 3881//8317 3868//8317 3880//8317
f 3883//8318 3880//8318 3905//8318
f 3909//8319 3908//8319 4891//8319
f 3909//8320 4891//8320 3932//8320
f 3910//8321 3890//8321 3888//8321
f 3910//8322 3889//8322 3890//8322
f 3910//8323 3920//8323 3890//8323
f 3911//8324 3921//8324 3892//8324
f 3922//8325 3893//8325 3892//8325
f 3922//8326 3892//8326 3921//8326
f 3922//8327 3894//8327 3893//8327
f 3924//8328 3896//8328 3894//8328
f 3912//8329 3940//8329 3913//8329
f 3914//8330 3913//8330 3941//8330
f 3925//8331 3914//8331 3941//8331
f 3895//8332 3914//8332 3899//8332
f 3914//8333 3925//8333 3899//8333
f 3915//8334 3900//8334 3925//8334
f 3926//8335 3915//8335 3925//8335
f 3902//8336 3915//8336 3926//8336
f 3917//8337 3904//8337 3930//8337
f 3883//8338 3905//8338 3918//8338
f 3918//8339 3906//8339 3883//8339
f 3919//8340 3906//8340 3918//8340
f 4891//8341 3919//8341 4890//8341
f 4891//8342 3908//8342 3919//8342
f 3931//8343 3932//8343 4891//8343
f 3910//8344 3886//8344 3909//8344
f 3910//8345 3888//8345 3886//8345
f 3935//8346 3890//8346 3920//8346
f 3911//8347 3936//8347 3921//8347
f 3921//8348 3949//8348 3922//8348
f 3923//8349 3894//8349 3922//8349
f 3923//8350 3924//8350 3894//8350
f 3951//8351 3912//8351 3924//8351
f 3912//8352 3951//8352 3940//8352
f 3937//8353 3940//8353 3951//8353
f 3913//8354 3940//8354 3953//8354
f 3913//8355 3953//8355 3941//8355
f 3902//8356 3926//8356 3916//8356
f 3944//8357 3942//8357 3943//8357
f 3916//8358 3944//8358 3927//8358
f 3927//8359 3902//8359 3916//8359
f 3928//8360 3902//8360 3927//8360
f 3928//8361 3965//8361 3929//8361
f 3928//8362 3929//8362 3903//8362
f 3930//8363 3904//8363 3929//8363
f 3917//8364 3946//8364 3931//8364
f 3946//8365 3968//8365 3931//8365
f 3932//8366 3931//8366 3969//8366
f 3969//8367 3933//8367 3932//8367
f 3910//8368 3932//8368 3933//8368
f 3933//8369 3920//8369 3910//8369
f 3934//8370 3935//8370 3920//8370
f 3948//8371 3935//8371 3934//8371
f 3935//8372 3936//8372 3911//8372
f 3936//8373 3970//8373 3971//8373
f 3949//8374 3936//8374 3971//8374
f 3949//8375 3921//8375 3936//8375
f 3949//8376 3972//8376 3923//8376
f 3922//8377 3949//8377 3923//8377
f 3923//8378 3972//8378 3924//8378
f 3937//8379 3938//8379 3939//8379
f 3939//8380 3955//8380 3953//8380
f 3926//8381 3925//8381 3941//8381
f 3916//8382 3926//8382 3942//8382
f 3944//8383 3943//8383 3960//8383
f 3945//8384 3944//8384 3960//8384
f 3944//8385 3945//8385 3927//8385
f 3946//8386 3917//8386 3930//8386
f 3931//8387 3968//8387 3969//8387
f 3933//8388 3947//8388 3920//8388
f 3920//8389 3947//8389 3934//8389
f 3985//8390 3934//8390 3947//8390
f 3948//8391 3934//8391 3985//8391
f 3986//8392 3948//8392 3985//8392
f 4011//8393 3986//8393 3985//8393
f 3948//8394 3970//8394 3935//8394
f 3936//8395 3935//8395 3970//8395
f 3988//8396 3950//8396 3987//8396
f 3924//8397 3988//8397 3950//8397
f 3951//8398 3924//8398 3950//8398
f 3951//8399 3950//8399 3988//8399
f 3952//8400 3937//8400 3951//8400
f 3952//8401 3938//8401 3937//8401
f 3952//8402 3973//8402 3938//8402
f 3973//8403 3974//8403 3938//8403
f 3939//8404 3938//8404 3974//8404
f 3955//8405 3941//8405 3953//8405
f 3954//8406 3926//8406 3941//8406
f 3939//8407 3956//8407 3955//8407
f 3957//8408 3955//8408 3956//8408
f 3959//8409 3957//8409 3975//8409
f 3955//8410 3957//8410 3942//8410
f 3943//8411 3942//8411 3957//8411
f 3977//8412 3975//8412 3958//8412
f 3958//8413 3991//8413 4004//8413
f 4004//8414 3977//8414 3958//8414
f 3977//8415 3959//8415 3975//8415
f 3957//8416 3959//8416 3943//8416
f 3993//8417 3945//8417 3960//8417
f 3945//8418 3993//8418 3979//8418
f 3962//8419 3965//8419 3963//8419
f 3964//8420 3927//8420 3945//8420
f 3964//8421 3945//8421 3963//8421
f 3964//8422 3963//8422 3965//8422
f 3964//8423 3965//8423 3928//8423
f 3964//8424 3928//8424 3927//8424
f 3962//8425 3967//8425 3965//8425
f 3966//8426 3965//8426 3967//8426
f 3946//8427 3966//8427 3967//8427
f 3966//8428 3930//8428 3965//8428
f 3946//8429 3930//8429 3966//8429
f 3981//8430 3999//8430 3946//8430
f 3946//8431 3967//8431 3981//8431
f 3968//8432 3946//8432 3999//8432
f 3933//8433 3984//8433 3947//8433
f 3984//8434 3985//8434 3947//8434
f 3971//8435 3987//8435 3972//8435
f 3924//8436 3972//8436 3950//8436
f 3972//8437 3987//8437 3950//8437
f 3988//8438 3952//8438 3951//8438
f 3973//8439 4889//8439 3974//8439
f 3939//8440 3974//8440 3956//8440
f 3975//8441 3957//8441 3956//8441
f 3991//8442 3958//8442 4889//8442
f 3976//8443 4889//8443 3958//8443
f 3976//8444 3958//8444 3975//8444
f 3992//8445 3978//8445 3959//8445
f 3959//8446 3977//8446 3992//8446
f 3978//8447 3943//8447 3959//8447
f 3978//8448 3960//8448 3943//8448
f 3978//8449 3992//8449 3960//8449
f 3960//8450 3992//8450 4006//8450
f 4006//8451 3993//8451 3960//8451
f 3994//8452 3961//8452 3979//8452
f 3980//8453 3997//8453 3961//8453
f 3967//8454 3961//8454 3997//8454
f 3961//8455 3967//8455 3962//8455
f 3967//8456 3997//8456 3981//8456
f 3982//8457 3969//8457 3999//8457
f 3998//8458 3982//8458 3999//8458
f 3982//8459 3998//8459 4009//8459
f 3982//8460 3983//8460 3984//8460
f 3969//8461 3982//8461 3984//8461
f 3933//8462 3969//8462 3984//8462
f 3983//8463 3985//8463 3984//8463
f 4013//8464 3986//8464 4011//8464
f 3970//8465 3948//8465 3986//8465
f 3970//8466 3986//8466 4013//8466
f 4000//8467 3970//8467 4013//8467
f 3970//8468 4000//8468 3971//8468
f 3971//8469 4000//8469 4001//8469
f 3987//8470 3971//8470 4001//8470
f 3990//8471 3973//8471 3952//8471
f 3952//8472 3989//8472 3990//8472
f 3990//8473 3989//8473 4003//8473
f 3973//8474 3990//8474 4016//8474
f 4889//8475 3976//8475 3974//8475
f 3974//8476 3975//8476 3956//8476
f 3974//8477 3976//8477 3975//8477
f 4889//8478 4016//8478 3991//8478
f 4004//8479 4005//8479 3977//8479
f 4005//8480 3992//8480 3977//8480
f 3994//8481 3979//8481 3993//8481
f 4008//8482 3994//8482 4007//8482
f 4008//8483 3961//8483 3994//8483
f 4008//8484 3995//8484 3961//8484
f 3980//8485 3995//8485 4026//8485
f 3980//8486 4026//8486 3996//8486
f 3961//8487 3995//8487 3980//8487
f 3998//8488 3981//8488 3997//8488
f 3998//8489 3999//8489 3981//8489
f 4009//8490 4027//8490 3982//8490
f 4027//8491 3983//8491 3982//8491
f 4002//8492 3987//8492 4001//8492
f 4001//8493 4014//8493 4002//8493
f 3988//8494 4014//8494 4002//8494
f 3989//8495 3988//8495 4003//8495
f 3988//8496 4014//8496 4003//8496
f 4015//8497 3990//8497 4003//8497
f 4016//8498 3990//8498 4015//8498
f 4016//8499 4031//8499 3991//8499
f 4025//8500 3991//8500 4031//8500
f 4007//8501 3994//8501 4006//8501
f 4006//8502 3994//8502 3993//8502
f 4008//8503 4007//8503 4018//8503
f 4009//8504 3996//8504 4010//8504
f 3997//8505 3980//8505 3996//8505
f 4009//8506 3998//8506 3997//8506
f 4009//8507 3997//8507 3996//8507
f 3983//8508 4027//8508 3985//8508
f 3985//8509 4027//8509 4011//8509
f 4011//8510 4888//8510 4012//8510
f 4013//8511 4011//8511 4012//8511
f 4041//8512 4000//8512 4012//8512
f 4041//8513 4001//8513 4000//8513
f 4003//8514 4014//8514 4019//8514
f 4015//8515 4003//8515 4019//8515
f 4021//8516 4016//8516 4015//8516
f 3991//8517 4025//8517 4004//8517
f 4004//8518 4025//8518 4033//8518
f 3992//8519 4017//8519 4006//8519
f 4017//8520 4007//8520 4006//8520
f 4017//8521 4018//8521 4007//8521
f 4064//8522 4018//8522 4034//8522
f 4008//8523 4035//8523 4036//8523
f 3996//8524 4026//8524 4051//8524
f 4027//8525 4009//8525 4010//8525
f 4888//8526 4040//8526 4029//8526
f 4012//8527 4888//8527 4029//8527
f 4000//8528 4013//8528 4012//8528
f 4019//8529 4043//8529 4030//8529
f 4019//8530 4030//8530 4015//8530
f 4024//8531 4025//8531 4020//8531
f 4021//8532 4022//8532 4023//8532
f 4020//8533 4021//8533 4023//8533
f 4024//8534 4020//8534 4023//8534
f 4005//8535 4004//8535 4033//8535
f 3995//8536 4036//8536 4026//8536
f 4051//8537 4010//8537 3996//8537
f 4055//8538 4028//8538 4054//8538
f 4888//8539 4028//8539 4040//8539
f 4038//8540 4028//8540 4888//8540
f 4029//8541 4040//8541 4057//8541
f 4044//8542 4015//8542 4030//8542
f 4021//8543 4031//8543 4016//8543
f 4021//8544 4020//8544 4031//8544
f 4031//8545 4020//8545 4025//8545
f 4021//8546 4015//8546 4044//8546
f 4044//8547 4022//8547 4021//8547
f 4023//8548 4022//8548 4046//8548
f 4032//8549 4023//8549 4046//8549
f 4032//8550 4024//8550 4023//8550
f 4048//8551 4024//8551 4032//8551
f 4060//8552 4048//8552 4032//8552
f 4024//8553 4048//8553 4049//8553
f 4049//8554 4050//8554 4025//8554
f 4050//8555 4033//8555 4025//8555
f 4024//8556 4049//8556 4025//8556
f 4062//8557 4034//8557 4005//8557
f 4034//8558 4017//8558 4005//8558
f 4034//8559 4018//8559 4017//8559
f 4034//8560 4062//8560 4063//8560
f 4064//8561 4034//8561 4063//8561
f 4018//8562 4008//8562 4035//8562
f 4064//8563 4066//8563 4035//8563
f 4067//8564 4036//8564 4035//8564
f 4069//8565 4026//8565 4036//8565
f 4010//8566 4051//8566 4070//8566
f 4037//8567 4010//8567 4070//8567
f 4027//8568 4010//8568 4037//8568
f 4028//8569 4038//8569 4039//8569
f 4054//8570 4028//8570 4039//8570
f 4056//8571 4040//8571 4071//8571
f 4077//8572 4041//8572 4012//8572
f 4041//8573 4077//8573 4042//8573
f 4042//8574 4019//8574 4014//8574
f 4044//8575 4030//8575 4043//8575
f 4022//8576 4044//8576 4045//8576
f 4060//8577 4032//8577 4047//8577
f 4887//8578 4048//8578 4060//8578
f 4887//8579 4061//8579 4048//8579
f 4049//8580 4048//8580 4061//8580
f 4005//8581 4033//8581 4062//8581
f 4064//8582 4008//8582 4018//8582
f 4064//8583 4035//8583 4008//8583
f 4051//8584 4026//8584 4069//8584
f 4070//8585 4090//8585 4053//8585
f 4053//8586 4037//8586 4070//8586
f 4052//8587 4037//8587 4053//8587
f 4038//8588 4011//8588 4027//8588
f 4052//8589 4038//8589 4027//8589
f 4052//8590 4027//8590 4037//8590
f 4054//8591 4053//8591 4091//8591
f 4054//8592 4052//8592 4053//8592
f 4054//8593 4092//8593 4055//8593
f 4055//8594 4092//8594 4071//8594
f 4055//8595 4071//8595 4040//8595
f 4056//8596 4057//8596 4040//8596
f 4076//8597 4057//8597 4073//8597
f 4029//8598 4057//8598 4076//8598
f 4043//8599 4019//8599 4042//8599
f 4058//8600 4045//8600 4044//8600
f 4059//8601 4078//8601 4045//8601
f 4059//8602 4045//8602 4058//8602
f 4046//8603 4045//8603 4078//8603
f 4032//8604 4046//8604 4047//8604
f 4047//8605 4080//8605 4060//8605
f 4081//8606 4887//8606 4060//8606
f 4887//8607 4081//8607 4100//8607
f 4887//8608 4082//8608 4061//8608
f 4050//8609 4084//8609 4033//8609
f 4033//8610 4084//8610 4062//8610
f 4085//8611 4063//8611 4062//8611
f 4062//8612 4084//8612 4085//8612
f 4064//8613 4063//8613 4065//8613
f 4066//8614 4064//8614 4065//8614
f 4106//8615 4067//8615 4066//8615
f 4068//8616 4106//8616 4087//8616
f 4106//8617 4068//8617 4067//8617
f 4067//8618 4069//8618 4036//8618
f 4069//8619 4089//8619 4090//8619
f 4091//8620 4053//8620 4090//8620
f 4092//8621 4091//8621 4109//8621
f 4092//8622 4054//8622 4091//8622
f 4112//8623 4074//8623 4094//8623
f 4072//8624 4094//8624 4074//8624
f 4094//8625 4072//8625 4071//8625
f 4056//8626 4071//8626 4072//8626
f 4073//8627 4056//8627 4072//8627
f 4056//8628 4073//8628 4057//8628
f 4074//8629 4073//8629 4072//8629
f 4075//8630 4059//8630 4074//8630
f 4073//8631 4074//8631 4059//8631
f 4076//8632 4073//8632 4058//8632
f 4042//8633 4077//8633 4043//8633
f 4043//8634 4077//8634 4076//8634
f 4076//8635 4058//8635 4043//8635
f 4076//8636 4077//8636 4029//8636
f 4059//8637 4075//8637 4078//8637
f 4046//8638 4078//8638 4047//8638
f 4080//8639 4047//8639 4078//8639
f 4079//8640 4080//8640 4078//8640
f 4079//8641 4099//8641 4080//8641
f 4099//8642 4081//8642 4080//8642
f 4100//8643 4081//8643 4117//8643
f 4061//8644 4101//8644 4083//8644
f 4083//8645 4084//8645 4050//8645
f 4063//8646 4085//8646 4103//8646
f 4063//8647 4103//8647 4065//8647
f 4103//8648 4086//8648 4065//8648
f 4066//8649 4065//8649 4086//8649
f 4106//8650 4107//8650 4087//8650
f 4068//8651 4087//8651 4088//8651
f 4088//8652 4089//8652 4068//8652
f 4069//8653 4068//8653 4089//8653
f 4067//8654 4068//8654 4069//8654
f 4070//8655 4051//8655 4069//8655
f 4069//8656 4090//8656 4070//8656
f 4089//8657 4088//8657 4090//8657
f 4091//8658 4088//8658 4109//8658
f 4111//8659 4094//8659 4071//8659
f 4071//8660 4093//8660 4111//8660
f 4112//8661 4094//8661 4113//8661
f 4074//8662 4112//8662 4075//8662
f 4078//8663 4075//8663 4079//8663
f 4098//8664 4079//8664 4095//8664
f 4098//8665 4095//8665 4096//8665
f 4097//8666 4127//8666 4115//8666
f 4097//8667 4115//8667 4098//8667
f 4099//8668 4079//8668 4098//8668
f 4099//8669 4115//8669 4116//8669
f 4099//8670 4116//8670 4081//8670
f 4117//8671 4081//8671 4116//8671
f 4128//8672 4118//8672 4082//8672
f 4101//8673 4061//8673 4082//8673
f 4083//8674 4101//8674 4102//8674
f 4104//8675 4086//8675 4103//8675
f 4104//8676 4103//8676 4119//8676
f 4104//8677 4105//8677 4106//8677
f 4104//8678 4106//8678 4086//8678
f 4106//8679 4066//8679 4086//8679
f 4107//8680 4108//8680 4087//8680
f 4090//8681 4088//8681 4091//8681
f 4109//8682 4110//8682 4092//8682
f 4071//8683 4092//8683 4093//8683
f 4111//8684 4093//8684 4121//8684
f 4095//8685 4112//8685 4113//8685
f 4113//8686 4096//8686 4095//8686
f 4075//8687 4112//8687 4095//8687
f 4075//8688 4095//8688 4079//8688
f 4113//8689 4122//8689 4114//8689
f 4096//8690 4113//8690 4114//8690
f 4097//8691 4098//8691 4096//8691
f 4126//8692 4097//8692 4124//8692
f 4141//8693 4097//8693 4126//8693
f 4099//8694 4098//8694 4115//8694
f 4082//8695 4100//8695 4128//8695
f 4117//8696 4128//8696 4100//8696
f 4102//8697 4119//8697 4085//8697
f 4119//8698 4103//8698 4085//8698
f 4105//8699 4104//8699 4131//8699
f 4132//8700 4107//8700 4105//8700
f 4108//8701 4107//8701 4132//8701
f 4120//8702 4087//8702 4108//8702
f 4088//8703 4120//8703 4109//8703
f 4135//8704 4109//8704 4134//8704
f 4135//8705 4121//8705 4134//8705
f 4110//8706 4134//8706 4121//8706
f 4121//8707 4092//8707 4110//8707
f 4093//8708 4110//8708 4121//8708
f 4093//8709 4092//8709 4110//8709
f 4121//8710 4135//8710 4123//8710
f 4121//8711 4123//8711 4111//8711
f 4137//8712 4124//8712 4122//8712
f 4114//8713 4122//8713 4124//8713
f 4124//8714 4096//8714 4114//8714
f 4097//8715 4096//8715 4124//8715
f 4124//8716 4125//8716 4126//8716
f 4140//8717 4126//8717 4125//8717
f 4156//8718 4127//8718 4141//8718
f 4141//8719 4127//8719 4097//8719
f 4127//8720 4156//8720 4115//8720
f 4143//8721 4115//8721 4142//8721
f 4142//8722 4116//8722 4143//8722
f 4145//8723 4128//8723 4144//8723
f 4118//8724 4128//8724 4145//8724
f 4147//8725 4118//8725 4146//8725
f 4130//8726 4101//8726 4129//8726
f 4119//8727 4101//8727 4130//8727
f 4119//8728 4102//8728 4101//8728
f 4104//8729 4119//8729 4130//8729
f 4104//8730 4130//8730 4131//8730
f 4131//8731 4148//8731 4105//8731
f 4132//8732 4148//8732 4161//8732
f 4132//8733 4161//8733 4133//8733
f 4133//8734 4108//8734 4132//8734
f 4108//8735 4133//8735 4149//8735
f 4149//8736 4120//8736 4108//8736
f 4120//8737 4135//8737 4134//8737
f 4134//8738 4109//8738 4120//8738
f 4111//8739 4123//8739 4122//8739
f 4111//8740 4122//8740 4113//8740
f 4136//8741 4122//8741 4123//8741
f 4136//8742 4150//8742 4151//8742
f 4136//8743 4164//8743 4137//8743
f 4136//8744 4137//8744 4122//8744
f 4138//8745 4139//8745 4164//8745
f 4137//8746 4164//8746 4139//8746
f 4137//8747 4139//8747 4125//8747
f 4125//8748 4124//8748 4137//8748
f 4125//8749 4139//8749 4138//8749
f 4140//8750 4138//8750 4167//8750
f 4125//8751 4138//8751 4140//8751
f 4142//8752 4115//8752 4156//8752
f 4156//8753 4157//8753 4142//8753
f 4143//8754 4142//8754 4174//8754
f 4144//8755 4143//8755 4174//8755
f 4145//8756 4144//8756 4159//8756
f 4145//8757 4159//8757 4160//8757
f 4145//8758 4160//8758 4146//8758
f 4118//8759 4145//8759 4146//8759
f 4147//8760 4146//8760 4175//8760
f 4131//8761 4176//8761 4148//8761
f 4149//8762 4162//8762 4135//8762
f 4162//8763 4150//8763 4135//8763
f 4123//8764 4135//8764 4150//8764
f 4123//8765 4150//8765 4136//8765
f 4150//8766 4163//8766 4151//8766
f 4163//8767 4162//8767 4886//8767
f 4151//8768 4164//8768 4136//8768
f 4138//8769 4165//8769 4166//8769
f 4126//8770 4140//8770 4141//8770
f 4155//8771 4156//8771 4168//8771
f 4156//8772 4141//8772 4168//8772
f 4885//8773 4172//8773 4153//8773
f 4172//8774 4173//8774 4157//8774
f 4172//8775 4154//8775 4153//8775
f 4157//8776 4156//8776 4155//8776
f 4157//8777 4173//8777 4193//8777
f 4157//8778 4193//8778 4174//8778
f 4157//8779 4174//8779 4142//8779
f 4158//8780 4159//8780 4144//8780
f 4160//8781 4159//8781 4195//8781
f 4195//8782 4175//8782 4160//8782
f 4160//8783 4175//8783 4146//8783
f 4130//8784 4147//8784 4131//8784
f 4147//8785 4176//8785 4131//8785
f 4178//8786 4161//8786 4177//8786
f 4161//8787 4148//8787 4177//8787
f 4176//8788 4177//8788 4148//8788
f 4149//8789 4133//8789 4162//8789
f 4886//8790 4179//8790 4163//8790
f 4179//8791 4151//8791 4163//8791
f 4151//8792 4179//8792 4165//8792
f 4165//8793 4138//8793 4164//8793
f 4151//8794 4165//8794 4164//8794
f 4138//8795 4166//8795 4152//8795
f 4183//8796 4167//8796 4152//8796
f 4167//8797 4138//8797 4152//8797
f 4140//8798 4183//8798 4200//8798
f 4141//8799 4169//8799 4168//8799
f 4155//8800 4168//8800 4154//8800
f 4168//8801 4169//8801 4154//8801
f 4169//8802 4185//8802 4154//8802
f 4153//8803 4154//8803 4185//8803
f 4170//8804 4885//8804 4153//8804
f 4171//8805 4170//8805 4187//8805
f 4204//8806 4171//8806 4188//8806
f 4157//8807 4155//8807 4172//8807
f 4193//8808 4144//8808 4174//8808
f 4158//8809 4144//8809 4193//8809
f 4194//8810 4195//8810 4159//8810
f 4195//8811 4196//8811 4175//8811
f 4176//8812 4196//8812 4177//8812
f 4197//8813 4177//8813 4196//8813
f 4177//8814 4197//8814 4208//8814
f 4177//8815 4208//8815 4178//8815
f 4178//8816 4208//8816 4198//8816
f 4178//8817 4198//8817 4179//8817
f 4179//8818 4180//8818 4165//8818
f 4198//8819 4180//8819 4179//8819
f 4181//8820 4166//8820 4180//8820
f 4165//8821 4180//8821 4166//8821
f 4182//8822 4181//8822 4225//8822
f 4225//8823 4226//8823 4182//8823
f 4182//8824 4166//8824 4181//8824
f 4152//8825 4166//8825 4182//8825
f 4152//8826 4199//8826 4183//8826
f 4183//8827 4184//8827 4200//8827
f 4169//8828 4141//8828 4200//8828
f 4185//8829 4169//8829 4200//8829
f 4185//8830 4200//8830 4184//8830
f 4186//8831 4153//8831 4185//8831
f 4186//8832 4187//8832 4170//8832
f 4214//8833 4171//8833 4187//8833
f 4171//8834 4214//8834 4188//8834
f 4189//8835 4203//8835 4190//8835
f 4190//8836 4188//8836 4189//8836
f 4191//8837 4192//8837 4173//8837
f 4173//8838 4172//8838 4191//8838
f 4192//8839 4204//8839 4205//8839
f 4206//8840 4173//8840 4192//8840
f 4206//8841 4192//8841 4205//8841
f 4193//8842 4206//8842 4205//8842
f 4173//8843 4206//8843 4193//8843
f 4158//8844 4193//8844 4159//8844
f 4194//8845 4193//8845 4206//8845
f 4194//8846 4207//8846 4195//8846
f 4197//8847 4195//8847 4207//8847
f 4175//8848 4196//8848 4176//8848
f 4196//8849 4195//8849 4197//8849
f 4198//8850 4208//8850 4223//8850
f 4180//8851 4198//8851 4223//8851
f 4224//8852 4181//8852 4180//8852
f 4224//8853 4225//8853 4181//8853
f 4182//8854 4227//8854 4199//8854
f 4201//8855 4185//8855 4184//8855
f 4210//8856 4201//8856 4209//8856
f 4201//8857 4210//8857 4185//8857
f 4186//8858 4185//8858 4210//8858
f 4187//8859 4186//8859 4211//8859
f 4187//8860 4211//8860 4213//8860
f 4214//8861 4187//8861 4233//8861
f 4189//8862 4188//8862 4234//8862
f 4203//8863 4189//8863 4202//8863
f 4215//8864 4190//8864 4203//8864
f 4204//8865 4188//8865 4190//8865
f 4204//8866 4190//8866 4217//8866
f 4204//8867 4192//8867 4191//8867
f 4204//8868 4191//8868 4171//8868
f 4205//8869 4204//8869 4217//8869
f 4205//8870 4218//8870 4194//8870
f 4206//8871 4205//8871 4194//8871
f 4207//8872 4218//8872 4219//8872
f 4207//8873 4219//8873 4197//8873
f 4197//8874 4219//8874 4222//8874
f 4223//8875 4208//8875 4222//8875
f 4223//8876 4224//8876 4180//8876
f 4227//8877 4226//8877 4258//8877
f 4227//8878 4182//8878 4226//8878
f 4199//8879 4228//8879 4183//8879
f 4201//8880 4184//8880 4228//8880
f 4201//8881 4228//8881 4209//8881
f 4240//8882 4241//8882 4209//8882
f 4241//8883 4229//8883 4209//8883
f 4229//8884 4210//8884 4209//8884
f 4186//8885 4210//8885 4211//8885
f 4212//8886 4232//8886 4247//8886
f 4213//8887 4212//8887 4247//8887
f 4233//8888 4187//8888 4213//8888
f 4188//8889 4214//8889 4234//8889
f 4249//8890 4202//8890 4189//8890
f 4216//8891 4215//8891 4238//8891
f 4216//8892 4238//8892 4220//8892
f 4216//8893 4217//8893 4215//8893
f 4217//8894 4216//8894 4218//8894
f 4217//8895 4218//8895 4205//8895
f 4217//8896 4190//8896 4215//8896
f 4216//8897 4220//8897 4218//8897
f 4219//8898 4218//8898 4220//8898
f 4220//8899 4221//8899 4219//8899
f 4220//8900 4238//8900 4239//8900
f 4220//8901 4239//8901 4221//8901
f 4221//8902 4254//8902 4222//8902
f 4197//8903 4222//8903 4208//8903
f 4223//8904 4222//8904 4254//8904
f 4240//8905 4199//8905 4227//8905
f 4240//8906 4228//8906 4199//8906
f 4183//8907 4228//8907 4184//8907
f 4228//8908 4240//8908 4209//8908
f 4240//8909 4259//8909 4241//8909
f 4211//8910 4210//8910 4229//8910
f 4212//8911 4211//8911 4230//8911
f 4212//8912 4230//8912 4262//8912
f 4213//8913 4211//8913 4212//8913
f 4262//8914 4232//8914 4212//8914
f 4245//8915 4246//8915 4231//8915
f 4246//8916 4232//8916 4231//8916
f 4247//8917 4232//8917 4246//8917
f 4233//8918 4247//8918 4267//8918
f 4267//8919 4268//8919 4233//8919
f 4247//8920 4233//8920 4213//8920
f 4268//8921 4234//8921 4233//8921
f 4233//8922 4234//8922 4214//8922
f 4234//8923 4248//8923 4189//8923
f 4235//8924 4248//8924 4249//8924
f 4237//8925 4202//8925 4250//8925
f 4250//8926 4236//8926 4237//8926
f 4202//8927 4237//8927 4203//8927
f 4215//8928 4203//8928 4237//8928
f 4215//8929 4237//8929 4238//8929
f 4254//8930 4272//8930 4224//8930
f 4224//8931 4272//8931 4255//8931
f 4224//8932 4255//8932 4225//8932
f 4226//8933 4256//8933 4258//8933
f 4227//8934 4258//8934 4259//8934
f 4227//8935 4259//8935 4240//8935
f 4241//8936 4242//8936 4230//8936
f 4241//8937 4230//8937 4229//8937
f 4244//8938 4230//8938 4242//8938
f 4243//8939 4260//8939 4261//8939
f 4261//8940 4244//8940 4243//8940
f 4289//8941 4244//8941 4261//8941
f 4231//8942 4232//8942 4262//8942
f 4245//8943 4265//8943 4246//8943
f 4265//8944 4245//8944 4280//8944
f 4246//8945 4266//8945 4247//8945
f 4248//8946 4283//8946 4249//8946
f 4249//8947 4250//8947 4202//8947
f 4236//8948 4269//8948 4251//8948
f 4239//8949 4237//8949 4236//8949
f 4239//8950 4238//8950 4237//8950
f 4252//8951 4253//8951 4239//8951
f 4239//8952 4253//8952 4221//8952
f 4254//8953 4221//8953 4253//8953
f 4256//8954 4257//8954 4258//8954
f 4259//8955 4258//8955 4257//8955
f 4259//8956 4257//8956 4260//8956
f 4243//8957 4259//8957 4260//8957
f 4289//8958 4261//8958 4288//8958
f 4262//8959 4244//8959 4290//8959
f 4231//8960 4262//8960 4290//8960
f 4279//8961 4263//8961 4275//8961
f 4278//8962 4279//8962 4275//8962
f 4279//8963 4278//8963 4281//8963
f 4279//8964 4280//8964 4263//8964
f 4265//8965 4264//8965 4300//8965
f 4300//8966 4264//8966 4299//8966
f 4265//8967 4300//8967 4282//8967
f 4266//8968 4282//8968 4304//8968
f 4268//8969 4266//8969 4304//8969
f 4268//8970 4267//8970 4266//8970
f 4248//8971 4234//8971 4268//8971
f 4248//8972 4268//8972 4304//8972
f 4250//8973 4249//8973 4284//8973
f 4285//8974 4269//8974 4250//8974
f 4250//8975 4269//8975 4236//8975
f 4271//8976 4252//8976 4251//8976
f 4253//8977 4252//8977 4271//8977
f 4254//8978 4253//8978 4272//8978
f 4272//8979 4271//8979 4287//8979
f 4272//8980 4287//8980 4255//8980
f 4273//8981 4260//8981 4257//8981
f 4261//8982 4260//8982 4288//8982
f 4231//8983 4290//8983 4263//8983
f 4274//8984 4275//8984 4291//8984
f 4292//8985 4274//8985 4291//8985
f 4274//8986 4276//8986 4292//8986
f 4275//8987 4274//8987 4276//8987
f 4276//8988 4278//8988 4275//8988
f 4277//8989 4294//8989 4276//8989
f 4297//8990 4294//8990 4296//8990
f 4297//8991 4296//8991 4313//8991
f 4294//8992 4297//8992 4277//8992
f 4278//8993 4277//8993 4297//8993
f 4278//8994 4298//8994 4281//8994
f 4281//8995 4280//8995 4279//8995
f 4265//8996 4280//8996 4264//8996
f 4281//8997 4264//8997 4280//8997
f 4264//8998 4281//8998 4317//8998
f 4264//8999 4318//8999 4299//8999
f 4282//9000 4300//9000 4320//9000
f 4283//9001 4248//9001 4305//9001
f 4284//9002 4249//9002 4283//9002
f 4284//9003 4283//9003 4303//9003
f 4284//9004 4302//9004 4250//9004
f 4250//9005 4302//9005 4285//9005
f 4285//9006 4306//9006 4269//9006
f 4308//9007 4286//9007 4270//9007
f 4308//9008 4270//9008 4307//9008
f 4271//9009 4270//9009 4287//9009
f 4271//9010 4251//9010 4270//9010
f 4287//9011 4270//9011 4286//9011
f 4287//9012 4286//9012 4273//9012
f 4287//9013 4257//9013 4256//9013
f 4257//9014 4287//9014 4273//9014
f 4273//9015 4325//9015 4310//9015
f 4260//9016 4310//9016 4288//9016
f 4310//9017 4260//9017 4273//9017
f 4289//9018 4288//9018 4291//9018
f 4291//9019 4290//9019 4289//9019
f 4290//9020 4275//9020 4263//9020
f 4291//9021 4275//9021 4290//9021
f 4311//9022 4276//9022 4274//9022
f 4274//9023 4292//9023 4311//9023
f 4276//9024 4311//9024 4293//9024
f 4276//9025 4293//9025 4277//9025
f 4294//9026 4277//9026 4293//9026
f 4294//9027 4293//9027 4311//9027
f 4312//9028 4294//9028 4311//9028
f 4312//9029 4311//9029 4327//9029
f 4295//9030 4339//9030 4296//9030
f 4316//9031 4298//9031 4297//9031
f 4313//9032 4316//9032 4297//9032
f 4298//9033 4317//9033 4281//9033
f 4317//9034 4330//9034 4264//9034
f 4264//9035 4330//9035 4318//9035
f 4301//9036 4303//9036 4321//9036
f 4285//9037 4302//9037 4322//9037
f 4284//9038 4301//9038 4302//9038
f 4301//9039 4284//9039 4303//9039
f 4248//9040 4304//9040 4305//9040
f 4303//9041 4283//9041 4305//9041
f 4251//9042 4269//9042 4307//9042
f 4306//9043 4307//9043 4269//9043
f 4308//9044 4309//9044 4286//9044
f 4335//9045 4336//9045 4309//9045
f 4325//9046 4324//9046 4310//9046
f 4324//9047 4288//9047 4310//9047
f 4326//9048 4288//9048 4324//9048
f 4292//9049 4291//9049 4288//9049
f 4292//9050 4288//9050 4326//9050
f 4296//9051 4341//9051 4314//9051
f 4313//9052 4314//9052 4315//9052
f 4344//9053 4315//9053 4314//9053
f 4313//9054 4329//9054 4316//9054
f 4329//9055 4317//9055 4316//9055
f 4316//9056 4317//9056 4298//9056
f 4330//9057 4317//9057 4329//9057
f 4299//9058 4318//9058 4350//9058
f 4299//9059 4350//9059 4319//9059
f 4299//9060 4319//9060 4300//9060
f 4320//9061 4331//9061 4305//9061
f 4331//9062 4321//9062 4305//9062
f 4305//9063 4321//9063 4303//9063
f 4322//9064 4302//9064 4301//9064
f 4323//9065 4322//9065 4334//9065
f 4323//9066 4306//9066 4285//9066
f 4285//9067 4322//9067 4323//9067
f 4335//9068 4308//9068 4306//9068
f 4307//9069 4306//9069 4308//9069
f 4309//9070 4308//9070 4335//9070
f 4336//9071 4326//9071 4309//9071
f 4326//9072 4324//9072 4309//9072
f 4325//9073 4309//9073 4324//9073
f 4309//9074 4325//9074 4286//9074
f 4273//9075 4286//9075 4325//9075
f 4358//9076 4326//9076 4292//9076
f 4292//9077 4358//9077 4311//9077
f 4295//9078 4294//9078 4312//9078
f 4338//9079 4295//9079 4312//9079
f 4328//9080 4315//9080 4345//9080
f 4349//9081 4328//9081 4346//9081
f 4349//9082 4347//9082 4366//9082
f 4366//9083 4348//9083 4349//9083
f 4328//9084 4349//9084 4329//9084
f 4329//9085 4313//9085 4315//9085
f 4392//9086 4350//9086 4318//9086
f 4350//9087 4351//9087 4319//9087
f 4331//9088 4300//9088 4319//9088
f 4320//9089 4300//9089 4331//9089
f 4331//9090 4353//9090 4321//9090
f 4354//9091 4333//9091 4353//9091
f 4376//9092 4333//9092 4354//9092
f 4334//9093 4333//9093 4355//9093
f 4334//9094 4332//9094 4333//9094
f 4334//9095 4322//9095 4332//9095
f 4334//9096 4356//9096 4323//9096
f 4306//9097 4323//9097 4335//9097
f 4358//9098 4336//9098 4357//9098
f 4358//9099 4357//9099 4380//9099
f 4336//9100 4358//9100 4326//9100
f 4358//9101 4327//9101 4311//9101
f 4327//9102 4337//9102 4312//9102
f 4327//9103 4379//9103 4337//9103
f 4362//9104 4360//9104 4383//9104
f 4338//9105 4337//9105 4362//9105
f 4338//9106 4312//9106 4337//9106
f 4339//9107 4338//9107 4362//9107
f 4338//9108 4339//9108 4295//9108
f 4339//9109 4342//9109 4341//9109
f 4342//9110 4343//9110 4341//9110
f 4343//9111 4386//9111 4363//9111
f 4341//9112 4344//9112 4314//9112
f 4344//9113 4363//9113 4345//9113
f 4345//9114 4363//9114 4328//9114
f 4344//9115 4345//9115 4315//9115
f 4345//9116 4346//9116 4328//9116
f 4365//9117 4346//9117 4345//9117
f 4345//9118 4363//9118 4365//9118
f 4363//9119 4364//9119 4365//9119
f 4349//9120 4346//9120 4347//9120
f 4391//9121 4369//9121 4368//9121
f 4348//9122 4370//9122 4371//9122
f 4348//9123 4371//9123 4349//9123
f 4349//9124 4371//9124 4329//9124
f 4371//9125 4330//9125 4329//9125
f 4371//9126 4318//9126 4330//9126
f 4371//9127 4392//9127 4318//9127
f 4350//9128 4372//9128 4351//9128
f 4373//9129 4351//9129 4372//9129
f 4373//9130 4393//9130 4351//9130
f 4393//9131 4352//9131 4351//9131
f 4331//9132 4351//9132 4353//9132
f 4331//9133 4319//9133 4351//9133
f 4321//9134 4353//9134 4301//9134
f 4351//9135 4352//9135 4353//9135
f 4333//9136 4376//9136 4355//9136
f 4334//9137 4355//9137 4356//9137
f 4380//9138 4356//9138 4381//9138
f 4380//9139 4357//9139 4356//9139
f 4357//9140 4323//9140 4356//9140
f 4323//9141 4357//9141 4335//9141
f 4335//9142 4357//9142 4336//9142
f 4327//9143 4380//9143 4379//9143
f 4359//9144 4360//9144 4382//9144
f 4359//9145 4395//9145 4383//9145
f 4383//9146 4360//9146 4359//9146
f 4339//9147 4362//9147 4361//9147
f 4339//9148 4361//9148 4340//9148
f 4340//9149 4397//9149 4385//9149
f 4385//9150 4342//9150 4340//9150
f 4344//9151 4343//9151 4363//9151
f 4344//9152 4341//9152 4343//9152
f 4364//9153 4388//9153 4365//9153
f 4365//9154 4388//9154 4347//9154
f 4388//9155 4390//9155 4347//9155
f 4347//9156 4390//9156 4366//9156
f 4348//9157 4366//9157 4367//9157
f 4348//9158 4367//9158 4368//9158
f 4368//9159 4369//9159 4348//9159
f 4348//9160 4369//9160 4370//9160
f 4350//9161 4392//9161 4372//9161
f 4372//9162 4392//9162 4369//9162
f 4374//9163 4352//9163 4393//9163
f 4374//9164 4393//9164 4375//9164
f 4352//9165 4374//9165 4354//9165
f 4354//9166 4374//9166 4376//9166
f 4355//9167 4376//9167 4377//9167
f 4379//9168 4381//9168 4382//9168
f 4378//9169 4382//9169 4381//9169
f 4355//9170 4377//9170 4378//9170
f 4381//9171 4356//9171 4355//9171
f 4380//9172 4381//9172 4379//9172
f 4337//9173 4379//9173 4382//9173
f 4337//9174 4382//9174 4360//9174
f 4378//9175 4381//9175 4355//9175
f 4378//9176 4359//9176 4382//9176
f 4394//9177 4395//9177 4359//9177
f 4395//9178 4384//9178 4383//9178
f 4384//9179 4362//9179 4383//9179
f 4362//9180 4384//9180 4361//9180
f 4396//9181 4384//9181 4409//9181
f 4396//9182 4361//9182 4384//9182
f 4361//9183 4396//9183 4340//9183
f 4397//9184 4340//9184 4396//9184
f 4399//9185 4385//9185 4398//9185
f 4385//9186 4343//9186 4342//9186
f 4386//9187 4364//9187 4363//9187
f 4387//9188 4364//9188 4386//9188
f 4389//9189 4401//9189 4390//9189
f 4390//9190 4388//9190 4389//9190
f 4403//9191 4366//9191 4390//9191
f 4366//9192 4403//9192 4367//9192
f 4405//9193 4368//9193 4367//9193
f 4368//9194 4405//9194 4391//9194
f 4369//9195 4371//9195 4370//9195
f 4369//9196 4392//9196 4371//9196
f 4375//9197 4393//9197 4416//9197
f 4375//9198 4416//9198 4417//9198
f 4417//9199 4394//9199 4375//9199
f 4377//9200 4375//9200 4394//9200
f 4376//9201 4375//9201 4377//9201
f 4377//9202 4394//9202 4359//9202
f 4377//9203 4359//9203 4378//9203
f 4394//9204 4406//9204 4395//9204
f 4395//9205 4406//9205 4409//9205
f 4395//9206 4409//9206 4384//9206
f 4396//9207 4409//9207 4397//9207
f 4397//9208 4409//9208 4429//9208
f 4398//9209 4397//9209 4419//9209
f 4398//9210 4419//9210 4410//9210
f 4398//9211 4410//9211 4399//9211
f 4385//9212 4399//9212 4411//9212
f 4385//9213 4411//9213 4343//9213
f 4386//9214 4343//9214 4411//9214
f 4387//9215 4386//9215 4411//9215
f 4400//9216 4388//9216 4364//9216
f 4400//9217 4364//9217 4387//9217
f 4413//9218 4389//9218 4400//9218
f 4402//9219 4414//9219 4425//9219
f 4401//9220 4402//9220 4425//9220
f 4403//9221 4390//9221 4401//9221
f 4425//9222 4403//9222 4401//9222
f 4367//9223 4403//9223 4425//9223
f 4404//9224 4367//9224 4425//9224
f 4404//9225 4405//9225 4367//9225
f 4391//9226 4415//9226 4373//9226
f 4393//9227 4373//9227 4415//9227
f 4416//9228 4393//9228 4415//9228
f 4426//9229 4418//9229 4407//9229
f 4406//9230 4407//9230 4418//9230
f 4406//9231 4418//9231 4408//9231
f 4409//9232 4406//9232 4408//9232
f 4399//9233 4410//9233 4419//9233
f 4422//9234 4399//9234 4410//9234
f 4410//9234 4420//9234 4422//9234
f 4422//9235 4411//9235 4399//9235
f 4412//9236 4387//9236 4411//9236
f 4400//9237 4412//9237 4432//9237
f 4413//9238 4400//9238 4432//9238
f 4389//9239 4413//9239 4434//9239
f 4401//9240 4389//9240 4434//9240
f 4423//9241 4424//9241 4402//9241
f 4402//9242 4424//9242 4414//9242
f 4414//9243 4424//9243 4436//9243
f 4404//9244 4425//9244 4438//9244
f 4404//9245 4438//9245 4439//9245
f 4404//9246 4439//9246 4405//9246
f 4391//9247 4405//9247 4415//9247
f 4417//9248 4416//9248 4415//9248
f 4441//9249 4418//9249 4426//9249
f 4428//9250 4408//9250 4418//9250
f 4409//9251 4408//9251 4428//9251
f 4428//9252 4429//9252 4409//9252
f 4397//9253 4882//9253 4419//9253
f 4429//9254 4882//9254 4397//9254
f 4430//9255 4419//9255 4882//9255
f 4419//9256 4430//9256 4410//9256
f 4422//9257 4420//9257 4421//9257
f 4411//9258 4422//9258 4412//9258
f 4413//9259 4432//9259 4433//9259
f 4434//9260 4413//9260 4433//9260
f 4434//9261 4433//9261 4446//9261
f 4402//9262 4401//9262 4434//9262
f 4434//9263 4423//9263 4402//9263
f 4405//9264 4439//9264 4415//9264
f 4415//9265 4440//9265 4417//9265
f 4426//9266 4440//9266 4450//9266
f 4426//9267 4450//9267 4441//9267
f 4407//9268 4440//9268 4426//9268
f 4443//9269 4418//9269 4441//9269
f 4427//9270 4418//9270 4443//9270
f 4410//9271 4430//9271 4420//9271
f 4421//9272 4420//9272 4456//9272
f 4421//9273 4456//9273 4458//9273
f 4421//9274 4459//9274 4431//9274
f 4422//9275 4421//9275 4431//9275
f 4412//9276 4431//9276 4432//9276
f 4446//9277 4423//9277 4434//9277
f 4435//9278 4436//9278 4424//9278
f 4414//9279 4436//9279 4437//9279
f 4414//9280 4437//9280 4438//9280
f 4438//9281 4425//9281 4414//9281
f 4439//9282 4438//9282 4450//9282
f 4415//9283 4439//9283 4440//9283
f 4440//9284 4439//9284 4450//9284
f 4441//9285 4450//9285 4451//9285
f 4442//9286 4441//9286 4451//9286
f 4452//9287 4464//9287 4442//9287
f 4441//9288 4442//9288 4443//9288
f 4882//9289 4881//9289 4466//9289
f 4466//9290 4430//9290 4882//9290
f 4430//9291 4454//9291 4455//9291
f 4444//9292 4430//9292 4455//9292
f 4444//9293 4455//9293 4456//9293
f 4420//9294 4430//9294 4444//9294
f 4444//9295 4456//9295 4420//9295
f 4445//9296 4432//9296 4459//9296
f 4460//9297 4433//9297 4432//9297
f 4460//9298 4432//9298 4445//9298
f 4424//9299 4447//9299 4435//9299
f 4447//9300 4471//9300 4435//9300
f 4435//9301 4448//9301 4436//9301
f 4448//9302 4452//9302 4436//9302
f 4437//9303 4436//9303 4452//9303
f 4438//9304 4437//9304 4450//9304
f 4437//9305 4451//9305 4450//9305
f 4452//9306 4442//9306 4451//9306
f 4453//9307 4442//9307 4464//9307
f 4442//9308 4453//9308 4443//9308
f 4465//9309 4443//9309 4453//9309
f 4466//9310 4454//9310 4430//9310
f 4467//9311 4454//9311 4466//9311
f 4467//9312 4466//9312 4465//9312
f 4467//9313 4455//9313 4454//9313
f 4456//9314 4476//9314 4477//9314
f 4457//9315 4458//9315 4456//9315
f 4459//9316 4421//9316 4458//9316
f 4459//9317 4458//9317 4469//9317
f 4460//9318 4445//9318 4480//9318
f 4460//9319 4470//9319 4433//9319
f 4446//9320 4433//9320 4470//9320
f 4446//9321 4470//9321 4461//9321
f 4446//9322 4461//9322 4423//9322
f 4461//9323 4447//9323 4423//9323
f 4471//9324 4462//9324 4435//9324
f 4448//9325 4435//9325 4462//9325
f 4463//9326 4448//9326 4462//9326
f 4473//9327 4449//9327 4463//9327
f 4448//9328 4463//9328 4449//9328
f 4464//9329 4449//9329 4474//9329
f 4449//9330 4464//9330 4452//9330
f 4475//9331 4453//9331 4474//9331
f 4475//9332 4465//9332 4453//9332
f 4466//9333 4881//9333 4465//9333
f 4443//9334 4465//9334 4881//9334
f 4467//9335 4491//9335 4455//9335
f 4491//9336 4468//9336 4455//9336
f 4456//9337 4468//9337 4476//9337
f 4456//9338 4477//9338 4457//9338
f 4479//9339 4469//9339 4478//9339
f 4478//9340 4469//9340 4458//9340
f 4457//9341 4478//9341 4458//9341
f 4459//9342 4469//9342 4445//9342
f 4480//9343 4445//9343 4469//9343
f 4471//9344 4447//9344 4461//9344
f 4471//9345 4483//9345 4472//9345
f 4471//9346 4472//9346 4462//9346
f 4484//9347 4473//9347 4463//9347
f 4473//9348 4474//9348 4449//9348
f 4474//9349 4486//9349 4475//9349
f 4486//9350 4487//9350 4475//9350
f 4490//9351 4467//9351 4465//9351
f 4455//9352 4468//9352 4456//9352
f 4492//9353 4509//9353 4476//9353
f 4476//9354 4509//9354 4477//9354
f 4497//9355 4477//9355 4509//9355
f 4497//9356 4493//9356 4496//9356
f 4478//9357 4457//9357 4477//9357
f 4479//9358 4478//9358 4498//9358
f 4499//9359 4480//9359 4479//9359
f 4469//9360 4479//9360 4480//9360
f 4480//9361 4503//9361 4460//9361
f 4470//9362 4481//9362 4461//9362
f 4461//9363 4481//9363 4482//9363
f 4482//9364 4471//9364 4461//9364
f 4482//9365 4483//9365 4471//9365
f 4483//9366 4505//9366 4472//9366
f 4462//9367 4472//9367 4484//9367
f 4484//9368 4485//9368 4473//9368
f 4473//9369 4485//9369 4486//9369
f 4473//9370 4486//9370 4474//9370
f 4488//9371 4487//9371 4519//9371
f 4489//9372 4487//9372 4488//9372
f 4489//9373 4491//9373 4467//9373
f 4467//9374 4490//9374 4489//9374
f 4490//9375 4487//9375 4489//9375
f 4475//9376 4490//9376 4465//9376
f 4475//9377 4487//9377 4490//9377
f 4491//9378 4492//9378 4476//9378
f 4491//9379 4476//9379 4468//9379
f 4492//9380 4524//9380 4509//9380
f 4497//9381 4509//9381 4493//9381
f 4493//9382 4494//9382 4495//9382
f 4493//9383 4495//9383 4496//9383
f 4497//9384 4496//9384 4498//9384
f 4497//9385 4498//9385 4478//9385
f 4478//9386 4477//9386 4497//9386
f 4515//9387 4499//9387 4498//9387
f 4499//9388 4501//9388 4502//9388
f 4500//9389 4529//9389 4530//9389
f 4499//9390 4502//9390 4503//9390
f 4503//9391 4480//9391 4499//9391
f 4460//9392 4503//9392 4470//9392
f 4517//9393 4470//9393 4503//9393
f 4517//9394 4481//9394 4470//9394
f 4516//9395 4483//9395 4482//9395
f 4483//9396 4504//9396 4531//9396
f 4531//9397 4505//9397 4483//9397
f 4518//9398 4505//9398 4531//9398
f 4506//9399 4472//9399 4505//9399
f 4506//9400 4484//9400 4472//9400
f 4485//9401 4484//9401 4506//9401
f 4486//9402 4485//9402 4534//9402
f 4534//9403 4519//9403 4486//9403
f 4486//9404 4519//9404 4487//9404
f 4519//9405 4520//9405 4488//9405
f 4520//9406 4521//9406 4507//9406
f 4520//9407 4507//9407 4488//9407
f 4488//9408 4507//9408 4508//9408
f 4508//9409 4491//9409 4489//9409
f 4491//9410 4508//9410 4492//9410
f 4508//9411 4524//9411 4492//9411
f 4509//9412 4524//9412 4493//9412
f 4525//9413 4510//9413 4494//9413
f 4510//9414 4542//9414 4511//9414
f 4494//9415 4510//9415 4511//9415
f 4494//9416 4511//9416 4513//9416
f 4495//9417 4494//9417 4513//9417
f 4514//9418 4527//9418 4500//9418
f 4500//9419 4515//9419 4514//9419
f 4495//9420 4514//9420 4496//9420
f 4496//9421 4514//9421 4515//9421
f 4515//9422 4498//9422 4496//9422
f 4501//9423 4499//9423 4500//9423
f 4530//9424 4529//9424 4549//9424
f 4503//9425 4530//9425 4517//9425
f 4503//9426 4502//9426 4530//9426
f 4516//9427 4481//9427 4517//9427
f 4516//9428 4504//9428 4483//9428
f 4481//9429 4516//9429 4482//9429
f 4531//9430 4532//9430 4518//9430
f 4506//9431 4518//9431 4552//9431
f 4552//9432 4533//9432 4506//9432
f 4535//9433 4537//9433 4520//9433
f 4538//9434 4521//9434 4537//9434
f 4538//9435 4555//9435 4521//9435
f 4522//9436 4521//9436 4555//9436
f 4522//9437 4507//9437 4521//9437
f 4523//9438 4524//9438 4508//9438
f 4507//9439 4523//9439 4508//9439
f 4523//9440 4539//9440 4524//9440
f 4493//9441 4524//9441 4525//9441
f 4540//9442 4525//9442 4524//9442
f 4525//9443 4494//9443 4493//9443
f 4525//9444 4540//9444 4510//9444
f 4510//9445 4540//9445 4556//9445
f 4510//9446 4526//9446 4541//9446
f 4510//9447 4541//9447 4542//9447
f 4513//9448 4511//9448 4542//9448
f 4512//9449 4542//9449 4543//9449
f 4542//9450 4512//9450 4513//9450
f 4512//9451 4545//9451 4546//9451
f 4512//9452 4546//9452 4527//9452
f 4527//9453 4513//9453 4512//9453
f 4513//9454 4527//9454 4495//9454
f 4527//9455 4528//9455 4500//9455
f 4548//9456 4529//9456 4528//9456
f 4550//9457 4549//9457 4529//9457
f 4549//9458 4516//9458 4530//9458
f 4516//9459 4549//9459 4504//9459
f 4504//9460 4551//9460 4531//9460
f 4534//9461 4506//9461 4533//9461
f 4506//9462 4534//9462 4485//9462
f 4519//9463 4534//9463 4520//9463
f 4534//9464 4535//9464 4520//9464
f 4534//9465 4536//9465 4535//9465
f 4533//9466 4552//9466 4536//9466
f 4537//9467 4535//9467 4536//9467
f 4553//9468 4537//9468 4536//9468
f 4566//9469 4538//9469 4554//9469
f 4537//9470 4554//9470 4538//9470
f 4539//9471 4507//9471 4522//9471
f 4539//9472 4523//9472 4507//9472
f 4556//9473 4526//9473 4510//9473
f 4880//9474 4542//9474 4541//9474
f 4880//9475 4543//9475 4542//9475
f 4543//9476 4880//9476 4512//9476
f 4543//9477 4880//9477 4544//9477
f 4545//9478 4512//9478 4544//9478
f 4544//9479 4512//9479 4543//9479
f 4544//9480 4572//9480 4545//9480
f 4560//9481 4547//9481 4545//9481
f 4546//9482 4528//9482 4527//9482
f 4548//9483 4528//9483 4547//9483
f 4504//9484 4549//9484 4551//9484
f 4551//9485 4549//9485 4550//9485
f 4561//9486 4551//9486 4550//9486
f 4532//9487 4531//9487 4551//9487
f 4532//9488 4564//9488 4518//9488
f 4552//9489 4518//9489 4564//9489
f 4553//9490 4536//9490 4578//9490
f 4552//9491 4578//9491 4536//9491
f 4565//9492 4553//9492 4578//9492
f 4554//9493 4553//9493 4565//9493
f 4538//9494 4566//9494 4555//9494
f 4539//9495 4555//9495 4587//9495
f 4539//9496 4587//9496 4568//9496
f 4540//9497 4568//9497 4569//9497
f 4539//9498 4568//9498 4540//9498
f 4556//9499 4540//9499 4569//9499
f 4569//9500 4526//9500 4556//9500
f 4557//9501 4526//9501 4556//9501
f 4571//9502 4557//9502 4570//9502
f 4569//9503 4557//9503 4556//9503
f 4544//9504 4558//9504 4559//9504
f 4595//9505 4607//9505 4572//9505
f 4595//9506 4572//9506 4544//9506
f 4559//9507 4595//9507 4544//9507
f 4572//9508 4596//9508 4573//9508
f 4545//9509 4572//9509 4573//9509
f 4545//9510 4573//9510 4560//9510
f 4574//9511 4560//9511 4573//9511
f 4560//9512 4548//9512 4547//9512
f 4545//9513 4547//9513 4546//9513
f 4528//9514 4546//9514 4547//9514
f 4561//9515 4550//9515 4548//9515
f 4575//9516 4562//9516 4561//9516
f 4551//9517 4561//9517 4562//9517
f 4532//9518 4551//9518 4562//9518
f 4562//9519 4564//9519 4532//9519
f 4563//9520 4564//9520 4562//9520
f 4554//9521 4565//9521 4600//9521
f 4566//9522 4586//9522 4567//9522
f 4566//9523 4567//9523 4555//9523
f 4568//9524 4587//9524 4569//9524
f 4588//9525 4569//9525 4587//9525
f 4557//9526 4569//9526 4589//9526
f 4557//9527 4589//9527 4570//9527
f 4570//9528 4590//9528 4603//9528
f 4526//9529 4557//9529 4541//9529
f 4592//9530 4541//9530 4571//9530
f 4558//9531 4880//9531 4592//9531
f 4559//9532 4594//9532 4595//9532
f 4605//9533 4594//9533 4559//9533
f 4572//9534 4607//9534 4596//9534
f 4598//9535 4574//9535 4597//9535
f 4574//9536 4548//9536 4560//9536
f 4548//9537 4574//9537 4561//9537
f 4576//9538 4562//9538 4575//9538
f 4562//9539 4576//9539 4563//9539
f 4563//9540 4576//9540 4599//9540
f 4564//9541 4577//9541 4578//9541
f 4552//9542 4564//9542 4578//9542
f 4577//9543 4579//9543 4565//9543
f 4879//9544 4579//9544 4599//9544
f 4879//9545 4599//9545 4581//9545
f 4879//9546 4581//9546 4583//9546
f 4583//9547 4581//9547 4582//9547
f 4582//9548 4612//9548 4583//9548
f 4580//9549 4584//9549 4579//9549
f 4565//9550 4579//9550 4584//9550
f 4600//9551 4585//9551 4554//9551
f 4585//9552 4566//9552 4554//9552
f 4566//9553 4585//9553 4586//9553
f 4586//9554 4585//9554 4618//9554
f 4567//9555 4587//9555 4555//9555
f 4588//9556 4587//9556 4567//9556
f 4569//9557 4588//9557 4589//9557
f 4589//9558 4588//9558 4601//9558
f 4570//9559 4602//9559 4590//9559
f 4602//9560 4570//9560 4589//9560
f 4571//9561 4603//9561 4591//9561
f 4571//9562 4591//9562 4592//9562
f 4592//9563 4591//9563 4623//9563
f 4592//9564 4880//9564 4541//9564
f 4592//9565 4593//9565 4558//9565
f 4558//9566 4593//9566 4559//9566
f 4623//9567 4604//9567 4593//9567
f 4605//9568 4593//9568 4604//9568
f 4593//9569 4605//9569 4559//9569
f 4606//9570 4595//9570 4594//9570
f 4596//9571 4607//9571 4608//9571
f 4597//9572 4573//9572 4596//9572
f 4597//9573 4596//9573 4608//9573
f 4597//9574 4574//9574 4573//9574
f 4597//9575 4608//9575 4609//9575
f 4597//9576 4609//9576 4598//9576
f 4574//9577 4598//9577 4575//9577
f 4598//9578 4609//9578 4575//9578
f 4599//9579 4576//9579 4581//9579
f 4563//9580 4599//9580 4577//9580
f 4599//9581 4579//9581 4577//9581
f 4582//9582 4581//9582 4599//9582
f 4581//9583 4609//9583 4582//9583
f 4612//9584 4613//9584 4583//9584
f 4614//9585 4580//9585 4583//9585
f 4584//9586 4580//9586 4616//9586
f 4600//9587 4565//9587 4584//9587
f 4601//9588 4567//9588 4586//9588
f 4588//9589 4567//9589 4601//9589
f 4601//9590 4602//9590 4589//9590
f 4601//9591 4636//9591 4602//9591
f 4636//9592 4619//9592 4602//9592
f 4590//9593 4602//9593 4619//9593
f 4590//9594 4619//9594 4620//9594
f 4591//9595 4603//9595 4623//9595
f 4591//9596 4623//9596 4593//9596
f 4591//9597 4593//9597 4592//9597
f 4623//9598 4624//9598 4604//9598
f 4594//9599 4605//9599 4626//9599
f 4606//9600 4594//9600 4627//9600
f 4606//9601 4607//9601 4595//9601
f 4608//9602 4607//9602 4642//9602
f 4610//9603 4609//9603 4608//9603
f 4576//9604 4575//9604 4609//9604
f 4609//9605 4610//9605 4582//9605
f 4611//9606 4582//9606 4610//9606
f 4611//9607 4612//9607 4582//9607
f 4631//9608 4613//9608 4630//9608
f 4612//9609 4630//9609 4613//9609
f 4583//9610 4613//9610 4614//9610
f 4614//9611 4615//9611 4616//9611
f 4580//9612 4614//9612 4616//9612
f 4584//9613 4616//9613 4617//9613
f 4617//9614 4600//9614 4584//9614
f 4617//9615 4585//9615 4600//9615
f 4617//9616 4618//9616 4585//9616
f 4618//9617 4635//9617 4586//9617
f 4635//9618 4601//9618 4586//9618
f 4635//9619 4636//9619 4601//9619
f 4619//9620 4621//9620 4620//9620
f 4622//9621 4621//9621 4639//9621
f 4622//9622 4639//9622 4654//9622
f 4620//9623 4622//9623 4603//9623
f 4604//9624 4624//9624 4605//9624
f 4626//9625 4605//9625 4604//9625
f 4604//9626 4640//9626 4626//9626
f 4627//9627 4594//9627 4656//9627
f 4627//9628 4657//9628 4606//9628
f 4657//9629 4641//9629 4606//9629
f 4642//9630 4606//9630 4641//9630
f 4642//9631 4607//9631 4606//9631
f 4608//9632 4642//9632 4628//9632
f 4610//9633 4608//9633 4628//9633
f 4629//9634 4611//9634 4628//9634
f 4630//9635 4611//9635 4629//9635
f 4612//9636 4611//9636 4630//9636
f 4631//9637 4630//9637 4644//9637
f 4613//9638 4647//9638 4614//9638
f 4647//9639 4613//9639 4631//9639
f 4616//9640 4615//9640 4633//9640
f 4617//9641 4616//9641 4634//9641
f 4634//9642 4616//9642 4633//9642
f 4618//9643 4663//9643 4648//9643
f 4648//9644 4635//9644 4618//9644
f 4637//9645 4619//9645 4636//9645
f 4638//9646 4621//9646 4619//9646
f 4622//9647 4620//9647 4621//9647
f 4639//9648 4621//9648 4665//9648
f 4621//9649 4650//9649 4639//9649
f 4622//9650 4623//9650 4603//9650
f 4623//9651 4622//9651 4624//9651
f 4624//9652 4622//9652 4654//9652
f 4653//9653 4624//9653 4652//9653
f 4653//9654 4640//9654 4624//9654
f 4624//9655 4640//9655 4625//9655
f 4640//9656 4604//9656 4625//9656
f 4624//9657 4625//9657 4604//9657
f 4656//9658 4626//9658 4640//9658
f 4656//9659 4594//9659 4626//9659
f 4627//9660 4655//9660 4657//9660
f 4641//9661 4657//9661 4673//9661
f 4642//9662 4641//9662 4658//9662
f 4642//9663 4658//9663 4628//9663
f 4672//9664 4659//9664 4643//9664
f 4644//9665 4629//9665 4643//9665
f 4644//9666 4659//9666 4645//9666
f 4629//9667 4644//9667 4630//9667
f 4631//9668 4644//9668 4645//9668
f 4646//9669 4645//9669 4660//9669
f 4647//9670 4646//9670 4661//9670
f 4631//9671 4646//9671 4647//9671
f 4647//9672 4632//9672 4614//9672
f 4615//9673 4614//9673 4632//9673
f 4615//9674 4632//9674 4677//9674
f 4677//9675 4633//9675 4615//9675
f 4662//9676 4634//9676 4633//9676
f 4634//9677 4663//9677 4618//9677
f 4634//9678 4618//9678 4617//9678
f 4680//9679 4637//9679 4648//9679
f 4637//9680 4680//9680 4649//9680
f 4649//9681 4638//9681 4619//9681
f 4619//9682 4637//9682 4649//9682
f 4621//9683 4638//9683 4649//9683
f 4649//9684 4665//9684 4621//9684
f 4621//9685 4665//9685 4650//9685
f 4650//9686 4666//9686 4667//9686
f 4650//9687 4667//9687 4639//9687
f 4650//9688 4639//9688 4666//9688
f 4639//9689 4667//9689 4654//9689
f 4651//9690 4668//9690 4652//9690
f 4652//9691 4668//9691 4669//9691
f 4651//9692 4652//9692 4654//9692
f 4624//9693 4654//9693 4652//9693
f 4640//9694 4670//9694 4656//9694
f 4655//9695 4686//9695 4657//9695
f 4655//9696 4627//9696 4656//9696
f 4657//9697 4688//9697 4673//9697
f 4629//9698 4658//9698 4643//9698
f 4628//9699 4658//9699 4629//9699
f 4644//9700 4643//9700 4659//9700
f 4645//9701 4659//9701 4674//9701
f 4675//9702 4660//9702 4645//9702
f 4675//9703 4645//9703 4674//9703
f 4661//9704 4646//9704 4660//9704
f 4661//9705 4660//9705 4878//9705
f 4678//9706 4633//9706 4677//9706
f 4662//9707 4633//9707 4678//9707
f 4663//9708 4634//9708 4662//9708
f 4680//9709 4663//9709 4664//9709
f 4680//9710 4664//9710 4649//9710
f 4664//9711 4681//9711 4649//9711
f 4649//9712 4681//9712 4665//9712
f 4682//9713 4666//9713 4665//9713
f 4665//9714 4666//9714 4650//9714
f 4654//9715 4667//9715 4651//9715
f 4668//9716 4651//9716 4667//9716
f 4669//9717 4653//9717 4652//9717
f 4669//9718 4670//9718 4653//9718
f 4670//9719 4640//9719 4653//9719
f 4656//9720 4670//9720 4655//9720
f 4670//9721 4671//9721 4655//9721
f 4671//9722 4686//9722 4655//9722
f 4688//9723 4672//9723 4673//9723
f 4672//9724 4688//9724 4689//9724
f 4674//9725 4672//9725 4689//9725
f 4673//9726 4643//9726 4641//9726
f 4641//9727 4643//9727 4658//9727
f 4672//9728 4643//9728 4673//9728
f 4659//9729 4672//9729 4674//9729
f 4647//9730 4708//9730 4676//9730
f 4709//9731 4677//9731 4676//9731
f 4678//9732 4677//9732 4709//9732
f 4678//9733 4679//9733 4662//9733
f 4680//9734 4663//9734 4662//9734
f 4664//9735 4662//9735 4679//9735
f 4662//9736 4664//9736 4680//9736
f 4664//9737 4679//9737 4691//9737
f 4711//9738 4681//9738 4691//9738
f 4681//9739 4664//9739 4691//9739
f 4681//9740 4682//9740 4665//9740
f 4693//9741 4692//9741 4683//9741
f 4693//9742 4684//9742 4666//9742
f 4692//9743 4693//9743 4666//9743
f 4667//9744 4666//9744 4684//9744
f 4684//9745 4693//9745 4667//9745
f 4667//9746 4693//9746 4694//9746
f 4667//9747 4694//9747 4668//9747
f 4686//9748 4687//9748 4688//9748
f 4686//9749 4688//9749 4657//9749
f 4688//9750 4687//9750 4701//9750
f 4701//9751 4689//9751 4688//9751
f 4674//9752 4689//9752 4703//9752
f 4703//9753 4690//9753 4674//9753
f 4675//9754 4674//9754 4690//9754
f 4704//9755 4675//9755 4690//9755
f 4706//9756 4660//9756 4675//9756
f 4707//9757 4878//9757 4660//9757
f 4721//9758 4661//9758 4878//9758
f 4647//9759 4661//9759 4708//9759
f 4708//9760 4661//9760 4722//9760
f 4676//9761 4708//9761 4722//9761
f 4710//9762 4709//9762 4723//9762
f 4679//9763 4678//9763 4710//9763
f 4691//9764 4679//9764 4724//9764
f 4724//9765 4711//9765 4691//9765
f 4682//9766 4712//9766 4692//9766
f 4736//9767 4692//9767 4714//9767
f 4683//9768 4692//9768 4736//9768
f 4736//9769 4726//9769 4683//9769
f 4693//9770 4668//9770 4694//9770
f 4696//9771 4695//9771 4668//9771
f 4695//9772 4696//9772 4685//9772
f 4685//9773 4668//9773 4695//9773
f 4685//9774 4669//9774 4668//9774
f 4685//9775 4696//9775 4738//9775
f 4685//9776 4697//9776 4669//9776
f 4697//9777 4698//9777 4670//9777
f 4698//9778 4671//9778 4670//9778
f 4700//9779 4671//9779 4699//9779
f 4700//9780 4699//9780 4728//9780
f 4686//9781 4671//9781 4700//9781
f 4687//9782 4686//9782 4877//9782
f 4687//9783 4877//9783 4701//9783
f 4702//9784 4718//9784 4703//9784
f 4702//9785 4703//9785 4701//9785
f 4689//9786 4701//9786 4703//9786
f 4690//9787 4703//9787 4718//9787
f 4690//9788 4718//9788 4704//9788
f 4705//9789 4719//9789 4740//9789
f 4705//9790 4740//9790 4741//9790
f 4660//9791 4706//9791 4707//9791
f 4706//9792 4720//9792 4707//9792
f 4722//9793 4721//9793 4732//9793
f 4721//9794 4708//9794 4661//9794
f 4721//9795 4722//9795 4708//9795
f 4723//9796 4709//9796 4722//9796
f 4679//9797 4710//9797 4724//9797
f 4724//9798 4725//9798 4711//9798
f 4712//9799 4711//9799 4713//9799
f 4745//9800 4714//9800 4713//9800
f 4692//9801 4712//9801 4714//9801
f 4736//9802 4714//9802 4745//9802
f 4746//9803 4736//9803 4758//9803
f 4746//9804 4726//9804 4736//9804
f 4693//9805 4727//9805 4694//9805
f 4727//9806 4737//9806 4696//9806
f 4696//9807 4694//9807 4727//9807
f 4694//9808 4696//9808 4695//9808
f 4668//9809 4694//9809 4695//9809
f 4715//9810 4738//9810 4747//9810
f 4716//9811 4698//9811 4697//9811
f 4716//9812 4697//9812 4715//9812
f 4715//9813 4685//9813 4738//9813
f 4697//9814 4685//9814 4715//9814
f 4716//9815 4715//9815 4747//9815
f 4698//9816 4716//9816 4699//9816
f 4698//9817 4699//9817 4671//9817
f 4717//9818 4700//9818 4728//9818
f 4717//9819 4686//9819 4700//9819
f 4717//9820 4877//9820 4686//9820
f 4717//9821 4739//9821 4877//9821
f 4729//9822 4877//9822 4739//9822
f 4718//9823 4702//9823 4751//9823
f 4718//9824 4730//9824 4719//9824
f 4704//9825 4719//9825 4705//9825
f 4740//9826 4719//9826 4730//9826
f 4720//9827 4705//9827 4741//9827
f 4705//9828 4720//9828 4706//9828
f 4721//9829 4707//9829 4731//9829
f 4710//9830 4725//9830 4724//9830
f 4725//9831 4743//9831 4734//9831
f 4713//9832 4711//9832 4725//9832
f 4713//9833 4725//9833 4734//9833
f 4735//9834 4713//9834 4734//9834
f 4726//9835 4737//9835 4727//9835
f 4748//9836 4728//9836 4699//9836
f 4728//9837 4748//9837 4750//9837
f 4750//9838 4717//9838 4728//9838
f 4750//9839 4739//9839 4717//9839
f 4702//9840 4729//9840 4751//9840
f 4718//9841 4751//9841 4730//9841
f 4720//9842 4741//9842 4755//9842
f 4707//9843 4720//9843 4755//9843
f 4755//9844 4731//9844 4707//9844
f 4731//9845 4752//9845 4721//9845
f 4752//9846 4732//9846 4721//9846
f 4722//9847 4733//9847 4742//9847
f 4733//9848 4742//9848 4723//9848
f 4743//9849 4723//9849 4742//9849
f 4743//9850 4710//9850 4723//9850
f 4743//9851 4725//9851 4710//9851
f 4734//9852 4743//9852 4744//9852
f 4745//9853 4713//9853 4735//9853
f 4736//9854 4745//9854 4758//9854
f 4737//9855 4726//9855 4746//9855
f 4748//9856 4716//9856 4747//9856
f 4748//9857 4699//9857 4716//9857
f 4729//9858 4739//9858 4759//9858
f 4740//9859 4730//9859 4785//9859
f 4876//9860 4731//9860 4755//9860
f 4752//9861 4753//9861 4732//9861
f 4753//9862 4733//9862 4722//9862
f 4722//9863 4732//9863 4753//9863
f 4742//9864 4733//9864 4753//9864
f 4742//9865 4744//9865 4743//9865
f 4744//9866 4735//9866 4734//9866
f 4735//9867 4744//9867 4757//9867
f 4772//9868 4758//9868 4745//9868
f 4763//9869 4737//9869 4746//9869
f 4763//9870 4754//9870 4737//9870
f 4754//9871 4738//9871 4737//9871
f 4738//9872 4754//9872 4747//9872
f 4747//9873 4749//9873 4748//9873
f 4749//9874 4750//9874 4748//9874
f 4749//9875 4764//9875 4765//9875
f 4750//9876 4749//9876 4775//9876
f 4739//9877 4750//9877 4775//9877
f 4775//9878 4759//9878 4739//9878
f 4752//9879 4731//9879 4876//9879
f 4756//9880 4753//9880 4752//9880
f 4742//9881 4753//9881 4760//9881
f 4761//9882 4744//9882 4760//9882
f 4771//9883 4735//9883 4757//9883
f 4773//9884 4758//9884 4772//9884
f 4746//9885 4758//9885 4773//9885
f 4754//9886 4763//9886 4764//9886
f 4747//9887 4754//9887 4764//9887
f 4764//9888 4749//9888 4747//9888
f 4775//9889 4749//9889 4765//9889
f 4751//9890 4729//9890 4759//9890
f 4730//9891 4751//9891 4782//9891
f 4785//9892 4730//9892 4782//9892
f 4767//9893 4741//9893 4740//9893
f 4755//9894 4809//9894 4767//9894
f 4752//9895 4876//9895 4756//9895
f 4744//9896 4761//9896 4757//9896
f 4809//9897 4876//9897 4767//9897
f 4768//9898 4761//9898 4756//9898
f 4760//9899 4756//9899 4761//9899
f 4760//9900 4753//9900 4756//9900
f 4761//9901 4771//9901 4757//9901
f 4769//9902 4771//9902 4761//9902
f 4778//9903 4774//9903 4773//9903
f 4774//9904 4779//9904 4762//9904
f 4762//9905 4746//9905 4774//9905
f 4773//9906 4774//9906 4762//9906
f 4762//9907 4746//9907 4773//9907
f 4780//9908 4775//9908 4765//9908
f 4775//9909 4780//9909 4781//9909
f 4766//9910 4767//9910 4740//9910
f 4876//9911 4809//9911 4776//9911
f 4769//9912 4768//9912 4777//9912
f 4770//9913 4773//9913 4875//9913
f 4770//9914 4771//9914 4788//9914
f 4769//9915 4788//9915 4771//9915
f 4735//9916 4771//9916 4772//9916
f 4746//9917 4762//9917 4763//9917
f 4779//9918 4763//9918 4762//9918
f 4759//9919 4781//9919 4783//9919
f 4783//9920 4782//9920 4751//9920
f 4783//9921 4751//9921 4759//9921
f 4785//9922 4782//9922 4784//9922
f 4740//9923 4785//9923 4766//9923
f 4766//9924 4785//9924 4767//9924
f 4776//9925 4756//9925 4876//9925
f 4776//9926 4768//9926 4756//9926
f 4789//9927 4788//9927 4815//9927
f 4788//9928 4789//9928 4770//9928
f 4778//9929 4770//9929 4789//9929
f 4773//9930 4770//9930 4778//9930
f 4779//9931 4790//9931 4780//9931
f 4779//9932 4780//9932 4764//9932
f 4775//9933 4781//9933 4759//9933
f 4782//9934 4802//9934 4784//9934
f 4782//9935 4783//9935 4802//9935
f 4809//9936 4767//9936 4785//9936
f 4776//9937 4807//9937 4777//9937
f 4776//9938 4777//9938 4768//9938
f 4786//9939 4777//9939 4807//9939
f 4788//9940 4787//9940 4815//9940
f 4786//9941 4788//9941 4777//9941
f 4778//9942 4789//9942 4799//9942
f 4799//9943 4800//9943 4774//9943
f 4800//9944 4790//9944 4774//9944
f 4779//9945 4774//9945 4790//9945
f 4790//9946 4817//9946 4780//9946
f 4781//9947 4780//9947 4817//9947
f 4781//9948 4817//9948 4802//9948
f 4783//9949 4781//9949 4802//9949
f 4802//9950 4803//9950 4784//9950
f 4784//9951 4803//9951 4819//9951
f 4806//9952 4791//9952 4819//9952
f 4791//9953 4806//9953 4808//9953
f 4784//9954 4819//9954 4791//9954
f 4784//9955 4791//9955 4785//9955
f 4785//9956 4791//9956 4809//9956
f 4794//9957 4786//9957 4807//9957
f 4808//9958 4794//9958 4807//9958
f 4786//9959 4794//9959 4787//9959
f 4792//9960 4787//9960 4794//9960
f 4794//9961 4795//9961 4792//9961
f 4820//9962 4792//9962 4795//9962
f 4793//9963 4820//9963 4792//9963
f 4793//9964 4792//9964 4795//9964
f 4874//9965 4793//9965 4795//9965
f 4808//9966 4806//9966 4795//9966
f 4794//9967 4808//9967 4795//9967
f 4793//9968 4874//9968 4820//9968
f 4796//9969 4792//9969 4820//9969
f 4796//9970 4820//9970 4821//9970
f 4796//9971 4821//9971 4810//9971
f 4810//9972 4797//9972 4796//9972
f 4796//9973 4798//9973 4792//9973
f 4787//9974 4792//9974 4798//9974
f 4798//9975 4815//9975 4787//9975
f 4824//9976 4789//9976 4815//9976
f 4789//9977 4824//9977 4816//9977
f 4799//9978 4789//9978 4816//9978
f 4816//9979 4800//9979 4799//9979
f 4817//9980 4818//9980 4802//9980
f 4801//9981 4802//9981 4818//9981
f 4804//9982 4844//9982 4829//9982
f 4874//9983 4804//9983 4829//9983
f 4805//9984 4874//9984 4793//9984
f 4805//9985 4793//9985 4795//9985
f 4795//9986 4819//9986 4805//9986
f 4874//9987 4805//9987 4804//9987
f 4819//9988 4804//9988 4805//9988
f 4819//9989 4795//9989 4806//9989
f 4809//9990 4791//9990 4808//9990
f 4808//9991 4807//9991 4809//9991
f 4776//9992 4809//9992 4807//9992
f 4811//9993 4810//9993 4821//9993
f 4810//9994 4811//9994 4812//9994
f 4837//9995 4812//9995 4822//9995
f 4837//9996 4813//9996 4812//9996
f 4797//9997 4812//9997 4813//9997
f 4814//9998 4796//9998 4797//9998
f 4790//9999 4800//9999 4827//9999
f 4817//10000 4790//10000 4827//10000
f 4801//10001 4818//10001 4828//10001
f 4801//10002 4844//10002 4803//10002
f 4801//10003 4803//10003 4802//10003
f 4844//10004 4804//10004 4803//10004
f 4819//10005 4803//10005 4804//10005
f 4829//10006 4830//10006 4874//10006
f 4811//10007 4821//10007 4833//10007
f 4835//10008 4811//10008 4847//10008
f 4812//10009 4835//10009 4822//10009
f 4797//10010 4813//10010 4823//10010
f 4814//10011 4797//10011 4823//10011
f 4824//10012 4815//10012 4798//10012
f 4824//10013 4825//10013 4816//10013
f 4825//10014 4860//10014 4826//10014
f 4825//10015 4826//10015 4816//10015
f 4817//10016 4827//10016 4839//10016
f 4844//10017 4801//10017 4843//10017
f 4828//10018 4843//10018 4801//10018
f 4843//10019 4829//10019 4844//10019
f 4833//10020 4821//10020 4831//10020
f 4831//10021 4832//10021 4833//10021
f 4833//10022 4832//10022 4863//10022
f 4811//10023 4834//10023 4847//10023
f 4836//10024 4835//10024 4848//10024
f 4848//10025 4856//10025 4836//10025
f 4822//10026 4836//10026 4856//10026
f 4823//10027 4813//10027 4859//10027
f 4814//10028 4823//10028 4860//10028
f 4814//10029 4860//10029 4838//10029
f 4839//10030 4826//10030 4850//10030
f 4839//10031 4850//10031 4851//10031
f 4839//10032 4851//10032 4842//10032
f 4818//10033 4839//10033 4840//10033
f 4841//10034 4828//10034 4840//10034
f 4842//10035 4861//10035 4841//10035
f 4841//10036 4861//10036 4852//10036
f 4843//10037 4841//10037 4852//10037
f 4830//10038 4829//10038 4845//10038
f 4830//10039 4845//10039 4831//10039
f 4821//10040 4830//10040 4831//10040
f 4846//10041 4832//10041 4831//10041
f 4833//10042 4863//10042 4834//10042
f 4811//10043 4833//10043 4834//10043
f 4834//10044 4864//10044 4847//10044
f 4835//10045 4847//10045 4848//10045
f 4856//10046 4855//10046 4867//10046
f 4867//10047 4868//10047 4856//10047
f 4849//10048 4859//10048 4837//10048
f 4837//10049 4859//10049 4813//10049
f 4860//10050 4823//10050 4859//10050
f 4824//10051 4814//10051 4825//10051
f 4838//10052 4825//10052 4814//10052
f 4838//10053 4860//10053 4825//10053
f 4850//10054 4860//10054 4859//10054
f 4825//10055 4860//10055 4850//10055
f 4850//10056 4826//10056 4825//10056
f 4850//10057 4870//10057 4851//10057
f 4842//10058 4851//10058 4870//10058
f 4840//10059 4839//10059 4842//10059
f 4828//10060 4841//10060 4843//10060
f 4842//10061 4841//10061 4840//10061
f 4845//10062 4843//10062 4852//10062
f 4845//10063 4829//10063 4843//10063
f 4853//10064 4832//10064 4846//10064
f 4866//10065 4865//10065 4847//10065
f 4854//10066 4855//10066 4865//10066
f 4855//10067 4848//10067 4865//10067
f 4873//10068 4867//10068 4855//10068
f 4856//10069 4848//10069 4855//10069
f 4849//10070 4857//10070 4869//10070
f 4857//10071 4849//10071 4837//10071
f 4832//10072 4862//10072 4872//10072
f 4863//10073 4832//10073 4872//10073
f 4865//10074 4866//10074 4854//10074
f 4854//10075 4873//10075 4855//10075
f 4873//10076 4872//10076 4867//10076
f 4868//10077 4867//10077 4869//10077
f 4868//10078 4869//10078 4857//10078
f 4849//10079 4869//10079 4858//10079
f 4871//10080 4858//10080 4869//10080
f 4870//10081 4859//10081 4858//10081
f 4859//10082 4849//10082 4858//10082
f 4859//10083 4870//10083 4850//10083
f 4861//10084 4870//10084 4871//10084
f 4861//10085 4871//10085 4853//10085
f 4861//10086 4853//10086 4852//10086
f 4871//10087 4869//10087 4853//10087
f 4862//10088 4853//10088 4869//10088
f 4871//10089 4870//10089 4858//10089
f 4862//10090 4832//10090 4853//10090
f 4870//10091 4861//10091 4842//10091
f 4873//10092 4863//10092 4872//10092
f 4864//10093 4834//10093 4863//10093
f 4864//10094 4863//10094 4873//10094
f 4873//10095 4866//10095 4864//10095
f 4869//10096 4867//10096 4872//10096
f 4869//10097 4872//10097 4862//10097
f 4854//10098 4866//10098 4873//10098
f 4864//10099 4866//10099 4847//10099
f 4852//10100 4853//10100 4846//10100
f 4865//10101 4848//10101 4847//10101
f 4845//10102 4852//10102 4846//10102
f 4845//10103 4846//10103 4831//10103
f 4857//10104 4837//10104 4822//10104
f 4857//10105 4822//10105 4856//10105
f 4857//10106 4856//10106 4868//10106
f 4828//10107 4818//10107 4840//10107
f 4817//10108 4839//10108 4818//10108
f 4798//10109 4814//10109 4824//10109
f 4835//10110 4836//10110 4822//10110
f 4827//10111 4826//10111 4839//10111
f 4826//10112 4827//10112 4800//10112
f 4812//10113 4811//10113 4835//10113
f 4830//10114 4820//10114 4874//10114
f 4820//10115 4830//10115 4821//10115
f 4816//10116 4826//10116 4800//10116
f 4798//10117 4796//10117 4814//10117
f 4810//10118 4812//10118 4797//10118
f 4787//10119 4788//10119 4786//10119
f 4774//10120 4778//10120 4799//10120
f 4769//10121 4777//10121 4788//10121
f 4768//10122 4769//10122 4761//10122
f 4767//10123 4755//10123 4741//10123
f 4764//10124 4780//10124 4765//10124
f 4875//10125 4771//10125 4770//10125
f 4773//10126 4772//10126 4875//10126
f 4771//10127 4875//10127 4772//10127
f 4764//10128 4763//10128 4779//10128
f 4876//10129 4755//10129 4767//10129
f 4742//10130 4760//10130 4744//10130
f 4735//10131 4772//10131 4745//10131
f 4877//10132 4729//10132 4702//10132
f 4702//10133 4701//10133 4877//10133
f 4737//10134 4738//10134 4696//10134
f 4722//10135 4733//10135 4723//10135
f 4718//10136 4719//10136 4704//10136
f 4726//10137 4727//10137 4693//10137
f 4726//10138 4693//10138 4683//10138
f 4713//10139 4714//10139 4712//10139
f 4722//10140 4709//10140 4676//10140
f 4704//10141 4706//10141 4675//10141
f 4704//10142 4705//10142 4706//10142
f 4697//10143 4670//10143 4669//10143
f 4682//10144 4692//10144 4666//10144
f 4681//10145 4711//10145 4712//10145
f 4682//10146 4681//10146 4712//10146
f 4710//10147 4678//10147 4709//10147
f 4721//10148 4878//10148 4707//10148
f 4680//10149 4648//10149 4663//10149
f 4677//10150 4632//10150 4676//10150
f 4647//10151 4676//10151 4632//10151
f 4648//10152 4637//10152 4636//10152
f 4648//10153 4636//10153 4635//10153
f 4645//10154 4646//10154 4631//10154
f 4610//10155 4628//10155 4611//10155
f 4581//10156 4576//10156 4609//10156
f 4603//10157 4590//10157 4620//10157
f 4574//10158 4575//10158 4561//10158
f 4603//10159 4571//10159 4570//10159
f 4879//10160 4580//10160 4579//10160
f 4879//10161 4583//10161 4580//10161
f 4577//10162 4564//10162 4563//10162
f 4558//10163 4544//10163 4880//10163
f 4541//10164 4557//10164 4571//10164
f 4577//10165 4565//10165 4578//10165
f 4555//10166 4539//10166 4522//10166
f 4554//10167 4537//10167 4553//10167
f 4550//10168 4529//10168 4548//10168
f 4524//10169 4539//10169 4540//10169
f 4534//10170 4533//10170 4536//10170
f 4508//10171 4489//10171 4488//10171
f 4521//10172 4520//10172 4537//10172
f 4506//10173 4505//10173 4518//10173
f 4517//10174 4530//10174 4516//10174
f 4530//10175 4502//10175 4501//10175
f 4501//10176 4500//10176 4530//10176
f 4528//10177 4529//10177 4500//10177
f 4500//10178 4499//10178 4515//10178
f 4495//10179 4527//10179 4514//10179
f 4498//10180 4499//10180 4479//10180
f 4462//10181 4484//10181 4463//10181
f 4464//10182 4474//10182 4453//10182
f 4448//10183 4449//10183 4452//10183
f 4451//10184 4437//10184 4452//10184
f 4424//10185 4423//10185 4447//10185
f 4432//10186 4431//10186 4459//10186
f 4881//10187 4427//10187 4443//10187
f 4429//10188 4428//10188 4881//10188
f 4882//10189 4429//10189 4881//10189
f 4881//10190 4428//10190 4427//10190
f 4422//10191 4431//10191 4412//10191
f 4427//10192 4428//10192 4418//10192
f 4394//10193 4417//10193 4407//10193
f 4417//10194 4440//10194 4407//10194
f 4394//10195 4407//10195 4406//10195
f 4387//10196 4412//10196 4400//10196
f 4400//10197 4389//10197 4388//10197
f 4385//10198 4397//10198 4398//10198
f 4374//10199 4375//10199 4376//10199
f 4372//10200 4391//10200 4373//10200
f 4372//10201 4369//10201 4391//10201
f 4327//10202 4358//10202 4380//10202
f 4354//10203 4353//10203 4352//10203
f 4365//10204 4347//10204 4346//10204
f 4339//10205 4340//10205 4342//10205
f 4360//10206 4362//10206 4337//10206
f 4301//10207 4353//10207 4332//10207
f 4332//10208 4353//10208 4333//10208
f 4301//10209 4332//10209 4322//10209
f 4313//10210 4296//10210 4314//10210
f 4329//10211 4315//10211 4328//10211
f 4339//10212 4341//10212 4296//10212
f 4295//10213 4296//10213 4294//10213
f 4305//10214 4304//10214 4320//10214
f 4282//10215 4320//10215 4304//10215
f 4297//10216 4298//10216 4278//10216
f 4270//10217 4251//10217 4307//10217
f 4276//10218 4277//10218 4278//10218
f 4290//10219 4244//10219 4289//10219
f 4255//10220 4287//10220 4256//10220
f 4253//10221 4271//10221 4272//10221
f 4282//10222 4246//10222 4265//10222
f 4246//10223 4282//10223 4266//10223
f 4280//10224 4245//10224 4231//10224
f 4280//10225 4231//10225 4263//10225
f 4259//10226 4243//10226 4241//10226
f 4241//10227 4243//10227 4242//10227
f 4251//10228 4252//10228 4239//10228
f 4251//10229 4239//10229 4236//10229
f 4267//10230 4247//10230 4266//10230
f 4262//10231 4230//10231 4244//10231
f 4243//10232 4244//10232 4242//10232
f 4256//10233 4226//10233 4225//10233
f 4256//10234 4225//10234 4255//10234
f 4249//10235 4189//10235 4235//10235
f 4248//10236 4235//10236 4189//10236
f 4229//10237 4230//10237 4211//10237
f 4254//10238 4224//10238 4223//10238
f 4219//10239 4221//10239 4222//10239
f 4194//10240 4218//10240 4207//10240
f 4152//10241 4182//10241 4199//10241
f 4193//10242 4194//10242 4159//10242
f 4191//10243 4885//10243 4171//10243
f 4885//10244 4170//10244 4171//10244
f 4885//10245 4191//10245 4172//10245
f 4153//10246 4186//10246 4170//10246
f 4140//10247 4167//10247 4183//10247
f 4179//10248 4886//10248 4178//10248
f 4886//10249 4161//10249 4178//10249
f 4133//10250 4161//10250 4886//10250
f 4175//10251 4176//10251 4147//10251
f 4200//10252 4141//10252 4140//10252
f 4886//10253 4162//10253 4133//10253
f 4154//10254 4172//10254 4155//10254
f 4162//10255 4163//10255 4150//10255
f 4147//10256 4130//10256 4129//10256
f 4143//10257 4144//10257 4116//10257
f 4144//10258 4117//10258 4116//10258
f 4144//10259 4128//10259 4117//10259
f 4135//10260 4120//10260 4149//10260
f 4132//10261 4105//10261 4148//10261
f 4101//10262 4118//10262 4129//10262
f 4118//10263 4147//10263 4129//10263
f 4143//10264 4116//10264 4115//10264
f 4110//10265 4109//10265 4134//10265
f 4107//10266 4106//10266 4105//10266
f 4101//10267 4082//10267 4118//10267
f 4085//10268 4084//10268 4102//10268
f 4102//10269 4084//10269 4083//10269
f 4113//10270 4094//10270 4111//10270
f 4120//10271 4088//10271 4087//10271
f 4080//10272 4081//10272 4060//10272
f 4058//10273 4073//10273 4059//10273
f 4067//10274 4035//10274 4066//10274
f 4049//10275 4083//10275 4050//10275
f 4061//10276 4083//10276 4049//10276
f 4887//10277 4100//10277 4082//10277
f 4044//10278 4043//10278 4058//10278
f 4029//10279 4077//10279 4012//10279
f 4038//10280 4054//10280 4039//10280
f 4052//10281 4054//10281 4038//10281
f 4022//10282 4045//10282 4046//10282
f 4028//10283 4055//10283 4040//10283
f 4888//10284 4011//10284 4038//10284
f 4042//10285 4014//10285 4041//10285
f 4041//10286 4014//10286 4001//10286
f 3995//10287 4008//10287 4036//10287
f 3992//10288 4005//10288 4017//10288
f 3988//10289 3987//10289 4014//10289
f 3987//10290 4002//10290 4014//10290
f 3952//10291 3988//10291 3989//10291
f 4016//10292 4889//10292 3973//10292
f 3971//10293 3972//10293 3949//10293
f 3999//10294 3969//10294 3968//10294
f 3945//10295 3979//10295 3963//10295
f 3961//10296 3963//10296 3979//10296
f 3962//10297 3963//10297 3961//10297
f 3941//10298 3955//10298 3954//10298
f 3942//10299 3954//10299 3955//10299
f 3942//10300 3926//10300 3954//10300
f 3937//10301 3953//10301 3940//10301
f 3937//10302 3939//10302 3953//10302
f 3930//10303 3929//10303 3965//10303
f 3931//10304 4891//10304 3917//10304
f 3905//10305 3917//10305 4890//10305
f 3905//10306 4890//10306 3918//10306
f 3919//10307 3918//10307 4890//10307
f 4890//10308 3917//10308 4891//10308
f 3942//10309 3944//10309 3916//10309
f 3890//10310 3935//10310 3911//10310
f 3910//10311 3909//10311 3932//10311
f 3907//10312 3906//10312 3919//10312
f 3906//10313 3907//10313 3870//10313
f 3917//10314 3905//10314 3904//10314
f 3908//10315 3909//10315 3886//10315
f 3885//10316 3908//10316 3887//10316
f 3912//10317 3895//10317 3896//10317
f 3891//10318 3888//10318 3890//10318
f 3919//10319 3885//10319 3862//10319
f 3919//10320 3862//10320 3907//10320
f 3882//10321 3883//10321 3884//10321
f 3857//10322 3881//10322 3882//10322
f 3904//10323 3879//10323 3903//10323
f 3865//10324 3874//10324 3875//10324
f 3842//10325 3852//10325 3829//10325
f 3854//10326 3845//10326 3833//10326
f 3833//10327 3845//10327 3844//10327
f 3875//10328 3832//10328 3853//10328
f 3861//10329 3849//10329 3828//10329
f 3849//10330 3842//10330 3828//10330
f 3839//10331 3826//10331 3838//10331
f 3838//10332 3826//10332 3808//10332
f 3814//10333 3822//10333 3815//10333
f 3811//10334 3801//10334 3820//10334
f 3809//10335 3800//10335 3799//10335
f 3789//10336 3799//10336 3800//10336
f 3812//10337 3784//10337 3802//10337
f 3782//10338 3802//10338 3784//10338
f 3793//10339 3795//10339 3796//10339
f 3777//10340 3787//10340 3779//10340
f 3778//10341 3777//10341 3779//10341
f 3768//10342 3797//10342 3769//10342
f 3774//10343 4892//10343 3775//10343
f 4892//10344 3785//10344 3775//10344
f 3790//10345 3772//10345 3781//10345
f 3764//10346 3763//10346 3783//10346
f 3771//10347 3780//10347 3761//10347
f 3770//10348 3760//10348 3778//10348
f 3759//10349 3778//10349 3752//10349
f 3751//10350 3750//10350 3759//10350
f 3766//10351 3765//10351 3757//10351
f 3747//10352 3763//10352 3766//10352
f 3753//10353 3741//10353 3740//10353
f 3718//10354 3710//10354 3697//10354
f 3707//10355 3724//10355 3716//10355
f 3706//10356 3714//10356 3715//10356
f 3714//10357 3706//10357 3705//10357
f 3702//10358 3712//10358 3693//10358
f 3705//10359 3706//10359 3685//10359
f 3706//10360 3686//10360 3673//10360
f 3706//10361 3673//10361 3685//10361
f 3683//10362 3704//10362 3684//10362
f 3690//10363 3691//10363 3667//10363
f 3666//10364 3690//10364 3667//10364
f 3676//10365 3677//10365 3656//10365
f 3682//10366 3660//10366 4893//10366
f 4893//10367 3669//10367 3694//10367
f 3669//10368 4893//10368 3670//10368
f 3660//10369 3670//10369 4893//10369
f 3678//10370 3690//10370 3679//10370
f 3674//10371 3673//10371 4894//10371
f 3648//10372 3646//10372 3676//10372
f 3629//10373 3638//10373 3630//10373
f 3644//10374 3628//10374 3627//10374
f 3637//10375 3621//10375 3626//10375
f 3604//10376 3626//10376 3620//10376
f 4895//10377 3630//10377 3607//10377
f 3626//10378 3621//10378 3620//10378
f 3604//10379 3620//10379 3593//10379
f 3600//10380 3597//10380 3615//10380
f 3612//10381 3615//10381 3597//10381
f 3608//10382 3589//10382 3595//10382
f 3576//10383 3562//10383 3575//10383
f 3575//10384 3544//10384 3561//10384
f 3555//10385 3552//10385 3572//10385
f 3572//10386 3552//10386 3537//10386
f 3599//10387 3537//10387 3571//10387
f 3550//10388 3568//10388 3590//10388
f 3585//10389 4896//10389 3584//10389
f 4896//10390 3547//10390 3582//10390
f 3539//10391 3503//10391 3523//10391
f 3539//10392 3523//10392 4897//10392
f 3519//10393 3539//10393 3554//10393
f 3532//10394 3531//10394 3564//10394
f 3563//10395 3531//10395 3545//10395
f 3528//10396 3543//10396 3529//10396
f 3543//10397 3528//10397 3542//10397
f 3502//10398 3523//10398 3503//10398
f 3538//10399 3540//10399 3520//10399
f 4898//10400 3538//10400 3520//10400
f 4898//10401 3520//10401 3519//10401
f 3538//10402 4898//10402 3519//10402
f 3520//10403 3518//10403 4898//10403
f 3518//10404 3519//10404 4898//10404
f 3499//10405 3518//10405 3520//10405
f 3500//10406 3483//10406 3521//10406
f 3484//10407 3483//10407 3500//10407
f 3520//10408 3521//10408 3483//10408
f 3540//10409 3521//10409 3520//10409
f 3518//10410 3537//10410 3519//10410
f 3504//10411 3527//10411 3491//10411
f 3490//10412 3502//10412 3526//10412
f 3489//10413 3502//10413 3490//10413
f 3484//10414 3463//10414 3462//10414
f 3497//10415 3512//10415 3437//10415
f 3459//10416 3530//10416 3497//10416
f 3479//10417 3495//10417 3510//10417
f 3495//10418 3479//10418 3458//10418
f 3492//10419 3494//10419 3476//10419
f 3456//10420 3455//10420 3495//10420
f 3456//10421 3495//10421 3458//10421
f 3458//10422 3457//10422 3456//10422
f 3458//10423 3435//10423 3457//10423
f 3439//10424 4900//10424 3399//10424
f 3451//10425 3454//10425 3409//10425
f 3425//10426 3445//10426 3444//10426
f 3465//10427 4901//10427 3464//10427
f 4901//10428 3420//10428 3464//10428
f 3421//10429 3420//10429 4901//10429
f 4901//10430 3465//10430 3423//10430
f 3377//10431 3421//10431 3401//10431
f 3436//10432 3459//10432 3413//10432
f 3428//10433 4902//10433 3408//10433
f 3376//10434 3419//10434 1453//10434
f 3399//10435 3400//10435 3388//10435
f 3422//10436 3391//10436 3401//10436
f 3401//10437 3391//10437 3378//10437
f 4903//10438 3379//10438 3368//10438
f 3369//10439 3368//10439 3379//10439
f 1447//10440 3377//10440 3401//10440
f 3365//10441 3401//10441 3378//10441
f 3376//10442 1453//10442 1423//10442
f 3376//10443 1423//10443 1444//10443
f 3384//10444 1430//10444 3375//10444
f 1361//10445 3344//10445 3361//10445
f 3367//10446 3355//10446 1389//10446
f 3355//10447 3322//10447 1390//10447
f 1446//10448 3356//10448 3324//10448
f 3305//10449 3322//10449 3323//10449
f 3283//10450 3322//10450 3305//10450
f 3346//10451 1389//10451 3321//10451
f 3292//10452 4904//10452 3348//10452
f 3291//10453 3289//10453 3357//10453
f 3305//10454 3285//10454 3284//10454
f 837//10455 3270//10455 838//10455
f 3296//10456 3268//10456 3266//10456
f 3264//10457 3296//10457 3266//10457
f 3288//10458 3261//10458 3260//10458
f 3255//10459 3304//10459 3283//10459
f 3275//10460 3249//10460 3247//10460
f 3260//10461 3237//10461 3236//10461
f 3259//10462 3232//10462 3257//10462
f 3232//10463 3231//10463 3257//10463
f 3256//10464 3257//10464 3252//10464
f 566//10465 597//10465 613//10465
f 3226//10466 3249//10466 3227//10466
f 3247//10467 3248//10467 3225//10467
f 3247//10468 3225//10468 3274//10468
f 3241//10469 3242//10469 3240//10469
f 3219//10470 3232//10470 3259//10470
f 3219//10471 4906//10471 3232//10471
f 3218//10472 3232//10472 4906//10472
f 4906//10473 3201//10473 3218//10473
f 3219//10474 3201//10474 4906//10474
f 3201//10475 3221//10475 3222//10475
f 3221//10476 3201//10476 3220//10476
f 3244//10477 3222//10477 3221//10477
f 3207//10478 3209//10478 3190//10478
f 3208//10479 3207//10479 3206//10479
f 3201//10480 3202//10480 3182//10480
f 3182//10481 3154//10481 3181//10481
f 3174//10482 3195//10482 3179//10482
f 3179//10483 3149//10483 3174//10483
f 679//10484 3172//10484 615//10484
f 649//10485 615//10485 678//10485
f 648//10486 678//10486 615//10486
f 648//10487 615//10487 3171//10487
f 3189//10488 3190//10488 3165//10488
f 3189//10489 3165//10489 3161//10489
f 4907//10490 3189//10490 3161//10490
f 3164//10491 3161//10491 3165//10491
f 3207//10492 3189//10492 4907//10492
f 3127//10493 3157//10493 3187//10493
f 3166//10494 3170//10494 3167//10494
f 3166//10495 3167//10495 3135//10495
f 3135//10496 3136//10496 3118//10496
f 4908//10497 3161//10497 3163//10497
f 4909//10498 3120//10498 3142//10498
f 3141//10499 4909//10499 3142//10499
f 3136//10500 3120//10500 3119//10500
f 4910//10501 3113//10501 3117//10501
f 4910//10502 3116//10502 3113//10502
f 3101//10503 4910//10503 3117//10503
f 3111//10504 3110//10504 3128//10504
f 3130//10505 3111//10505 3128//10505
f 3108//10506 3109//10506 3089//10506
f 2358//10507 2456//10507 3082//10507
f 2358//10508 3082//10508 2357//10508
f 3075//10509 3091//10509 3092//10509
f 3091//10510 3075//10510 3074//10510
f 3089//10511 3090//10511 3074//10511
f 3089//10512 3074//10512 3073//10512
f 2805//10513 2806//10513 3048//10513
f 3050//10514 3044//10514 3049//10514
f 3041//10515 2570//10515 3043//10515
f 3047//10516 3041//10516 3039//10516
l 2725 823
l 4884 4883
l 4206 4883
